{
"type": "FeatureCollection",
"name": "area",
"crs": { "type": "name", "properties": { "name": "urn:ogc:def:crs:OGC:1.3:CRS84" } },
"features": [
{ "type": "Feature", "properties": { }, "geometry": { "type": "LineString", "coordinates": [ [ 103.282572028244772, 16.146411294348642, 0.0 ], [ 103.282687290937304, 16.146535663669788, 0.0 ], [ 103.282745791832269, 16.146598697993195, 0.0 ], [ 103.282843523278231, 16.146703706721716, 0.0 ], [ 103.282922101443091, 16.146787780109918, 0.0 ], [ 103.28301680454743, 16.146888537384594, 0.0 ], [ 103.283100209473773, 16.146976652471007, 0.0 ], [ 103.283194377005003, 16.147075302680371, 0.0 ], [ 103.283280664693692, 16.147164813766921, 0.0 ], [ 103.28337530801214, 16.14726189671704, 0.0 ], [ 103.283464009396255, 16.147351743588381, 0.0 ], [ 103.283922347477088, 16.147797508425388, 0.0 ], [ 103.284396141931524, 16.148227913487574, 0.0 ], [ 103.284884842126388, 16.148642458459882, 0.0 ], [ 103.285387880090823, 16.149040661459036, 0.0 ], [ 103.285904671176226, 16.149422059594048, 0.0 ], [ 103.286434614735995, 16.149786209504654, 0.0 ], [ 103.286977094823655, 16.15013268787709, 0.0 ], [ 103.287531480908982, 16.150461091936478, 0.0 ], [ 103.288097128611071, 16.150771039915469, 0.0 ], [ 103.288673380447591, 16.151062171498321, 0.0 ], [ 103.289259566599341, 16.151334148240139, 0.0 ], [ 103.289855005689162, 16.151586653960631, 0.0 ], [ 103.290459005574377, 16.151819395112007, 0.0 ], [ 103.29107086415182, 16.152032101120554, 0.0 ], [ 103.29168987017438, 16.152224524701442, 0.0 ], [ 103.292315304078372, 16.152396442146543, 0.0 ], [ 103.292946438820508, 16.152547653584719, 0.0 ], [ 103.293582540723676, 16.152677983214474, 0.0 ], [ 103.294222870330401, 16.152787279508537, 0.0 ], [ 103.294192941805477, 16.152599580904972, 0.0 ], [ 103.294783730616743, 16.152683033899532, 0.0 ], [ 103.295376954119249, 16.152748394897603, 0.0 ], [ 103.295972019295419, 16.152795598545193, 0.0 ], [ 103.296568331284092, 16.152824597639221, 0.0 ], [ 103.297165293975624, 16.152835363174805, 0.0 ], [ 103.297207827467588, 16.152835434569063, 0.0 ], [ 103.297250454356913, 16.152835416083121, 0.0 ], [ 103.297293067491609, 16.152835310595041, 0.0 ], [ 103.297335666694693, 16.152835121159928, 0.0 ], [ 103.297378251811097, 16.152834850830249, 0.0 ], [ 103.297420822700829, 16.152834502655857, 0.0 ], [ 103.297463379246821, 16.152834079683839, 0.0 ], [ 103.297505921343372, 16.152833584958515, 0.0 ], [ 103.297548448902404, 16.15283302152141, 0.0 ], [ 103.297590961856059, 16.152832392411092, 0.0 ], [ 103.297633460144482, 16.152831700663306, 0.0 ], [ 103.297675943730226, 16.152830949310715, 0.0 ], [ 103.297718412577666, 16.152830141383237, 0.0 ], [ 103.297760866680306, 16.152829279907436, 0.0 ], [ 103.297803306024718, 16.152828367907265, 0.0 ], [ 103.297845730627742, 16.152827408403237, 0.0 ], [ 103.29788814050319, 16.152826404413112, 0.0 ], [ 103.297930447174124, 16.152825361134056, 0.0 ], [ 103.297972834503938, 16.152824277119297, 0.0 ], [ 103.298015207221539, 16.152823157635272, 0.0 ], [ 103.298057565382109, 16.152822005688833, 0.0 ], [ 103.29809990904819, 16.152820824283783, 0.0 ], [ 103.298142238289003, 16.152819616420857, 0.0 ], [ 103.298184553179809, 16.152818385097788, 0.0 ], [ 103.298226853801125, 16.152817133309252, 0.0 ], [ 103.298269140238133, 16.15281586404695, 0.0 ], [ 103.29831141258002, 16.152814580299577, 0.0 ], [ 103.298353670919184, 16.152813285052837, 0.0 ], [ 103.298395915350682, 16.152811981289492, 0.0 ], [ 103.298438145971474, 16.152810671989371, 0.0 ], [ 103.298480362879786, 16.152809360129396, 0.0 ], [ 103.30236523964308, 16.152688558695214, 0.0 ], [ 103.302410454254343, 16.152687153072215, 0.0 ], [ 103.302455652809883, 16.152685752490054, 0.0 ], [ 103.302500832217632, 16.152684361591366, 0.0 ], [ 103.302545992623919, 16.152682984912229, 0.0 ], [ 103.302591134170399, 16.152681626982968, 0.0 ], [ 103.302636256992741, 16.152680292328217, 0.0 ], [ 103.302681361219072, 16.152678985466977, 0.0 ], [ 103.302726446968592, 16.152677710912595, 0.0 ], [ 103.302771514350056, 16.152676473172846, 0.0 ], [ 103.302816466204661, 16.152675279333042, 0.0 ], [ 103.302861487398687, 16.152674128874349, 0.0 ], [ 103.302906490473504, 16.152673028688945, 0.0 ], [ 103.302951475480413, 16.152671983259498, 0.0 ], [ 103.302996442458522, 16.152670997063012, 0.0 ], [ 103.303041391418901, 16.152670074571159, 0.0 ], [ 103.303086322360329, 16.152669220249845, 0.0 ], [ 103.303131235256515, 16.152668438559445, 0.0 ], [ 103.303176130055547, 16.152667733954722, 0.0 ], [ 103.303221006685092, 16.152667110884643, 0.0 ], [ 103.303265865045148, 16.152666573792473, 0.0 ], [ 103.303310705006155, 16.152666127115619, 0.0 ], [ 103.303355526411693, 16.152665775285517, 0.0 ], [ 103.303400329074961, 16.152665522727556, 0.0 ], [ 103.303445112778107, 16.152665373860948, 0.0 ], [ 103.303489877265278, 16.152665333098597, 0.0 ], [ 103.303534622254404, 16.152665404846932, 0.0 ], [ 103.303579347418193, 16.152665593505716, 0.0 ], [ 103.303624052400679, 16.152665903467899, 0.0 ], [ 103.303668736800049, 16.152666339119364, 0.0 ], [ 103.303713400179745, 16.152666904838743, 0.0 ], [ 103.303758193963134, 16.152667607379556, 0.0 ], [ 103.304238530879076, 16.152683954952025, 0.0 ], [ 103.304717990897245, 16.152716413960682, 0.0 ], [ 103.305195995704651, 16.152764945265321, 0.0 ], [ 103.305671968741706, 16.152829490339521, 0.0 ], [ 103.306145335897284, 16.152909971341206, 0.0 ], [ 103.306615526200702, 16.153006291206388, 0.0 ], [ 103.307081972510147, 16.153118333766141, 0.0 ], [ 103.307544112196325, 16.153245963886608, 0.0 ], [ 103.308001387820781, 16.1533890276318, 0.0 ], [ 103.308453247807947, 16.153547352449188, 0.0 ], [ 103.308899147110139, 16.15372074737763, 0.0 ], [ 103.309338547864741, 16.153909003277544, 0.0 ], [ 103.309770920042652, 16.154111893083009, 0.0 ], [ 103.310195742087473, 16.154329172075443, 0.0 ], [ 103.31023493486984, 16.154350146942736, 0.0 ], [ 103.310273944036723, 16.154371177582973, 0.0 ], [ 103.310312904337408, 16.154392331105782, 0.0 ], [ 103.310351817648495, 16.154413603503187, 0.0 ], [ 103.310390685887754, 16.154434990781631, 0.0 ], [ 103.310429511008721, 16.154456488959397, 0.0 ], [ 103.310468295000959, 16.154478094066835, 0.0 ], [ 103.310507039889728, 16.154499802146503, 0.0 ], [ 103.310545747732164, 16.154521609251187, 0.0 ], [ 103.310584420618227, 16.154543511444651, 0.0 ], [ 103.310623060667439, 16.154565504799937, 0.0 ], [ 103.31066167003155, 16.15458758540106, 0.0 ], [ 103.310700250887066, 16.154609749338867, 0.0 ], [ 103.310738805438646, 16.154631992713142, 0.0 ], [ 103.310777335918019, 16.154654311632076, 0.0 ], [ 103.310815844580162, 16.154676702210189, 0.0 ], [ 103.31085433370265, 16.154699160568008, 0.0 ], [ 103.310892805584487, 16.154721682831511, 0.0 ], [ 103.310931262548422, 16.154744265133509, 0.0 ], [ 103.310969706932127, 16.154766903608607, 0.0 ], [ 103.311008141095584, 16.154789594397517, 0.0 ], [ 103.311046642090176, 16.154812377833551, 0.0 ], [ 103.31108505461502, 16.154835156828341, 0.0 ], [ 103.311123464102053, 16.154857976549312, 0.0 ], [ 103.31116187296773, 16.154880833146322, 0.0 ], [ 103.311200283640417, 16.154903722769347, 0.0 ], [ 103.311238698559123, 16.154926641567826, 0.0 ], [ 103.311277120172264, 16.154949585689888, 0.0 ], [ 103.311315550936428, 16.154972551281631, 0.0 ], [ 103.311353993315151, 16.1549955344864, 0.0 ], [ 103.311392449777614, 16.155018531444021, 0.0 ], [ 103.314743589655791, 16.157022545015234, 0.0 ], [ 103.314782068082792, 16.157045553555736, 0.0 ], [ 103.314820572204638, 16.157068568997893, 0.0 ], [ 103.314859110291295, 16.157091587821558, 0.0 ], [ 103.314897686259826, 16.157114603886395, 0.0 ], [ 103.314936304025835, 16.157137611034052, 0.0 ], [ 103.314974967500348, 16.157160603086204, 0.0 ], [ 103.315013772230444, 16.157183628220213, 0.0 ], [ 103.315052551987648, 16.157206579109811, 0.0 ], [ 103.315091389155626, 16.157229496182058, 0.0 ], [ 103.315130287601846, 16.157252373155792, 0.0 ], [ 103.315169251167958, 16.157275203717731, 0.0 ], [ 103.315208283675034, 16.157297981525588, 0.0 ], [ 103.315247388915822, 16.157320700203734, 0.0 ], [ 103.315286570651537, 16.157343353341478, 0.0 ], [ 103.315325832610171, 16.157365934492294, 0.0 ], [ 103.315365178483319, 16.15738843717228, 0.0 ], [ 103.315404611918467, 16.157410854856007, 0.0 ], [ 103.315444136522643, 16.157433180978884, 0.0 ], [ 103.315483755853265, 16.157455408932364, 0.0 ], [ 103.315523473415539, 16.157477532062941, 0.0 ], [ 103.315563292661324, 16.157499543671886, 0.0 ], [ 103.315603216982936, 16.157521437012441, 0.0 ], [ 103.31564324971167, 16.157543205289436, 0.0 ], [ 103.315683394110224, 16.157564841655887, 0.0 ], [ 103.315723653375429, 16.157586339215172, 0.0 ], [ 103.315764030627506, 16.157607691015858, 0.0 ], [ 103.315804528911073, 16.15762889005325, 0.0 ], [ 103.315845151188952, 16.157649929266878, 0.0 ], [ 103.315885900340035, 16.157670801540352, 0.0 ], [ 103.315926779152448, 16.157691499698924, 0.0 ], [ 103.315967575489708, 16.157711909034795, 0.0 ], [ 103.316237289393172, 16.157840595467476, 0.0 ], [ 103.316511270603144, 16.157960566994998, 0.0 ], [ 103.316789217747001, 16.158071691644487, 0.0 ], [ 103.31707082508774, 16.158173847174339, 0.0 ], [ 103.317355782860403, 16.158266921208742, 0.0 ], [ 103.317643777612858, 16.158350811361355, 0.0 ], [ 103.317934492550776, 16.158425425347964, 0.0 ], [ 103.318227607886158, 16.158490681088093, 0.0 ], [ 103.318522801189246, 16.158546506795329, 0.0 ], [ 103.318819747743333, 16.158592841056315, 0.0 ], [ 103.318865230011255, 16.158599080022277, 0.0 ], [ 103.318910952785046, 16.158605129921291, 0.0 ], [ 103.318956674411595, 16.158610965302302, 0.0 ], [ 103.319002392858721, 16.158616593573264, 0.0 ], [ 103.319048106200114, 16.158622022144979, 0.0 ], [ 103.319093812613701, 16.158627258430098, 0.0 ], [ 103.31913951037555, 16.158632309841419, 0.0 ], [ 103.319185197857564, 16.158637183790965, 0.0 ], [ 103.319230873524901, 16.158641887688869, 0.0 ], [ 103.319253704725668, 16.158644158316552, 0.0 ], [ 103.319276535927187, 16.158646428941839, 0.0 ], [ 103.319322183701473, 16.158650814952814, 0.0 ], [ 103.319367815561719, 16.158655053119414, 0.0 ], [ 103.319413430301026, 16.158659150833564, 0.0 ], [ 103.319459026782866, 16.15866311548033, 0.0 ], [ 103.319504603939762, 16.158666954437329, 0.0 ], [ 103.319550160769595, 16.158670675074031, 0.0 ], [ 103.319595696330552, 16.158674284751051, 0.0 ], [ 103.319641209738833, 16.158677790819645, 0.0 ], [ 103.319626749685824, 16.158857981849753, 0.0 ], [ 103.319654091202111, 16.158860043286296, 0.0 ], [ 103.319780377367906, 16.158869160220636, 0.0 ], [ 103.319937405521301, 16.158879773761093, 0.0 ], [ 103.320031485719227, 16.158885844116583, 0.0 ], [ 103.320218487161426, 16.158897623318598, 0.0 ], [ 103.321464463941638, 16.158975466611093, 0.0 ], [ 103.321428275057912, 16.159516537990616, 0.0 ], [ 103.323550490381848, 16.159649108629925, 0.0 ], [ 103.323828553267873, 16.1608867678938, 0.0 ], [ 103.323851205515595, 16.161402010333308, 0.0 ], [ 103.324134976699028, 16.1614704096027, 0.0 ], [ 103.324107787760084, 16.160851996591834, 0.0 ], [ 103.32384162063525, 16.15966729331328, 0.0 ], [ 103.330759111153583, 16.16009925872109, 0.0 ], [ 103.330795275067885, 16.159558183403139, 0.0 ], [ 103.33121194858235, 16.159584195443923, 0.0 ], [ 103.332719392230601, 16.159678295114716, 0.0 ], [ 103.334226838372913, 16.159772384242018, 0.0 ], [ 103.334413855452794, 16.15978396087753, 0.0 ], [ 103.334507962746528, 16.15978964201522, 0.0 ], [ 103.334665100281214, 16.159798646756798, 0.0 ], [ 103.334791551838322, 16.159805312190691, 0.0 ], [ 103.334943735942815, 16.159812402541615, 0.0 ], [ 103.33507768118119, 16.159817619039853, 0.0 ], [ 103.33522847968446, 16.159822109329546, 0.0 ], [ 103.335366359036328, 16.159824741060842, 0.0 ], [ 103.33551692172226, 16.159825776365491, 0.0 ], [ 103.335657489240575, 16.159824812269644, 0.0 ], [ 103.335973563767354, 16.159815172033735, 0.0 ], [ 103.336289113140865, 16.159795102886118, 0.0 ], [ 103.336603769052047, 16.159764628246808, 0.0 ], [ 103.336917164234777, 16.159723783681077, 0.0 ], [ 103.337228932894703, 16.159672616857979, 0.0 ], [ 103.337538711136418, 16.159611187494718, 0.0 ], [ 103.337846137388325, 16.159539567286895, 0.0 ], [ 103.338150852824839, 16.159457839824878, 0.0 ], [ 103.338452501785412, 16.15936610049615, 0.0 ], [ 103.338750732189709, 16.159264456374014, 0.0 ], [ 103.339045195948842, 16.159153026092536, 0.0 ], [ 103.339335549371683, 16.159031939708058, 0.0 ], [ 103.33962145356621, 16.158901338547377, 0.0 ], [ 103.339902574835179, 16.158761375042729, 0.0 ], [ 103.340178585065701, 16.158612212553802, 0.0 ], [ 103.340299562778384, 16.158543027730133, 0.0 ], [ 103.340428040000333, 16.158467151254438, 0.0 ], [ 103.340544796577461, 16.158396223720718, 0.0 ], [ 103.340671633559893, 16.158317268913549, 0.0 ], [ 103.340783640377708, 16.158246085688219, 0.0 ], [ 103.340910278331933, 16.158164212543895, 0.0 ], [ 103.341015090571659, 16.158095519895788, 0.0 ], [ 103.341144952671996, 16.158009539030228, 0.0 ], [ 103.341222571361939, 16.157957799288972, 0.0 ], [ 103.341376668175641, 16.15785473252706, 0.0 ], [ 103.343443641607607, 16.156470671495377, 0.0 ], [ 103.343597525853696, 16.156367554391622, 0.0 ], [ 103.343674721679321, 16.156315715197941, 0.0 ], [ 103.343803338528076, 16.156228976047252, 0.0 ], [ 103.343906383363574, 16.156159037353905, 0.0 ], [ 103.344029892122606, 16.156074494263915, 0.0 ], [ 103.344137958312714, 16.155999734687139, 0.0 ], [ 103.344258939745671, 16.155914974688173, 0.0 ], [ 103.344368745442779, 16.155836905274864, 0.0 ], [ 103.344487808000451, 16.15575082711592, 0.0 ], [ 103.344597999672075, 16.155669657181168, 0.0 ], [ 103.344990899221003, 16.155366727476903, 0.0 ], [ 103.345372619475214, 16.155050729065234, 0.0 ], [ 103.34547582525056, 16.15496139254849, 0.0 ], [ 103.345585686797619, 16.154864558324714, 0.0 ], [ 103.345685669095474, 16.154775005282417, 0.0 ], [ 103.345794551809405, 16.15467610181123, 0.0 ], [ 103.345890843425565, 16.15458757771507, 0.0 ], [ 103.345999980828893, 16.154486234497131, 0.0 ], [ 103.346090429138869, 16.154401570490972, 0.0 ], [ 103.346202758593861, 16.154295791466776, 0.0 ], [ 103.346269953468294, 16.15423226125057, 0.0 ], [ 103.34640367737066, 16.154105576983135, 0.0 ], [ 103.347340720589372, 16.153217263095229, 0.0 ], [ 103.347429671531216, 16.153132955965521, 0.0 ], [ 103.347474072472849, 16.153090901047097, 0.0 ], [ 103.347548082727371, 16.153020894650403, 0.0 ], [ 103.347607241789206, 16.152965047792591, 0.0 ], [ 103.347678265470194, 16.152898179135509, 0.0 ], [ 103.34774040015661, 16.152839874139403, 0.0 ], [ 103.347810217442031, 16.152774621660107, 0.0 ], [ 103.347873716384868, 16.152715550842014, 0.0 ], [ 103.347942975480677, 16.152651464486318, 0.0 ], [ 103.348007355772879, 16.15259224923825, 0.0 ], [ 103.348703377422993, 16.151975515033094, 0.0 ], [ 103.349420757893398, 16.151382085167857, 0.0 ], [ 103.350158662219911, 16.150812650230044, 0.0 ], [ 103.350916231576448, 16.15026787288107, 0.0 ], [ 103.350988508779096, 16.150217890092346, 0.0 ], [ 103.351066653136328, 16.150164191702729, 0.0 ], [ 103.35113861785446, 16.150115018426042, 0.0 ], [ 103.351218052122192, 16.150061009402304, 0.0 ], [ 103.35128898211714, 16.150012987234078, 0.0 ], [ 103.351370285490944, 16.149958136858203, 0.0 ], [ 103.351438158116466, 16.149912477291956, 0.0 ], [ 103.351523211452559, 16.149855381725846, 0.0 ], [ 103.35157429436839, 16.149821138944485, 0.0 ], [ 103.351676688689565, 16.149752548986008, 0.0 ], [ 103.361188876016442, 16.143381774301595, 0.0 ], [ 103.361260574550585, 16.143333755757531, 0.0 ], [ 103.361296384226492, 16.143309780153594, 0.0 ], [ 103.361356059459638, 16.143269849742563, 0.0 ], [ 103.361403761831241, 16.143237959329159, 0.0 ], [ 103.361460998101919, 16.143199740983011, 0.0 ], [ 103.361511050155812, 16.143166369726604, 0.0 ], [ 103.361567234209545, 16.143128977329276, 0.0 ], [ 103.361618290124241, 16.1430950690985, 0.0 ], [ 103.361673897640827, 16.143058226492535, 0.0 ], [ 103.361725522159119, 16.143024115117456, 0.0 ], [ 103.362854103605869, 16.142302537488877, 0.0 ], [ 103.364003978361424, 16.141613086013169, 0.0 ], [ 103.365174167812924, 16.140956347404156, 0.0 ], [ 103.365230691336563, 16.141286396204357, 0.0 ], [ 103.365263093611176, 16.141490181807399, 0.0 ], [ 103.365490143335265, 16.143036952813752, 0.0 ], [ 103.365721567672864, 16.143005216882461, 0.0 ], [ 103.365494516137929, 16.141458445956165, 0.0 ], [ 103.365461293308698, 16.141249501237507, 0.0 ], [ 103.365391394031548, 16.140841352220239, 0.0 ], [ 103.366763632551496, 16.140134938640912, 0.0 ], [ 103.368159590457992, 16.139473373064067, 0.0 ], [ 103.36957769950557, 16.13885739871418, 0.0 ], [ 103.37101636660671, 16.138287707600661, 0.0 ], [ 103.372473975618547, 16.137764939741565, 0.0 ], [ 103.373948889155386, 16.137289682445644, 0.0 ], [ 103.375439450424736, 16.136862469653437, 0.0 ], [ 103.37694398508502, 16.136483781338217, 0.0 ], [ 103.378460803122834, 16.136154042967483, 0.0 ], [ 103.379988200747704, 16.135873625025464, 0.0 ], [ 103.381524462302153, 16.135642842597406, 0.0 ], [ 103.381534990656078, 16.135641436363347, 0.0 ], [ 103.381555783020787, 16.13563866592833, 0.0 ], [ 103.381576541493615, 16.135635908657491, 0.0 ], [ 103.381597306525308, 16.135633158852432, 0.0 ], [ 103.381618078071753, 16.135630416225421, 0.0 ], [ 103.381638856089083, 16.135627680488497, 0.0 ], [ 103.381659640533812, 16.135624951353396, 0.0 ], [ 103.381680431362653, 16.135622228531592, 0.0 ], [ 103.38170122853262, 16.135619511734291, 0.0 ], [ 103.381722032001008, 16.135616800672448, 0.0 ], [ 103.381742841725469, 16.135614095056702, 0.0 ], [ 103.381763657663697, 16.135611394597493, 0.0 ], [ 103.381784479773913, 16.135608699004919, 0.0 ], [ 103.381805308014151, 16.135606007988912, 0.0 ], [ 103.381826142343087, 16.135603321259048, 0.0 ], [ 103.381846982719253, 16.135600638524714, 0.0 ], [ 103.381867829101523, 16.135597959495016, 0.0 ], [ 103.381888681448885, 16.135595283878818, 0.0 ], [ 103.381909539720525, 16.135592611384716, 0.0 ], [ 103.381930403875742, 16.135589941721062, 0.0 ], [ 103.381951273873966, 16.135587274595959, 0.0 ], [ 103.381972149674667, 16.135584609717259, 0.0 ], [ 103.381993031237613, 16.135581946792591, 0.0 ], [ 103.38201391852246, 16.13557928552931, 0.0 ], [ 103.382034811488978, 16.135576625634553, 0.0 ], [ 103.382055710097148, 16.135573966815194, 0.0 ], [ 103.382076614306783, 16.135571308777884, 0.0 ], [ 103.382097524077878, 16.13556865122905, 0.0 ], [ 103.382118439370373, 16.135565993874856, 0.0 ], [ 103.382139360144279, 16.135563336421253, 0.0 ], [ 103.38216028635955, 16.135560678573945, 0.0 ], [ 103.39288335779095, 16.134198479309401, 0.0 ], [ 103.392743538041245, 16.134641966538382, 0.0 ], [ 103.392700468826163, 16.134771399901005, 0.0 ], [ 103.392653300435001, 16.13489949129189, 0.0 ], [ 103.392602077512251, 16.135026119453123, 0.0 ], [ 103.392029404683086, 16.136380019424987, 0.0 ], [ 103.392219795536278, 16.136455258213712, 0.0 ], [ 103.392792467386499, 16.135101357641815, 0.0 ], [ 103.392845994718527, 16.134969032451092, 0.0 ], [ 103.392895285099939, 16.134835178203044, 0.0 ], [ 103.392940291878105, 16.134699921611151, 0.0 ], [ 103.39310735588235, 16.134170017814675, 0.0 ], [ 103.405863001989957, 16.132548861739792, 0.0 ], [ 103.405887168166629, 16.13272647197812, 0.0 ], [ 103.408621221431574, 16.132378888543833, 0.0 ], [ 103.408249633227271, 16.133128579926499, 0.0 ], [ 103.408227776425065, 16.133174725136854, 0.0 ], [ 103.408207597903825, 16.133221579088641, 0.0 ], [ 103.4081891222161, 16.133269084774131, 0.0 ], [ 103.408172371842653, 16.133317184392624, 0.0 ], [ 103.408157367165046, 16.133365819420735, 0.0 ], [ 103.408144126440945, 16.133414930683568, 0.0 ], [ 103.408132665781807, 16.133464458426786, 0.0 ], [ 103.408122999133255, 16.133514342389251, 0.0 ], [ 103.408115138258182, 16.133564521876369, 0.0 ], [ 103.408109092722412, 16.13361493583394, 0.0 ], [ 103.408104869883005, 16.133665522922438, 0.0 ], [ 103.408102474879342, 16.133716221591619, 0.0 ], [ 103.408101910626854, 16.133766970155467, 0.0 ], [ 103.408103177813501, 16.13381770686718, 0.0 ], [ 103.408108767970077, 16.133947589027777, 0.0 ], [ 103.408112213599509, 16.134006029823617, 0.0 ], [ 103.40811751341819, 16.13406434085492, 0.0 ], [ 103.408124662433394, 16.134122467171146, 0.0 ], [ 103.408133653909701, 16.134180353995795, 0.0 ], [ 103.408144479375466, 16.13423794677799, 0.0 ], [ 103.408157128630663, 16.134295191243911, 0.0 ], [ 103.408357596420984, 16.134250684242161, 0.0 ], [ 103.408346265993998, 16.13419940839961, 0.0 ], [ 103.408336569197331, 16.134147820556542, 0.0 ], [ 103.408328515167682, 16.134095969327898, 0.0 ], [ 103.408322111493618, 16.13404390357675, 0.0 ], [ 103.408317364208472, 16.133991672368314, 0.0 ], [ 103.408314277784612, 16.133939324923684, 0.0 ], [ 103.408308687493218, 16.133809442756384, 0.0 ], [ 103.408307593417121, 16.13376563900847, 0.0 ], [ 103.408308080521621, 16.133721825026477, 0.0 ], [ 103.408310148213033, 16.133678054119752, 0.0 ], [ 103.4083137939745, 16.133634379545217, 0.0 ], [ 103.408319013369123, 16.133590854442552, 0.0 ], [ 103.408325800045375, 16.133547531769526, 0.0 ], [ 103.40833414574476, 16.133504464237582, 0.0 ], [ 103.408344040311974, 16.133461704247701, 0.0 ], [ 103.408355471707139, 16.133419303826635, 0.0 ], [ 103.408368426020559, 16.133377314563607, 0.0 ], [ 103.408382887489608, 16.133335787547569, 0.0 ], [ 103.408398838517925, 16.133294773305003, 0.0 ], [ 103.408416259696807, 16.133254321738473, 0.0 ], [ 103.408435129828845, 16.133214482065902, 0.0 ], [ 103.408960212481674, 16.132155106681179, 0.0 ], [ 103.450462488869832, 16.126874286559605, 0.0 ], [ 103.451075477585334, 16.129671155999294, 0.0 ], [ 103.451322430631834, 16.129620584773491, 0.0 ], [ 103.450713515876089, 16.12684231971944, 0.0 ], [ 103.455918472429659, 16.126179428827591, 0.0 ], [ 103.456406301628363, 16.126117293242675, 0.0 ], [ 103.456505116970021, 16.126104714236146, 0.0 ], [ 103.456554441376511, 16.12609844640091, 0.0 ], [ 103.456636615974531, 16.126088041080706, 0.0 ], [ 103.456702259823402, 16.126079773188525, 0.0 ], [ 103.456780985271337, 16.126069928379561, 0.0 ], [ 103.456849774192079, 16.126061403385421, 0.0 ], [ 103.456926942053414, 16.126051943925379, 0.0 ], [ 103.456997000847608, 16.126043465963697, 0.0 ], [ 103.457073246601738, 16.126034376126768, 0.0 ], [ 103.457143954936214, 16.1260260891281, 0.0 ], [ 103.457992219418244, 16.125938509826998, 0.0 ], [ 103.458842577790563, 16.1258725794412, 0.0 ], [ 103.458913649878937, 16.125868053315635, 0.0 ], [ 103.458990317375537, 16.125863323921457, 0.0 ], [ 103.459060787798578, 16.125859101834813, 0.0 ], [ 103.459138432304329, 16.125854570435795, 0.0 ], [ 103.45920766388133, 16.125850622102941, 0.0 ], [ 103.459286912875413, 16.125846190287472, 0.0 ], [ 103.459353004581587, 16.125842552842521, 0.0 ], [ 103.459435750438118, 16.125838053807239, 0.0 ], [ 103.459485421985192, 16.125835375081866, 0.0 ], [ 103.459584937028595, 16.125830030378289, 0.0 ], [ 103.461664930799031, 16.125718462037572, 0.0 ], [ 103.461764446664617, 16.125713130964815, 0.0 ], [ 103.461814119876976, 16.12571048095792, 0.0 ], [ 103.461896872707044, 16.125706102844642, 0.0 ], [ 103.461962975016547, 16.125702649563191, 0.0 ], [ 103.462042244764646, 16.125698578626029, 0.0 ], [ 103.462111503253766, 16.12569509852019, 0.0 ], [ 103.462189189764729, 16.125691298152592, 0.0 ], [ 103.462259710833052, 16.125687957627495, 0.0 ], [ 103.462336449000048, 16.125684458529147, 0.0 ], [ 103.46240760284293, 16.125681355829681, 0.0 ], [ 103.463453178133193, 16.125653202744971, 0.0 ], [ 103.464499148893694, 16.125657735212656, 0.0 ], [ 103.465544422036743, 16.125694948540591, 0.0 ], [ 103.465615544346434, 16.125698667767118, 0.0 ], [ 103.465692247091994, 16.125702831773577, 0.0 ], [ 103.465762734455069, 16.125706783333577, 0.0 ], [ 103.465840382724153, 16.125711256817446, 0.0 ], [ 103.465909606271168, 16.125715337011748, 0.0 ], [ 103.465988835217772, 16.125720094776909, 0.0 ], [ 103.466054902963549, 16.125724120796036, 0.0 ], [ 103.466137612021029, 16.125729215912617, 0.0 ], [ 103.466187258759064, 16.125732296307508, 0.0 ], [ 103.466286721381749, 16.125738489623878, 0.0 ], [ 103.469780835414809, 16.125956289224185, 0.0 ], [ 103.469768540777622, 16.126135537149089, 0.0 ], [ 103.472334853626904, 16.126299992930782, 0.0 ], [ 103.472360477453435, 16.12630163481386, 0.0 ], [ 103.470566217101037, 16.127150102764009, 0.0 ], [ 103.470812724914225, 16.127637181610048, 0.0 ], [ 103.473833264769141, 16.126208818564965, 0.0 ], [ 103.486763216316817, 16.127014039358077, 0.0 ], [ 103.486887701599244, 16.127021774511018, 0.0 ], [ 103.486950069977993, 16.127025629694884, 0.0 ], [ 103.487054076985842, 16.127031991356567, 0.0 ], [ 103.4871374371277, 16.127037009206116, 0.0 ], [ 103.487237560467364, 16.127042906538577, 0.0 ], [ 103.487325332724524, 16.12704793442996, 0.0 ], [ 103.487423948745771, 16.127053392149481, 0.0 ], [ 103.48751376983455, 16.12705815986558, 0.0 ], [ 103.487611673824475, 16.127063103492272, 0.0 ], [ 103.487702758601387, 16.127067437930933, 0.0 ], [ 103.488667954399901, 16.127096036993819, 0.0 ], [ 103.489633598639585, 16.127092921708861, 0.0 ], [ 103.490598576212051, 16.127058095634268, 0.0 ], [ 103.491561772777004, 16.126991598947125, 0.0 ], [ 103.492522076050591, 16.12689350839716, 0.0 ], [ 103.493478377091535, 16.126763937218175, 0.0 ], [ 103.494429571583268, 16.126603034997295, 0.0 ], [ 103.495374561110751, 16.126410987502201, 0.0 ], [ 103.496312254430521, 16.1261880164665, 0.0 ], [ 103.497241568732221, 16.125934379333575, 0.0 ], [ 103.498161430890605, 16.125650368959086, 0.0 ], [ 103.499070778706027, 16.125336313272516, 0.0 ], [ 103.499968562132537, 16.124992574898243, 0.0 ], [ 103.500052710613673, 16.12495859818965, 0.0 ], [ 103.500143058988769, 16.124921809990187, 0.0 ], [ 103.500225866656535, 16.124887840570288, 0.0 ], [ 103.500316704120223, 16.124850335088595, 0.0 ], [ 103.500397493310246, 16.124816793507421, 0.0 ], [ 103.500489594048943, 16.124778379733158, 0.0 ], [ 103.500566236870569, 16.124746295931768, 0.0 ], [ 103.500661827314417, 16.124706170546869, 0.0 ], [ 103.500719134466109, 16.124682071156759, 0.0 ], [ 103.500833503519289, 16.124633931613971, 0.0 ], [ 103.50398070447288, 16.123308793976054, 0.0 ], [ 103.510833776545184, 16.120423059672856, 0.0 ], [ 103.511213191907672, 16.121658440517049, 0.0 ], [ 103.511256262949516, 16.121808251300493, 0.0 ], [ 103.511293877877833, 16.121959428779917, 0.0 ], [ 103.511325990495479, 16.122111787336216, 0.0 ], [ 103.511352561360837, 16.122265139899678, 0.0 ], [ 103.511427406856725, 16.122768425348962, 0.0 ], [ 103.511593982465357, 16.122745278178346, 0.0 ], [ 103.511519069498419, 16.122241541896752, 0.0 ], [ 103.511491519124291, 16.122082450776794, 0.0 ], [ 103.51145821549369, 16.121924391170875, 0.0 ], [ 103.511419199570355, 16.121767557427784, 0.0 ], [ 103.511374519341516, 16.121612142388507, 0.0 ], [ 103.510989218477604, 16.120357601568681, 0.0 ], [ 103.542507716592354, 16.107081516644875, 0.0 ], [ 103.542597298260347, 16.107663295224118, 0.0 ], [ 103.542626996582626, 16.107880575212018, 0.0 ], [ 103.542649309295427, 16.108098679734184, 0.0 ], [ 103.542664212379094, 16.108317374239526, 0.0 ], [ 103.542671689782139, 16.108536423541704, 0.0 ], [ 103.542671733438723, 16.108755592072047, 0.0 ], [ 103.542658055575984, 16.109571468312897, 0.0 ], [ 103.542854355336885, 16.109574543695203, 0.0 ], [ 103.542868032399269, 16.108758667375984, 0.0 ], [ 103.542867987281156, 16.108533274974636, 0.0 ], [ 103.542860297315556, 16.108308005194196, 0.0 ], [ 103.542844970798271, 16.108083100292944, 0.0 ], [ 103.542822024237566, 16.107858802135961, 0.0 ], [ 103.54279148233617, 16.107635351934999, 0.0 ], [ 103.54269411049691, 16.107002984850475, 0.0 ], [ 103.55382803538177, 16.102311599539608, 0.0 ], [ 103.553919397175534, 16.102273107957764, 0.0 ], [ 103.553965004250188, 16.102253905238605, 0.0 ], [ 103.554040996309666, 16.102221948930229, 0.0 ], [ 103.554101713977019, 16.102196463659254, 0.0 ], [ 103.554174551760724, 16.102165967616269, 0.0 ], [ 103.554238218220334, 16.102139394928969, 0.0 ], [ 103.554309669380729, 16.102109685404809, 0.0 ], [ 103.554374569581697, 16.102082818628489, 0.0 ], [ 103.554445240295834, 16.102053710718813, 0.0 ], [ 103.554510819272181, 16.102026853926578, 0.0 ], [ 103.555522882335012, 16.101632916483943, 0.0 ], [ 103.556548108754669, 16.101272194680703, 0.0 ], [ 103.557585332616497, 16.100945098766363, 0.0 ], [ 103.557667799095682, 16.101204242490184, 0.0 ], [ 103.55865535139398, 16.100927201720413, 0.0 ], [ 103.559651582420543, 16.100680911072939, 0.0 ], [ 103.560655468108081, 16.100465623754967, 0.0 ], [ 103.561665976529198, 16.100281561104563, 0.0 ], [ 103.561618474303827, 16.100014348078158, 0.0 ], [ 103.562349688592192, 16.099901173603957, 0.0 ], [ 103.563083390675729, 16.099804209158261, 0.0 ], [ 103.563154069547906, 16.099795737864468, 0.0 ], [ 103.563230321978267, 16.099786752457934, 0.0 ], [ 103.563300418324204, 16.0997786181733, 0.0 ], [ 103.563377657839894, 16.099769776109799, 0.0 ], [ 103.563446533786617, 16.099761984032828, 0.0 ], [ 103.563525380917156, 16.09975315216381, 0.0 ], [ 103.563591140964363, 16.099745845088339, 0.0 ], [ 103.563673474857765, 16.09973675164057, 0.0 ], [ 103.56372290041466, 16.099731314897952, 0.0 ], [ 103.563821923939912, 16.099720444576306, 0.0 ], [ 103.587384742002243, 16.097134239252984, 0.0 ], [ 103.587349175600366, 16.097183169748234, 0.0 ], [ 103.587311854677552, 16.097230863241403, 0.0 ], [ 103.587272825223394, 16.097277260959611, 0.0 ], [ 103.587232135333068, 16.097322305726738, 0.0 ], [ 103.587189835147967, 16.097365942033868, 0.0 ], [ 103.587020946113711, 16.097534148383446, 0.0 ], [ 103.586956527150065, 16.097596179615593, 0.0 ], [ 103.586889981989756, 16.097656076359357, 0.0 ], [ 103.586821386261207, 16.097713770540867, 0.0 ], [ 103.58675081792363, 16.097769196589468, 0.0 ], [ 103.586678357178258, 16.097822291512276, 0.0 ], [ 103.586604086377378, 16.097872994965737, 0.0 ], [ 103.586528089930553, 16.097921249324258, 0.0 ], [ 103.58645045420883, 16.097966999745648, 0.0 ], [ 103.586076555194722, 16.098179063237708, 0.0 ], [ 103.586185355489292, 16.098358355430705, 0.0 ], [ 103.586559254756168, 16.098146291769218, 0.0 ], [ 103.586643079861858, 16.09809689396117, 0.0 ], [ 103.586725134999242, 16.098044792593459, 0.0 ], [ 103.586805326911303, 16.097990046880621, 0.0 ], [ 103.586883564458958, 16.097932719042522, 0.0 ], [ 103.58695975872439, 16.097872874233655, 0.0 ], [ 103.587033823112364, 16.097810580469105, 0.0 ], [ 103.587105673448491, 16.097745908547196, 0.0 ], [ 103.58717522807494, 16.097678931969043, 0.0 ], [ 103.587344117122498, 16.097510725499095, 0.0 ], [ 103.587389000373193, 16.097464514497531, 0.0 ], [ 103.587432273985172, 16.097416890109564, 0.0 ], [ 103.587473890367946, 16.097367904711618, 0.0 ], [ 103.587513803753694, 16.097317612176891, 0.0 ], [ 103.587551970247617, 16.097266067816118, 0.0 ], [ 103.587588347876235, 16.09721332831672, 0.0 ], [ 103.587622896633491, 16.097159451680486, 0.0 ], [ 103.587655578524803, 16.097104497159766, 0.0 ], [ 103.606535497746492, 16.095030309977208, 0.0 ], [ 103.606527733554259, 16.095226106504349, 0.0 ], [ 103.606526134638244, 16.095422040761473, 0.0 ], [ 103.606530702496968, 16.095617931341351, 0.0 ], [ 103.6065414329194, 16.095813596876692, 0.0 ], [ 103.606558315988792, 16.096008856208027, 0.0 ], [ 103.606581336091864, 16.096203528551445, 0.0 ], [ 103.606698231066773, 16.097074428689517, 0.0 ], [ 103.606930038801124, 16.097045640881777, 0.0 ], [ 103.606813104140969, 16.096174452690889, 0.0 ], [ 103.60679024913324, 16.095980300595325, 0.0 ], [ 103.606773720272287, 16.095785549718368, 0.0 ], [ 103.606763533886536, 16.095590392669138, 0.0 ], [ 103.60675970003166, 16.095395022457865, 0.0 ], [ 103.60676222248064, 16.095199632305036, 0.0 ], [ 103.606771098720174, 16.095004415450312, 0.0 ], [ 103.611568072947335, 16.094477129172873, 0.0 ], [ 103.611667094848144, 16.094466250839687, 0.0 ], [ 103.611716522148924, 16.094460831908037, 0.0 ], [ 103.611798867497342, 16.094451840859548, 0.0 ], [ 103.61186464693624, 16.094444702731277, 0.0 ], [ 103.611943533691118, 16.094436212821151, 0.0 ], [ 103.612012462138821, 16.094428871706956, 0.0 ], [ 103.612089784609694, 16.09442074032188, 0.0 ], [ 103.612159981744369, 16.09441346807683, 0.0 ], [ 103.612236375537847, 16.094405690422253, 0.0 ], [ 103.612307218535619, 16.094398620294481, 0.0 ], [ 103.613339249793313, 16.094312814965747, 0.0 ], [ 103.614373593527475, 16.094258996820081, 0.0 ], [ 103.615409189458219, 16.094237221064631, 0.0 ], [ 103.616444976021214, 16.094247510060416, 0.0 ], [ 103.617479891454479, 16.094289853299344, 0.0 ], [ 103.618512874885113, 16.09436420741476, 0.0 ], [ 103.619542867415348, 16.094470496225693, 0.0 ], [ 103.620568813206532, 16.094608610814685, 0.0 ], [ 103.621589660559934, 16.094778409639147, 0.0 ], [ 103.621033304912061, 16.097181667393091, 0.0 ], [ 103.621297867701188, 16.09723891172834, 0.0 ], [ 103.621855973437562, 16.094828080581522, 0.0 ], [ 103.622901922640537, 16.095044993121348, 0.0 ], [ 103.623939883481157, 16.095295220388291, 0.0 ], [ 103.624968721129065, 16.095578488850254, 0.0 ], [ 103.62598731071202, 16.095894488849027, 0.0 ], [ 103.626994538544409, 16.096242874938223, 0.0 ], [ 103.627989303343327, 16.09662326626033, 0.0 ], [ 103.628970517431611, 16.097035246962434, 0.0 ], [ 103.629937107925741, 16.097478366650108, 0.0 ], [ 103.630888017907964, 16.097952140879141, 0.0 ], [ 103.631822207580839, 16.098456051684362, 0.0 ], [ 103.632738655403386, 16.098989548145223, 0.0 ], [ 103.633094297047705, 16.099207528431393, 0.0 ], [ 103.633154157961201, 16.099244835973163, 0.0 ], [ 103.633218637296139, 16.099285203622049, 0.0 ], [ 103.633277827668735, 16.099322408748662, 0.0 ], [ 103.633342969506572, 16.099363498244731, 0.0 ], [ 103.633400996350417, 16.099400209572167, 0.0 ], [ 103.633467365223467, 16.099442303353328, 0.0 ], [ 103.633522679123857, 16.099477455578963, 0.0 ], [ 103.633576670902542, 16.099511813830862, 0.0 ], [ 103.633267894267874, 16.099964495054266, 0.0 ], [ 103.637539729433698, 16.102687758674961, 0.0 ], [ 103.636367625789106, 16.105927305245299, 0.0 ], [ 103.636897111408857, 16.106106345333014, 0.0 ], [ 103.638022612291977, 16.10299558327273, 0.0 ], [ 103.641072663237139, 16.104939861752051, 0.0 ], [ 103.64076387551205, 16.105392580330545, 0.0 ], [ 103.64700798693498, 16.10937269766994, 0.0 ], [ 103.647625547880295, 16.108467240981696, 0.0 ], [ 103.649602012636905, 16.109727005877417, 0.0 ], [ 103.649685321865448, 16.109780096230047, 0.0 ], [ 103.64972705415444, 16.109806677657531, 0.0 ], [ 103.649796660666297, 16.109850969467598, 0.0 ], [ 103.649852456735559, 16.109886420440649, 0.0 ], [ 103.649919499900193, 16.109928932608653, 0.0 ], [ 103.649978296042576, 16.109966122459102, 0.0 ], [ 103.650044399595444, 16.110007809327303, 0.0 ], [ 103.65010464761923, 16.110045670786981, 0.0 ], [ 103.650170377815655, 16.11008681225946, 0.0 ], [ 103.650231586564033, 16.110124951138609, 0.0 ], [ 103.651229740210397, 16.110721523960741, 0.0 ], [ 103.652249150592738, 16.111283509012932, 0.0 ], [ 103.653288535754854, 16.111810199427513, 0.0 ], [ 103.65434658858284, 16.112300932720373, 0.0 ], [ 103.655421978450221, 16.112755091625296, 0.0 ], [ 103.656513352892972, 16.113172104871609, 0.0 ], [ 103.656972296675775, 16.115948248286283, 0.0 ], [ 103.657203106793418, 16.1159125915079, 0.0 ], [ 103.656764942320692, 16.113262161868938, 0.0 ], [ 103.657835546247199, 16.113620658722084, 0.0 ], [ 103.658918220331685, 16.113943516189416, 0.0 ], [ 103.660011695280545, 16.114230355700812, 0.0 ], [ 103.661114689116204, 16.114480840911693, 0.0 ], [ 103.662225908681933, 16.114694678098097, 0.0 ], [ 103.662297577760214, 16.114707164345123, 0.0 ], [ 103.66237467178226, 16.114720437471306, 0.0 ], [ 103.662445442683861, 16.114732492908079, 0.0 ], [ 103.662523194645274, 16.114745613544052, 0.0 ], [ 103.662592430060357, 16.114757202426219, 0.0 ], [ 103.662671451516985, 16.114770339402707, 0.0 ], [ 103.662737266258944, 16.114781220916793, 0.0 ], [ 103.662819417928219, 16.114794747433194, 0.0 ], [ 103.662868690296406, 16.114802837855127, 0.0 ], [ 103.662967070315375, 16.114818969253204, 0.0 ], [ 103.680436016255001, 16.117681282458246, 0.0 ], [ 103.680534287370236, 16.117697387550123, 0.0 ], [ 103.680583336754481, 16.117705437105453, 0.0 ], [ 103.680665041929672, 16.117718882966521, 0.0 ], [ 103.680730297319002, 16.117729666249158, 0.0 ], [ 103.680808535358878, 16.117742666032854, 0.0 ], [ 103.680876874873292, 16.117754098829469, 0.0 ], [ 103.680953506933534, 16.117767023552798, 0.0 ], [ 103.681023045769166, 16.117778862770351, 0.0 ], [ 103.681098683973829, 16.117791878290415, 0.0 ], [ 103.681168785427019, 16.117804084915424, 0.0 ], [ 103.68222827382327, 16.118007412847703, 0.0 ], [ 103.683280152212987, 16.118244814683624, 0.0 ], [ 103.684323248361181, 16.118516025903997, 0.0 ], [ 103.68535639980368, 16.118820744310497, 0.0 ], [ 103.686378455141067, 16.11915863036181, 0.0 ], [ 103.687388275320387, 16.119529307551389, 0.0 ], [ 103.68838473490311, 16.119932362826319, 0.0 ], [ 103.689366723318244, 16.120367347046898, 0.0 ], [ 103.69033314609878, 16.120833775486407, 0.0 ], [ 103.691282926100399, 16.121331128370493, 0.0 ], [ 103.692215004701012, 16.12185885145561, 0.0 ], [ 103.693128342979804, 16.122416356645818, 0.0 ], [ 103.694021922874398, 16.123003022647339, 0.0 ], [ 103.694894748315036, 16.123618195660036, 0.0 ], [ 103.695745846334262, 16.124261190105209, 0.0 ], [ 103.695801182823516, 16.124304548103542, 0.0 ], [ 103.695860768294963, 16.12435143195049, 0.0 ], [ 103.695915449565618, 16.124394617907598, 0.0 ], [ 103.695975612842815, 16.124442288753439, 0.0 ], [ 103.696029192598942, 16.124484861951107, 0.0 ], [ 103.696090463321454, 16.124533659699647, 0.0 ], [ 103.696141520425357, 16.124574398812872, 0.0 ], [ 103.696205404529408, 16.124625443951274, 0.0 ], [ 103.696243738082416, 16.12465610200708, 0.0 ], [ 103.696320522432288, 16.124717540423809, 0.0 ], [ 103.724774397012425, 16.147483888714653, 0.0 ], [ 103.723874681702696, 16.150231777641054, 0.0 ], [ 103.724052994015409, 16.150286316356283, 0.0 ], [ 103.724929848116346, 16.147608243576265, 0.0 ], [ 103.729984963088839, 16.151651998848649, 0.0 ], [ 103.730061758867791, 16.151713437777627, 0.0 ], [ 103.730100083661355, 16.151744113009919, 0.0 ], [ 103.73016390489812, 16.151795243160233, 0.0 ], [ 103.730214853931571, 16.151836117759814, 0.0 ], [ 103.730275902547504, 16.151885186043998, 0.0 ], [ 103.730329187214011, 16.151928113618592, 0.0 ], [ 103.730388883503664, 16.151976340792306, 0.0 ], [ 103.730442996855132, 16.152020199951728, 0.0 ], [ 103.730501785274257, 16.152068025477469, 0.0 ], [ 103.730556195952218, 16.152112474738118, 0.0 ], [ 103.731361598107213, 16.152794283403182, 0.0 ], [ 103.732143225109411, 16.153501470480563, 0.0 ], [ 103.732900221121625, 16.154233261908008, 0.0 ], [ 103.733631757239522, 16.154988856680987, 0.0 ], [ 103.734337032399324, 16.155767427728637, 0.0 ], [ 103.735015274255375, 16.156568122818207, 0.0 ], [ 103.73566574002615, 16.157390065487114, 0.0 ], [ 103.736287717308358, 16.158232356001484, 0.0 ], [ 103.736880524857639, 16.159094072340288, 0.0 ], [ 103.737443513335506, 16.159974271203851, 0.0 ], [ 103.737539513152825, 16.159864334931559, 0.0 ], [ 103.738056604633471, 16.16072381092965, 0.0 ], [ 103.737930095227881, 16.160791715616707, 0.0 ], [ 103.738427565949351, 16.161691669798223, 0.0 ], [ 103.738894397849322, 16.162606828638157, 0.0 ], [ 103.738924786654863, 16.162669107787469, 0.0 ], [ 103.738957420525352, 16.162736346147081, 0.0 ], [ 103.738987296179744, 16.162798195384767, 0.0 ], [ 103.739020097206634, 16.162866385179242, 0.0 ], [ 103.739049255504312, 16.162927220205159, 0.0 ], [ 103.739082548269835, 16.162996889880166, 0.0 ], [ 103.739110257200167, 16.163055014128918, 0.0 ], [ 103.739144895413361, 16.163127804984754, 0.0 ], [ 103.739165667209406, 16.163171508698571, 0.0 ], [ 103.739207261500681, 16.163259075500434, 0.0 ], [ 103.739511572630249, 16.163899855949545, 0.0 ], [ 103.73963352655494, 16.164156650144655, 0.0 ], [ 103.739463556241233, 16.164232043476186, 0.0 ], [ 103.741469649250092, 16.168456115679856, 0.0 ], [ 103.740540634694653, 16.168963250232331, 0.0 ], [ 103.740387302255058, 16.169043883743811, 0.0 ], [ 103.74023140508784, 16.16911978542176, 0.0 ], [ 103.740073099494012, 16.169190879167594, 0.0 ], [ 103.739912544189821, 16.169257093703109, 0.0 ], [ 103.739749900147473, 16.169318362642031, 0.0 ], [ 103.739585330433826, 16.169374624556514, 0.0 ], [ 103.739419000046794, 16.169425823038793, 0.0 ], [ 103.73925107574992, 16.169471906757742, 0.0 ], [ 103.739081725905123, 16.1695128295103, 0.0 ], [ 103.738870874150081, 16.169562197209554, 0.0 ], [ 103.738917093045174, 16.169746669621166, 0.0 ], [ 103.739127165731503, 16.16969748434212, 0.0 ], [ 103.739302451645003, 16.169655102087816, 0.0 ], [ 103.739476262026571, 16.169607380730774, 0.0 ], [ 103.739648422792769, 16.169554368066485, 0.0 ], [ 103.739818761512751, 16.169496117190079, 0.0 ], [ 103.73998710758093, 16.169432686443091, 0.0 ], [ 103.740153292387944, 16.1693641393551, 0.0 ], [ 103.740317149489513, 16.169290544579994, 0.0 ], [ 103.740478514773216, 16.16921197582726, 0.0 ], [ 103.740637226622866, 16.169128511788134, 0.0 ], [ 103.741715299443044, 16.168540007949531, 0.0 ], [ 103.7419175333673, 16.16896582529349, 0.0 ], [ 103.743018624167149, 16.171284214610772, 0.0 ], [ 103.743055488407975, 16.171361882515235, 0.0 ], [ 103.7430970721026, 16.171449454857093, 0.0 ], [ 103.743117817960027, 16.171493170504046, 0.0 ], [ 103.743152344112048, 16.171566011788343, 0.0 ], [ 103.743179881028396, 16.171624212921031, 0.0 ], [ 103.74321283560046, 16.171694033318854, 0.0 ], [ 103.743241554356061, 16.171755063943131, 0.0 ], [ 103.743273668460404, 16.171823559152873, 0.0 ], [ 103.743302715231977, 16.17188577671763, 0.0 ], [ 103.743334191846344, 16.171953529128867, 0.0 ], [ 103.743363241343786, 16.172016403038892, 0.0 ], [ 103.743750429431216, 16.172892500525737, 0.0 ], [ 103.744109827328344, 16.173779588381883, 0.0 ], [ 103.744134719424324, 16.173844106446531, 0.0 ], [ 103.744161419488108, 16.173913747872405, 0.0 ], [ 103.744185837415941, 16.173977796038685, 0.0 ], [ 103.744212621680077, 16.174048399079798, 0.0 ], [ 103.744236412525524, 16.174111378584403, 0.0 ], [ 103.744263558701334, 16.174183496079063, 0.0 ], [ 103.744286139860762, 16.174243657111163, 0.0 ], [ 103.744314356615178, 16.174318993639318, 0.0 ], [ 103.744331273044068, 16.174364223753852, 0.0 ], [ 103.744365142621575, 16.174454846893429, 0.0 ], [ 103.744507418738607, 16.174835617937045, 0.0 ], [ 103.744541327194213, 16.174926344687474, 0.0 ], [ 103.744558321226634, 16.174971782026901, 0.0 ], [ 103.7445866933855, 16.175047532939939, 0.0 ], [ 103.744609469111253, 16.175108211832008, 0.0 ], [ 103.744636888363445, 16.175181054090295, 0.0 ], [ 103.744660992239048, 16.175244861556273, 0.0 ], [ 103.744688169261508, 16.175316499029574, 0.0 ], [ 103.744713021078539, 16.175381684405941, 0.0 ], [ 103.744740236467791, 16.175452668898799, 0.0 ], [ 103.744765686583804, 16.175518632240902, 0.0 ], [ 103.74513340301867, 16.176426229490474, 0.0 ], [ 103.745529558994861, 16.17732258108563, 0.0 ], [ 103.74555926066401, 16.177386863265053, 0.0 ], [ 103.745591345898234, 16.177455922108646, 0.0 ], [ 103.745620909897383, 16.177519244180832, 0.0 ], [ 103.745653496191125, 16.177588742707595, 0.0 ], [ 103.745682594024188, 16.177650575453697, 0.0 ], [ 103.745715881564209, 16.177721097267558, 0.0 ], [ 103.745743657033088, 16.177779799160653, 0.0 ], [ 103.74577837503054, 16.177853040805456, 0.0 ], [ 103.745799217120833, 16.177896956554001, 0.0 ], [ 103.745840850769341, 16.177984628627446, 0.0 ], [ 103.748267286869662, 16.18309305115293, 0.0 ], [ 103.748308936384944, 16.183180716722926, 0.0 ], [ 103.748329807220131, 16.183224619996473, 0.0 ], [ 103.748364642456352, 16.183297810106399, 0.0 ], [ 103.748392595147408, 16.183356433772808, 0.0 ], [ 103.748426228845148, 16.183426802514457, 0.0 ], [ 103.748455776081158, 16.183488436343197, 0.0 ], [ 103.74848906403966, 16.183557624120279, 0.0 ], [ 103.748519475984622, 16.183620570524706, 0.0 ], [ 103.748552745624551, 16.183689104509327, 0.0 ], [ 103.748583821187978, 16.183752777753142, 0.0 ], [ 103.749028878334656, 16.184627446037357, 0.0 ], [ 103.749501302977194, 16.185488607654918, 0.0 ], [ 103.749536469828968, 16.185550261727325, 0.0 ], [ 103.749574425742992, 16.185616482898226, 0.0 ], [ 103.749609372243512, 16.185677191368068, 0.0 ], [ 103.749647865572726, 16.185743810148924, 0.0 ], [ 103.749682218523375, 16.185803072226502, 0.0 ], [ 103.749721499312571, 16.185870653980214, 0.0 ], [ 103.7497542632929, 16.185926903155963, 0.0 ], [ 103.749795205181215, 16.185997079487763, 0.0 ], [ 103.749819779036201, 16.186039155237651, 0.0 ], [ 103.749868862585643, 16.186123151962935, 0.0 ], [ 103.750074883843013, 16.186475652767879, 0.0 ], [ 103.750123911535056, 16.186559553504505, 0.0 ], [ 103.750148373441149, 16.186601437316497, 0.0 ], [ 103.750189091612938, 16.186671229673582, 0.0 ], [ 103.750221576208133, 16.186726998713567, 0.0 ], [ 103.750260466490417, 16.186793907933275, 0.0 ], [ 103.750294374004497, 16.186852400919609, 0.0 ], [ 103.750332311904359, 16.18691805759893, 0.0 ], [ 103.750366649144169, 16.186977706822383, 0.0 ], [ 103.75040388739707, 16.187042674885028, 0.0 ], [ 103.750438284221858, 16.18710297793022, 0.0 ], [ 103.7508389013597, 16.187829589905171, 0.0 ], [ 103.751219587973694, 16.188566140469959, 0.0 ], [ 103.750530366145938, 16.188726567605016, 0.0 ], [ 103.750461796002327, 16.18874432874847, 0.0 ], [ 103.750393877145626, 16.188764290333566, 0.0 ], [ 103.75032668517396, 16.188786430141647, 0.0 ], [ 103.750260294876355, 16.188810723529553, 0.0 ], [ 103.750194780149684, 16.18883714345704, 0.0 ], [ 103.750130213916279, 16.188865660516893, 0.0 ], [ 103.750066668042834, 16.188896242967637, 0.0 ], [ 103.750004213260397, 16.1889288567689, 0.0 ], [ 103.749942919085683, 16.188963465619256, 0.0 ], [ 103.749882853743642, 16.189000030996652, 0.0 ], [ 103.749824084091543, 16.189038512201275, 0.0 ], [ 103.749766675544592, 16.189078866400859, 0.0 ], [ 103.749710692003134, 16.189121048678352, 0.0 ], [ 103.749656195781441, 16.189165012081897, 0.0 ], [ 103.74960324753846, 16.18921070767712, 0.0 ], [ 103.749551906210215, 16.189258084601544, 0.0 ], [ 103.749502228944266, 16.189307090121261, 0.0 ], [ 103.749454271036072, 16.189357669689567, 0.0 ], [ 103.749408085867415, 16.189409767007717, 0.0 ], [ 103.748238436664579, 16.190723509789635, 0.0 ], [ 103.748240200191802, 16.190724926520613, 0.0 ], [ 103.748344835952764, 16.190811914708483, 0.0 ], [ 103.749516142745946, 16.189496238804768, 0.0 ], [ 103.749559245722537, 16.189447617153469, 0.0 ], [ 103.749604001756381, 16.189400410710402, 0.0 ], [ 103.749650361116224, 16.189354671928552, 0.0 ], [ 103.74969827228945, 16.189310451630103, 0.0 ], [ 103.749747682039214, 16.189267798949952, 0.0 ], [ 103.749798535463697, 16.189226761281137, 0.0 ], [ 103.749850776057045, 16.189187384222194, 0.0 ], [ 103.749904345772151, 16.189149711526465, 0.0 ], [ 103.749959185085231, 16.18911378505349, 0.0 ], [ 103.750015233061831, 16.189079644722508, 0.0 ], [ 103.750072427424627, 16.189047328468121, 0.0 ], [ 103.750130704622649, 16.189016872198085, 0.0 ], [ 103.75018999990175, 16.188988309753508, 0.0 ], [ 103.750250247376712, 16.188961672871148, 0.0 ], [ 103.750311380104336, 16.188936991148243, 0.0 ], [ 103.750373330157885, 16.18891429200956, 0.0 ], [ 103.750436028702509, 16.188893600676955, 0.0 ], [ 103.750499406071768, 16.188874940141353, 0.0 ], [ 103.750563391844992, 16.188858331137183, 0.0 ], [ 103.751281721923078, 16.18869112939089, 0.0 ], [ 103.751335061208636, 16.188799573901566, 0.0 ], [ 103.751365457435668, 16.188861851681573, 0.0 ], [ 103.751398099294775, 16.188929088571207, 0.0 ], [ 103.751427982278102, 16.188990936463775, 0.0 ], [ 103.751460791366654, 16.189059124782048, 0.0 ], [ 103.751489956842391, 16.189119958496427, 0.0 ], [ 103.751523257814455, 16.189189626673603, 0.0 ], [ 103.751550973581985, 16.189247749675236, 0.0 ], [ 103.751585620350269, 16.189320538974734, 0.0 ], [ 103.751606397279758, 16.18936424175601, 0.0 ], [ 103.751648001852274, 16.18945180668852, 0.0 ], [ 103.751699842583008, 16.189560937427796, 0.0 ], [ 103.754109329946957, 16.194633052327195, 0.0 ], [ 103.754150984167993, 16.194720717011666, 0.0 ], [ 103.754171857359594, 16.19476461983929, 0.0 ], [ 103.754206696527305, 16.194837809206142, 0.0 ], [ 103.754234652371494, 16.194896432278366, 0.0 ], [ 103.754268289858288, 16.194966800303433, 0.0 ], [ 103.754297840418246, 16.195028433502202, 0.0 ], [ 103.754331132115468, 16.195097620569715, 0.0 ], [ 103.754361547469358, 16.195160566325161, 0.0 ], [ 103.754394820830413, 16.195229099599615, 0.0 ], [ 103.754425899861147, 16.195292772179947, 0.0 ], [ 103.754915871224512, 16.196251993842033, 0.0 ], [ 103.755438757396391, 16.197194851792045, 0.0 ], [ 103.755993974283086, 16.198120291927189, 0.0 ], [ 103.756580901620438, 16.199027279601243, 0.0 ], [ 103.757198883665566, 16.19991480078199, 0.0 ], [ 103.757847229928487, 16.200781863185771, 0.0 ], [ 103.758525215942726, 16.201627497387715, 0.0 ], [ 103.759232084074043, 16.202450757906504, 0.0 ], [ 103.759967044366476, 16.203250724262304, 0.0 ], [ 103.760729275424538, 16.204026502006943, 0.0 ], [ 103.761517925330921, 16.204777223724875, 0.0 ], [ 103.762332112598301, 16.20550205000405, 0.0 ], [ 103.763170927154533, 16.206200170375421, 0.0 ], [ 103.764033431359934, 16.206870804220166, 0.0 ], [ 103.764918661055404, 16.20751320164349, 0.0 ], [ 103.764977689013932, 16.207554471367459, 0.0 ], [ 103.765041256022869, 16.207598722338169, 0.0 ], [ 103.765099667243547, 16.207639227607213, 0.0 ], [ 103.765163895926406, 16.207683616692648, 0.0 ], [ 103.765221131749286, 16.207723058377027, 0.0 ], [ 103.765286497868473, 16.207767993872768, 0.0 ], [ 103.76534096632993, 16.207805365390154, 0.0 ], [ 103.765408980423999, 16.20785196295116, 0.0 ], [ 103.765449783510363, 16.207879890712949, 0.0 ], [ 103.765531263330757, 16.207935632688603, 0.0 ], [ 103.768968091407743, 16.210286400621349, 0.0 ], [ 103.766892518488703, 16.211820865652186, 0.0 ], [ 103.767017575758757, 16.211978784133503, 0.0 ], [ 103.769144004014166, 16.210406720797486, 0.0 ], [ 103.776733513464109, 16.215597502010269, 0.0 ] ] } },
{ "type": "Feature", "properties": { }, "geometry": { "type": "LineString", "coordinates": [ [ 103.777165884782733, 16.215007325893314, 0.0 ], [ 103.769766434692386, 16.209946550142906, 0.0 ], [ 103.771546157772505, 16.208630756150399, 0.0 ], [ 103.771421098612905, 16.208472840184701, 0.0 ], [ 103.769590522057825, 16.209826230479482, 0.0 ], [ 103.76596364792249, 16.207345480112771, 0.0 ], [ 103.765882261268914, 16.207289801979634, 0.0 ], [ 103.76584164433315, 16.20726200168161, 0.0 ], [ 103.765774002403703, 16.207215659184357, 0.0 ], [ 103.765719998885857, 16.207178606741067, 0.0 ], [ 103.765655283251135, 16.20713411850102, 0.0 ], [ 103.765598790213048, 16.207095188750063, 0.0 ], [ 103.76553548909277, 16.207051440796072, 0.0 ], [ 103.765478097006621, 16.207011642322431, 0.0 ], [ 103.765415732839287, 16.206968228770894, 0.0 ], [ 103.765357998314144, 16.206927863436299, 0.0 ], [ 103.764492774637745, 16.20629998534239, 0.0 ], [ 103.76364976262046, 16.205644508951401, 0.0 ], [ 103.762829904629925, 16.204962167202858, 0.0 ], [ 103.762034117114908, 16.204253723066007, 0.0 ], [ 103.76126328958081, 16.203519968685736, 0.0 ], [ 103.76051828359536, 16.202761724495932, 0.0 ], [ 103.759799931825739, 16.201979838301209, 0.0 ], [ 103.759109037108175, 16.201175184328044, 0.0 ], [ 103.758446371551116, 16.20034866224643, 0.0 ], [ 103.757812675672739, 16.199501196163094, 0.0 ], [ 103.757208657574253, 16.198633733587435, 0.0 ], [ 103.756634992149174, 16.19774724437131, 0.0 ], [ 103.756092320330239, 16.196842719623959, 0.0 ], [ 103.755581248374284, 16.195921170603135, 0.0 ], [ 103.755102347185982, 16.194983627583824, 0.0 ], [ 103.755071948952533, 16.194921350225673, 0.0 ], [ 103.755039304972868, 16.194854113781094, 0.0 ], [ 103.755009420080029, 16.194792266289003, 0.0 ], [ 103.754976608930903, 16.19472407840286, 0.0 ], [ 103.754947441655773, 16.194663245066131, 0.0 ], [ 103.754914138666706, 16.194593577311718, 0.0 ], [ 103.754886421251641, 16.194535454655199, 0.0 ], [ 103.754851772465656, 16.194462665781188, 0.0 ], [ 103.754830994348808, 16.194418963251845, 0.0 ], [ 103.754789387448326, 16.194331398811851, 0.0 ], [ 103.752379885210956, 16.189259290522177, 0.0 ], [ 103.752328044158077, 16.189150159920477, 0.0 ], [ 103.752286391755632, 16.189062494975708, 0.0 ], [ 103.752265519499559, 16.189018592009717, 0.0 ], [ 103.752230681931863, 16.18894540240613, 0.0 ], [ 103.752202727406527, 16.188886779139558, 0.0 ], [ 103.752169091545738, 16.188816410871894, 0.0 ], [ 103.75213954244937, 16.188754777452736, 0.0 ], [ 103.752106252440242, 16.188685590129587, 0.0 ], [ 103.752075838664354, 16.188622644133517, 0.0 ], [ 103.752042567068031, 16.18855411058804, 0.0 ], [ 103.752025018347538, 16.18851811262649, 0.0 ], [ 103.75362253555673, 16.188146249286909, 0.0 ], [ 103.753701783509968, 16.188129000161567, 0.0 ], [ 103.753781526662081, 16.188114033081604, 0.0 ], [ 103.754137297701135, 16.188052225892154, 0.0 ], [ 103.754166241885954, 16.188047685345396, 0.0 ], [ 103.754195328677156, 16.188044095220103, 0.0 ], [ 103.754224524663016, 16.188041459640228, 0.0 ], [ 103.754253796306344, 16.188039781633272, 0.0 ], [ 103.754283109983092, 16.188039063126784, 0.0 ], [ 103.754312432020882, 16.188039304946138, 0.0 ], [ 103.754341728737771, 16.188040506813572, 0.0 ], [ 103.754370966480849, 16.188042667348551, 0.0 ], [ 103.754400111664992, 16.188045784069317, 0.0 ], [ 103.754429130811374, 16.188049853395757, 0.0 ], [ 103.754457990585919, 16.188054870653488, 0.0 ], [ 103.754486657837646, 16.188060830079255, 0.0 ], [ 103.754515099636706, 16.188067724827537, 0.0 ], [ 103.754543283312174, 16.188075546978432, 0.0 ], [ 103.754571176489677, 16.188084287546729, 0.0 ], [ 103.755676911852234, 16.188450900305231, 0.0 ], [ 103.755722444238927, 16.188322664406055, 0.0 ], [ 103.754616709471136, 16.187956051924104, 0.0 ], [ 103.754584293093515, 16.187945893974163, 0.0 ], [ 103.754551539111119, 16.187936803373603, 0.0 ], [ 103.754518485148154, 16.187928790564673, 0.0 ], [ 103.754485169173435, 16.187921864751551, 0.0 ], [ 103.754451629456653, 16.187916033889838, 0.0 ], [ 103.754417904524587, 16.187911304677336, 0.0 ], [ 103.754384033116722, 16.187907682546388, 0.0 ], [ 103.754350054140744, 16.187905171657668, 0.0 ], [ 103.75431600662796, 16.187903774895361, 0.0 ], [ 103.754281929688347, 16.187903493863882, 0.0 ], [ 103.754247862465732, 16.187904328885999, 0.0 ], [ 103.754213844092732, 16.187906279002501, 0.0 ], [ 103.754179913645856, 16.187909341973256, 0.0 ], [ 103.754146110100635, 16.187913514279842, 0.0 ], [ 103.754112472286849, 16.187918791129523, 0.0 ], [ 103.753756701485429, 16.187980598294367, 0.0 ], [ 103.753672931370545, 16.187996330591229, 0.0 ], [ 103.753589678349257, 16.18801444558536, 0.0 ], [ 103.75196357457321, 16.188392963131697, 0.0 ], [ 103.751540970952945, 16.187567744153267, 0.0 ], [ 103.751093973270272, 16.186754616643917, 0.0 ], [ 103.751058805730167, 16.186692962786946, 0.0 ], [ 103.751020849122327, 16.186626741838516, 0.0 ], [ 103.750985902027509, 16.186566033564088, 0.0 ], [ 103.75094740809233, 16.186499414987725, 0.0 ], [ 103.750913054643746, 16.18644015308335, 0.0 ], [ 103.750873773334391, 16.186372571517154, 0.0 ], [ 103.750841008959725, 16.186316322488576, 0.0 ], [ 103.750800066629083, 16.186246146329431, 0.0 ], [ 103.750775492535439, 16.186204070677139, 0.0 ], [ 103.750726408569818, 16.186120074134479, 0.0 ], [ 103.750520386429216, 16.185767573893152, 0.0 ], [ 103.750471358733691, 16.185683673244682, 0.0 ], [ 103.750446896855209, 16.185641789469496, 0.0 ], [ 103.750406178772849, 16.185571997163358, 0.0 ], [ 103.750373694288186, 16.185516228155109, 0.0 ], [ 103.75033480418422, 16.185449318963329, 0.0 ], [ 103.750300896866321, 16.185390825991842, 0.0 ], [ 103.750262959231222, 16.185325169319054, 0.0 ], [ 103.750228622272289, 16.185265520091939, 0.0 ], [ 103.750191384368634, 16.185200552015313, 0.0 ], [ 103.750156987908113, 16.185140248948169, 0.0 ], [ 103.749695237298099, 16.18429854987809, 0.0 ], [ 103.749260235541655, 16.183443649303388, 0.0 ], [ 103.749229840699627, 16.183381371296225, 0.0 ], [ 103.74919720037073, 16.183314134154774, 0.0 ], [ 103.749167318827404, 16.183252286024921, 0.0 ], [ 103.749134511363081, 16.183184097439305, 0.0 ], [ 103.749105347368854, 16.183123263480713, 0.0 ], [ 103.749072048131254, 16.183053595016776, 0.0 ], [ 103.749044333842164, 16.182995471770411, 0.0 ], [ 103.749009688966382, 16.182922682157532, 0.0 ], [ 103.748988913195149, 16.182878979184018, 0.0 ], [ 103.748947310995291, 16.182791413859672, 0.0 ], [ 103.746520859921134, 16.177682997982291, 0.0 ], [ 103.746479273568823, 16.177595426159598, 0.0 ], [ 103.746458526411473, 16.177551710768373, 0.0 ], [ 103.746423998132443, 16.177478869902053, 0.0 ], [ 103.746396459552017, 16.177420669096136, 0.0 ], [ 103.746363503025918, 16.177350849082092, 0.0 ], [ 103.746334782600456, 16.177289818785969, 0.0 ], [ 103.746302666664604, 16.177221323935914, 0.0 ], [ 103.746273618268745, 16.177159106689885, 0.0 ], [ 103.746242139928469, 16.177091354617037, 0.0 ], [ 103.74621308886951, 16.177028481012751, 0.0 ], [ 103.74582588290103, 16.176152387005626, 0.0 ], [ 103.745466473630628, 16.175265301398287, 0.0 ], [ 103.745441580947215, 16.175200783454823, 0.0 ], [ 103.745414880283661, 16.175131142153983, 0.0 ], [ 103.74539046183537, 16.175067094097745, 0.0 ], [ 103.745363677031406, 16.174996491172159, 0.0 ], [ 103.745339885734282, 16.174933511765968, 0.0 ], [ 103.745312739075558, 16.174861394379008, 0.0 ], [ 103.745290157540921, 16.17480123343233, 0.0 ], [ 103.74526194035208, 16.174725897006052, 0.0 ], [ 103.745245023680255, 16.174680666947541, 0.0 ], [ 103.745211153660421, 16.174590043919725, 0.0 ], [ 103.745068876300579, 16.174209273258459, 0.0 ], [ 103.745034967695588, 16.174118546578381, 0.0 ], [ 103.745017973608725, 16.174073109268814, 0.0 ], [ 103.744989601392177, 16.173997358404712, 0.0 ], [ 103.744966825648987, 16.173936679547964, 0.0 ], [ 103.744939406409955, 16.173863837327627, 0.0 ], [ 103.744915302576601, 16.173800029890607, 0.0 ], [ 103.744888125636237, 16.173728392445319, 0.0 ], [ 103.744863273926015, 16.173663207089962, 0.0 ], [ 103.744836058688463, 16.17359222261538, 0.0 ], [ 103.744810608746917, 16.173526259285854, 0.0 ], [ 103.7444428981957, 16.172618661719834, 0.0 ], [ 103.744046755051571, 16.171722308722273, 0.0 ], [ 103.744017054596185, 16.17165802639261, 0.0 ], [ 103.74398497071121, 16.171588967379499, 0.0 ], [ 103.743955407990356, 16.171525645144637, 0.0 ], [ 103.743922823144487, 16.171456146431165, 0.0 ], [ 103.743893726638817, 16.171394313511723, 0.0 ], [ 103.743860440657599, 16.171323791492405, 0.0 ], [ 103.743832666522209, 16.171265089421656, 0.0 ], [ 103.743797950233883, 16.171191847547068, 0.0 ], [ 103.74377710919272, 16.171147931657355, 0.0 ], [ 103.743735477689171, 16.171060259288279, 0.0 ], [ 103.743698593630711, 16.170982600174238, 0.0 ], [ 103.742597494092294, 16.168664214731866, 0.0 ], [ 103.742350695884639, 16.168144568987298, 0.0 ], [ 103.742375241550192, 16.168130848375711, 0.0 ], [ 103.742400254018932, 16.168117939122379, 0.0 ], [ 103.742425704585969, 16.168105856042231, 0.0 ], [ 103.742451564043733, 16.168094613002069, 0.0 ], [ 103.742477802715356, 16.168084222904625, 0.0 ], [ 103.742504390488804, 16.168074697673802, 0.0 ], [ 103.742531296851425, 16.168066048240959, 0.0 ], [ 103.742558490924978, 16.168058284532364, 0.0 ], [ 103.742585941501005, 16.168051415457811, 0.0 ], [ 103.742613617076714, 16.168045448900415, 0.0 ], [ 103.742641485891127, 16.168040391707521, 0.0 ], [ 103.742669515961495, 16.168036249682885, 0.0 ], [ 103.74269767511997, 16.168033027580002, 0.0 ], [ 103.743176154891046, 16.167986204644997, 0.0 ], [ 103.74321177022982, 16.167982114813061, 0.0 ], [ 103.743247217267836, 16.167976833068472, 0.0 ], [ 103.743282453308993, 16.16797036577309, 0.0 ], [ 103.743317435911322, 16.167962720716744, 0.0 ], [ 103.743352122938134, 16.167953907107893, 0.0 ], [ 103.743386472608819, 16.167943935562523, 0.0 ], [ 103.74342044354907, 16.167932818091352, 0.0 ], [ 103.74345399484082, 16.167920568085396, 0.0 ], [ 103.74348708607144, 16.167907200299755, 0.0 ], [ 103.743519677382537, 16.167892730835963, 0.0 ], [ 103.743551729517847, 16.167877177122477, 0.0 ], [ 103.743583203870585, 16.167860557893764, 0.0 ], [ 103.743614062529915, 16.167842893167698, 0.0 ], [ 103.743644268326662, 16.167824204221446, 0.0 ], [ 103.744318711395678, 16.167390782185173, 0.0 ], [ 103.744360698289242, 16.167362793947021, 0.0 ], [ 103.744401676976182, 16.167333443227509, 0.0 ], [ 103.744441600139055, 16.167302763917675, 0.0 ], [ 103.744480421679256, 16.167270791442672, 0.0 ], [ 103.744518096770307, 16.16723756272085, 0.0 ], [ 103.744554581909583, 16.167203116121119, 0.0 ], [ 103.744589834968536, 16.16716749141866, 0.0 ], [ 103.744623815241383, 16.167130729748973, 0.0 ], [ 103.744656483492065, 16.167092873560396, 0.0 ], [ 103.744687801999561, 16.167053966565049, 0.0 ], [ 103.744717734601451, 16.16701405368844, 0.0 ], [ 103.744746246735701, 16.166973181017482, 0.0 ], [ 103.744773305480479, 16.166931395747373, 0.0 ], [ 103.744953582907272, 16.166642189839536, 0.0 ], [ 103.744964099818517, 16.16662592945443, 0.0 ], [ 103.744975164398056, 16.166610012139429, 0.0 ], [ 103.744986764674465, 16.166594455116272, 0.0 ], [ 103.744998888096745, 16.166579275216833, 0.0 ], [ 103.745011521547823, 16.166564488864989, 0.0 ], [ 103.745024651358918, 16.166550112058804, 0.0 ], [ 103.745038263324133, 16.166536160353235, 0.0 ], [ 103.745052342715965, 16.166522648843291, 0.0 ], [ 103.745066874301159, 16.166509592147719, 0.0 ], [ 103.745081842357237, 16.166497004393182, 0.0 ], [ 103.745097230689495, 16.166484899198963, 0.0 ], [ 103.745220233758602, 16.166391346920765, 0.0 ], [ 103.745098773980828, 16.166242193430286, 0.0 ], [ 103.744975770957467, 16.166335745642044, 0.0 ], [ 103.744955372477406, 16.166351792050989, 0.0 ], [ 103.744935531106023, 16.166368478132661, 0.0 ], [ 103.744916268310703, 16.16638578583364, 0.0 ], [ 103.744897604932845, 16.166403696427938, 0.0 ], [ 103.744879561165348, 16.166422190537286, 0.0 ], [ 103.744862156530743, 16.166441248152047, 0.0 ], [ 103.744845409860076, 16.166460848652918, 0.0 ], [ 103.744829339272485, 16.166480970833224, 0.0 ], [ 103.744813962155689, 16.166501592921833, 0.0 ], [ 103.744799295147089, 16.166522692606762, 0.0 ], [ 103.744785354115848, 16.16654424705926, 0.0 ], [ 103.744605076554649, 16.166833452816181, 0.0 ], [ 103.744581558190674, 16.166869770835326, 0.0 ], [ 103.744556776603048, 16.166905295660442, 0.0 ], [ 103.744530760406121, 16.166939986271498, 0.0 ], [ 103.744503539639851, 16.166973802611739, 0.0 ], [ 103.74447514573518, 16.167006705633867, 0.0 ], [ 103.744445611477644, 16.167038657345177, 0.0 ], [ 103.744414970969657, 16.167069620851414, 0.0 ], [ 103.74438325959099, 16.167099560399397, 0.0 ], [ 103.744350513958054, 16.167128441418267, 0.0 ], [ 103.744316771881458, 16.167156230559428, 0.0 ], [ 103.744282072322548, 16.167182895735074, 0.0 ], [ 103.744246455348232, 16.167208406155186, 0.0 ], [ 103.744209962084838, 16.167232732363157, 0.0 ], [ 103.743535519367086, 16.167666154082184, 0.0 ], [ 103.743511054051936, 16.167681291271869, 0.0 ], [ 103.743486059949305, 16.167695598890077, 0.0 ], [ 103.743460567164448, 16.16770905970332, 0.0 ], [ 103.743434606403369, 16.167721657498067, 0.0 ], [ 103.743408208935705, 16.167733377100305, 0.0 ], [ 103.743381406557162, 16.167744204393806, 0.0 ], [ 103.743354231551152, 16.167754126337115, 0.0 ], [ 103.74332671664996, 16.167763130979267, 0.0 ], [ 103.743298894995263, 16.167771207474193, 0.0 ], [ 103.74327080009823, 16.16777834609379, 0.0 ], [ 103.74324246579917, 16.167784538239609, 0.0 ], [ 103.743213926226773, 16.16778977645323, 0.0 ], [ 103.743185215756981, 16.167794054425251, 0.0 ], [ 103.743156368971569, 16.167797367002887, 0.0 ], [ 103.742720595663286, 16.16784001085604, 0.0 ], [ 103.742531150538909, 16.167441124355879, 0.0 ], [ 103.742361156215253, 16.167516529630099, 0.0 ], [ 103.740568504319626, 16.163741920703519, 0.0 ], [ 103.740313494724063, 16.163855036276182, 0.0 ], [ 103.740191540047036, 16.163598242414437, 0.0 ], [ 103.739887226421416, 16.162957461494258, 0.0 ], [ 103.739877155340324, 16.162936255375374, 0.0 ], [ 103.739867080027423, 16.162915041672832, 0.0 ], [ 103.739856999959855, 16.162893820618599, 0.0 ], [ 103.739846914614233, 16.162872592444895, 0.0 ], [ 103.739836823466717, 16.162851357384479, 0.0 ], [ 103.739826725992828, 16.162830115670392, 0.0 ], [ 103.739816621667714, 16.162808867536114, 0.0 ], [ 103.739806509965973, 16.162787613215585, 0.0 ], [ 103.739796390361789, 16.162766352943375, 0.0 ], [ 103.739786262328892, 16.162745086954434, 0.0 ], [ 103.739776125340612, 16.162723815484405, 0.0 ], [ 103.739765978869826, 16.162702538769508, 0.0 ], [ 103.739755822389043, 16.162681257046597, 0.0 ], [ 103.739745655370484, 16.162659970553332, 0.0 ], [ 103.739735477285905, 16.162638679527962, 0.0 ], [ 103.739725287606774, 16.162617384209526, 0.0 ], [ 103.739715085804249, 16.162596084837951, 0.0 ], [ 103.739704871349218, 16.162574781653937, 0.0 ], [ 103.739694643712255, 16.162553474899081, 0.0 ], [ 103.739684402363679, 16.162532164815861, 0.0 ], [ 103.739674146773552, 16.162510851647721, 0.0 ], [ 103.739663876411754, 16.16248953563915, 0.0 ], [ 103.739653590747949, 16.162468217035531, 0.0 ], [ 103.739643289251603, 16.16244689608347, 0.0 ], [ 103.739632971392012, 16.162425573030525, 0.0 ], [ 103.739622636638344, 16.162404248125476, 0.0 ], [ 103.739612284459625, 16.162382921618242, 0.0 ], [ 103.739601914324808, 16.162361593759972, 0.0 ], [ 103.73959152570265, 16.162340264802967, 0.0 ], [ 103.739581118060002, 16.162318934996943, 0.0 ], [ 103.739570750484262, 16.162297726383429, 0.0 ], [ 103.739090607393507, 16.161356680919191, 0.0 ], [ 103.738578800256832, 16.16043135556529, 0.0 ], [ 103.738035879809431, 16.159522745200412, 0.0 ], [ 103.737462430215203, 16.158631826716793, 0.0 ], [ 103.736859068437298, 16.157759557970639, 0.0 ], [ 103.736226443573358, 16.156906876752963, 0.0 ], [ 103.735565236156475, 16.156074699782131, 0.0 ], [ 103.734876157422306, 16.155263921719072, 0.0 ], [ 103.734159948543578, 16.154475414206207, 0.0 ], [ 103.733417379832318, 16.153710024931211, 0.0 ], [ 103.73264924991102, 16.152968576716543, 0.0 ], [ 103.731856384853458, 16.152251866635698, 0.0 ], [ 103.731039637296277, 16.151560665157231, 0.0 ], [ 103.731021013391384, 16.151545429370938, 0.0 ], [ 103.731002385044349, 16.151530211976578, 0.0 ], [ 103.730983752647248, 16.151515012544763, 0.0 ], [ 103.730965116590411, 16.151499830645484, 0.0 ], [ 103.730946477262691, 16.151484665848297, 0.0 ], [ 103.73092783505183, 16.151469517722671, 0.0 ], [ 103.730909190344178, 16.15145438583772, 0.0 ], [ 103.730890543525106, 16.151439269762562, 0.0 ], [ 103.73087189497862, 16.151424169065997, 0.0 ], [ 103.730853245087587, 16.151409083316729, 0.0 ], [ 103.730834594233983, 16.1513940120835, 0.0 ], [ 103.730815942798387, 16.151378954934739, 0.0 ], [ 103.730797291160627, 16.151363911439045, 0.0 ], [ 103.730778639699395, 16.151348881164928, 0.0 ], [ 103.7307599887923, 16.151333863680783, 0.0 ], [ 103.730741338816216, 16.15131885855525, 0.0 ], [ 103.730722690147005, 16.151303865356919, 0.0 ], [ 103.730704043159548, 16.151288883654416, 0.0 ], [ 103.730685398228104, 16.151273913016631, 0.0 ], [ 103.730666755725835, 16.151258953012402, 0.0 ], [ 103.730648116025364, 16.151244003210927, 0.0 ], [ 103.730629479498418, 16.151229063181439, 0.0 ], [ 103.730610846516015, 16.151214132493479, 0.0 ], [ 103.730592217448603, 16.15119921071684, 0.0 ], [ 103.730573592665749, 16.151184297421455, 0.0 ], [ 103.730554972536595, 16.151169392177735, 0.0 ], [ 103.730536357429628, 16.151154494556309, 0.0 ], [ 103.73051774771271, 16.151139604128122, 0.0 ], [ 103.730499143753249, 16.151124720464573, 0.0 ], [ 103.730480545918084, 16.151109843137402, 0.0 ], [ 103.730461953431359, 16.151094970805051, 0.0 ], [ 103.72517337223637, 16.146864461183132, 0.0 ], [ 103.726071642226955, 16.144120867191887, 0.0 ], [ 103.725893334624629, 16.144066330493306, 0.0 ], [ 103.725017921511849, 16.146740106521531, 0.0 ], [ 103.696797529588579, 16.124160587578793, 0.0 ], [ 103.696778936372581, 16.124145708210047, 0.0 ], [ 103.696760335940837, 16.124130823784277, 0.0 ], [ 103.69674172792655, 16.124115934729755, 0.0 ], [ 103.696723111962726, 16.124101041475395, 0.0 ], [ 103.696704487681885, 16.124086144450445, 0.0 ], [ 103.696685854716478, 16.124071244085002, 0.0 ], [ 103.696667212698358, 16.124056340809418, 0.0 ], [ 103.696648561259622, 16.124041435055055, 0.0 ], [ 103.696629900031766, 16.124026527253569, 0.0 ], [ 103.69661122864639, 16.124011617837535, 0.0 ], [ 103.696592546734976, 16.12399670724017, 0.0 ], [ 103.696573853928683, 16.123981795895268, 0.0 ], [ 103.696555149858966, 16.123966884237689, 0.0 ], [ 103.696536434156883, 16.123951972702706, 0.0 ], [ 103.696517706453889, 16.123937061726711, 0.0 ], [ 103.696498966381114, 16.123922151746676, 0.0 ], [ 103.696480213570098, 16.123907243200645, 0.0 ], [ 103.696461447652197, 16.123892336527334, 0.0 ], [ 103.69644266825911, 16.123877432166516, 0.0 ], [ 103.696423875022731, 16.123862530558931, 0.0 ], [ 103.696405067574915, 16.123847632146028, 0.0 ], [ 103.696386245548055, 16.123832737370517, 0.0 ], [ 103.696367408574616, 16.123817846675934, 0.0 ], [ 103.696348556287518, 16.123802960506985, 0.0 ], [ 103.69632968831985, 16.123788079309286, 0.0 ], [ 103.696310804305327, 16.123773203529712, 0.0 ], [ 103.696291903877764, 16.123758333616028, 0.0 ], [ 103.69627298667173, 16.123743470017363, 0.0 ], [ 103.696254052321947, 16.123728613183768, 0.0 ], [ 103.69623510046047, 16.123713763563945, 0.0 ], [ 103.696216239106462, 16.12369900631494, 0.0 ], [ 103.695345454775747, 16.123041143299734, 0.0 ], [ 103.694452440799893, 16.122411745244815, 0.0 ], [ 103.693538192648006, 16.121811513575654, 0.0 ], [ 103.692603729424732, 16.121241117204171, 0.0 ], [ 103.69165009273469, 16.120701191784182, 0.0 ], [ 103.690678345522315, 16.120192339003935, 0.0 ], [ 103.689689570887808, 16.119715125916482, 0.0 ], [ 103.688684870880905, 16.119270084308635, 0.0 ], [ 103.687665365273688, 16.118857710109172, 0.0 ], [ 103.686632190313716, 16.118478462837029, 0.0 ], [ 103.6855864974589, 16.118132765090017, 0.0 ], [ 103.684529452095646, 16.117821002074603, 0.0 ], [ 103.683462232241524, 16.117543521177392, 0.0 ], [ 103.682386027234003, 16.117300631578718, 0.0 ], [ 103.681302036406649, 16.117092603908684, 0.0 ], [ 103.681278030731661, 16.117088407131643, 0.0 ], [ 103.681254030715053, 16.117084228428432, 0.0 ], [ 103.681230036480301, 16.117080067238795, 0.0 ], [ 103.681206048142641, 16.117075923001622, 0.0 ], [ 103.681182065816557, 16.117071795156345, 0.0 ], [ 103.681158089614812, 16.117067683142682, 0.0 ], [ 103.681134119649442, 16.117063586400839, 0.0 ], [ 103.681110156030968, 16.117059504371412, 0.0 ], [ 103.681086198869139, 16.117055436495452, 0.0 ], [ 103.68106224827244, 16.117051382214427, 0.0 ], [ 103.681038304348462, 16.117047340970281, 0.0 ], [ 103.681014367203744, 16.117043312205386, 0.0 ], [ 103.680990436943944, 16.117039295362588, 0.0 ], [ 103.680966513673823, 16.117035289885205, 0.0 ], [ 103.680942597497364, 16.117031295217057, 0.0 ], [ 103.680918688517579, 16.117027310802392, 0.0 ], [ 103.680894786836888, 16.117023336086024, 0.0 ], [ 103.680870892556953, 16.11701937051323, 0.0 ], [ 103.680847005778787, 16.117015413529806, 0.0 ], [ 103.680823126602562, 16.117011464582042, 0.0 ], [ 103.680799255128093, 16.117007523116776, 0.0 ], [ 103.680775391454716, 16.117003588581401, 0.0 ], [ 103.680751535680798, 16.116999660423751, 0.0 ], [ 103.680727687904763, 16.116995738092339, 0.0 ], [ 103.68070384822434, 16.116991821036137, 0.0 ], [ 103.680680016736801, 16.116987908704676, 0.0 ], [ 103.680656193539221, 16.116984000548094, 0.0 ], [ 103.680632378728404, 16.116980096017091, 0.0 ], [ 103.680608572400743, 16.116976194562923, 0.0 ], [ 103.680584774652388, 16.116972295637442, 0.0 ], [ 103.680560984117761, 16.116968398453665, 0.0 ], [ 103.663092098647951, 16.114106100079447, 0.0 ], [ 103.663068319180553, 16.114102202673028, 0.0 ], [ 103.663044548579975, 16.114098306155146, 0.0 ], [ 103.663020786941914, 16.114094409980062, 0.0 ], [ 103.662997034362206, 16.114090513602701, 0.0 ], [ 103.662973290936577, 16.114086616478556, 0.0 ], [ 103.662949556760893, 16.114082718063788, 0.0 ], [ 103.662925831930835, 16.114078817815141, 0.0 ], [ 103.662902116542796, 16.114074915190116, 0.0 ], [ 103.662878410692656, 16.114071009646711, 0.0 ], [ 103.662854714476964, 16.114067100643716, 0.0 ], [ 103.66283102799251, 16.114063187640532, 0.0 ], [ 103.662807351336113, 16.114059270097211, 0.0 ], [ 103.662783684605159, 16.114055347474523, 0.0 ], [ 103.66276002789732, 16.114051419233892, 0.0 ], [ 103.662736381310651, 16.11404748483745, 0.0 ], [ 103.662712744943732, 16.114043543748028, 0.0 ], [ 103.662689118895585, 16.114039595429155, 0.0 ], [ 103.662665503265757, 16.114035639345072, 0.0 ], [ 103.662641898154405, 16.114031674960749, 0.0 ], [ 103.662618303662271, 16.114027701741872, 0.0 ], [ 103.662594719890706, 16.114023719154869, 0.0 ], [ 103.662571146941744, 16.114019726666879, 0.0 ], [ 103.662547584918372, 16.114015723745869, 0.0 ], [ 103.662524033923859, 16.114011709860439, 0.0 ], [ 103.662500494062812, 16.114007684480089, 0.0 ], [ 103.662476965440248, 16.114003647074966, 0.0 ], [ 103.662453448162367, 16.113999597116091, 0.0 ], [ 103.662429942336018, 16.113995534075197, 0.0 ], [ 103.662406448069348, 16.113991457424881, 0.0 ], [ 103.662382965466534, 16.113987366637669, 0.0 ], [ 103.66235935752826, 16.113983237128952, 0.0 ], [ 103.661385722283484, 16.113797617660929, 0.0 ], [ 103.660418437462511, 16.113583210775854, 0.0 ], [ 103.659458413779248, 16.113340218377683, 0.0 ], [ 103.658506555099564, 16.113068869283282, 0.0 ], [ 103.65756375758933, 16.112769419006543, 0.0 ], [ 103.656630908869673, 16.112442149517435, 0.0 ], [ 103.656201035206351, 16.109656151709565, 0.0 ], [ 103.655969861194095, 16.109689485452812, 0.0 ], [ 103.656380184922554, 16.112348802214367, 0.0 ], [ 103.655383981226052, 16.111954719653937, 0.0 ], [ 103.65440189631471, 16.111528811022254, 0.0 ], [ 103.653435017898161, 16.111071548114971, 0.0 ], [ 103.652484416818723, 16.110583437452515, 0.0 ], [ 103.651551145864374, 16.110065019718267, 0.0 ], [ 103.650636238601905, 16.109516869158792, 0.0 ], [ 103.650616174257138, 16.109504386559262, 0.0 ], [ 103.650596111661613, 16.109491885457935, 0.0 ], [ 103.65057605052354, 16.109479366311884, 0.0 ], [ 103.650555990550316, 16.109466829578331, 0.0 ], [ 103.650535931448601, 16.109454275714807, 0.0 ], [ 103.650515872923293, 16.10944170517848, 0.0 ], [ 103.650495814678294, 16.109429118426601, 0.0 ], [ 103.650475756416199, 16.109416515916415, 0.0 ], [ 103.650455697838709, 16.109403898105271, 0.0 ], [ 103.650435638646059, 16.109391265450341, 0.0 ], [ 103.650415578537562, 16.109378618408979, 0.0 ], [ 103.650395517211436, 16.109365957438577, 0.0 ], [ 103.650375454365062, 16.109353282996725, 0.0 ], [ 103.65035538969444, 16.109340595540885, 0.0 ], [ 103.650335322894961, 16.109327895528857, 0.0 ], [ 103.650315253660892, 16.109315183418484, 0.0 ], [ 103.65029518168582, 16.109302459667902, 0.0 ], [ 103.650275106662136, 16.109289724735216, 0.0 ], [ 103.650255028281777, 16.109276979078995, 0.0 ], [ 103.650234946235656, 16.109264223157883, 0.0 ], [ 103.650214860213993, 16.109251457430815, 0.0 ], [ 103.650194769906264, 16.109238682357006, 0.0 ], [ 103.650174675001395, 16.10922589839603, 0.0 ], [ 103.650154575187415, 16.109213106007644, 0.0 ], [ 103.650134470151841, 16.10920030565201, 0.0 ], [ 103.650114359581721, 16.109187497789726, 0.0 ], [ 103.650094243163494, 16.109174682881726, 0.0 ], [ 103.650074120582858, 16.109161861389222, 0.0 ], [ 103.650053991525269, 16.109149033774006, 0.0 ], [ 103.650033855675758, 16.109136200498327, 0.0 ], [ 103.650013713956398, 16.109123362813609, 0.0 ], [ 103.650013696626417, 16.109123351767938, 0.0 ], [ 103.646891217276561, 16.107133125169554, 0.0 ], [ 103.647199994843618, 16.106680396943815, 0.0 ], [ 103.638659163934193, 16.101236172321798, 0.0 ], [ 103.639507046333449, 16.098892591364795, 0.0 ], [ 103.638977576442997, 16.098713558922327, 0.0 ], [ 103.63798531893211, 16.101456172478009, 0.0 ], [ 103.63412836371424, 16.098997397266743, 0.0 ], [ 103.634045063385656, 16.098944301454789, 0.0 ], [ 103.63400333559089, 16.098917717271991, 0.0 ], [ 103.633933736620904, 16.098873420831971, 0.0 ], [ 103.633877946638719, 16.098837966117351, 0.0 ], [ 103.633810910836189, 16.098795449418457, 0.0 ], [ 103.633752121191819, 16.098758255562679, 0.0 ], [ 103.633686024989046, 16.098716564155747, 0.0 ], [ 103.633625783703721, 16.098678698526459, 0.0 ], [ 103.633560060899896, 16.098637552468993, 0.0 ], [ 103.633498859072432, 16.098599409286425, 0.0 ], [ 103.633134995052771, 16.098376389714787, 0.0 ], [ 103.632198853817769, 16.097831397731387, 0.0 ], [ 103.631244616376662, 16.097316579035308, 0.0 ], [ 103.630273322895775, 16.096832494691654, 0.0 ], [ 103.629286032105, 16.0963796722626, 0.0 ], [ 103.628283820144603, 16.095958605233236, 0.0 ], [ 103.627267779393435, 16.09556975247451, 0.0 ], [ 103.626239017279374, 16.095213537743966, 0.0 ], [ 103.625198655073532, 16.09489034922462, 0.0 ], [ 103.624147826669542, 16.094600539102586, 0.0 ], [ 103.623087677349147, 16.094344423183969, 0.0 ], [ 103.622019362535454, 16.094122280551275, 0.0 ], [ 103.622616793424669, 16.091541476616399, 0.0 ], [ 103.622352237532951, 16.091484234443097, 0.0 ], [ 103.621753090176682, 16.094072438602154, 0.0 ], [ 103.620706005256366, 16.093897524021504, 0.0 ], [ 103.619653653544262, 16.093755194747928, 0.0 ], [ 103.618597119522164, 16.093645597415193, 0.0 ], [ 103.617537491972953, 16.093568844925272, 0.0 ], [ 103.616475862860199, 16.09352501633229, 0.0 ], [ 103.615413326204376, 16.093514156761337, 0.0 ], [ 103.614350976957184, 16.093536277362222, 0.0 ], [ 103.613289909874695, 16.093591355298159, 0.0 ], [ 103.612231218390889, 16.09367933376943, 0.0 ], [ 103.612158788631362, 16.093686562276812, 0.0 ], [ 103.612080921770513, 16.093694489926861, 0.0 ], [ 103.612009478456272, 16.093701891293534, 0.0 ], [ 103.611931023339565, 16.093710141812508, 0.0 ], [ 103.611861188936615, 16.093717579434127, 0.0 ], [ 103.611781509638249, 16.093726154661915, 0.0 ], [ 103.611715164188936, 16.093733354230533, 0.0 ], [ 103.611632366174504, 16.093742394728149, 0.0 ], [ 103.611582712581367, 16.093747838483523, 0.0 ], [ 103.611483577807505, 16.093758729245248, 0.0 ], [ 103.606850829563882, 16.094267966884072, 0.0 ], [ 103.606929395696085, 16.093633341513918, 0.0 ], [ 103.606945453762208, 16.09348283533792, 0.0 ], [ 103.606956418612043, 16.093331902396056, 0.0 ], [ 103.606962278556878, 16.093180703743815, 0.0 ], [ 103.606963027355334, 16.093029400719868, 0.0 ], [ 103.606958664220016, 16.092878154773882, 0.0 ], [ 103.606949193818252, 16.092727127294282, 0.0 ], [ 103.606934626267176, 16.092576479436001, 0.0 ], [ 103.606850797841858, 16.091839648969305, 0.0 ], [ 103.606841106415459, 16.091765229823217, 0.0 ], [ 103.606828979067785, 16.091691145201043, 0.0 ], [ 103.60681442799816, 16.091617469610618, 0.0 ], [ 103.606797467843506, 16.091544277148294, 0.0 ], [ 103.606778115663474, 16.091471641424487, 0.0 ], [ 103.606756390923408, 16.091399635489584, 0.0 ], [ 103.606732315474645, 16.091328331760522, 0.0 ], [ 103.60651114677664, 16.091401157784322, 0.0 ], [ 103.606532954382459, 16.091465751609508, 0.0 ], [ 103.606552633831015, 16.091530981112385, 0.0 ], [ 103.606570165353176, 16.091596780773401, 0.0 ], [ 103.606585531337302, 16.091663084500279, 0.0 ], [ 103.606598716346838, 16.091729825694323, 0.0 ], [ 103.606609707135902, 16.09179693731738, 0.0 ], [ 103.60661849266252, 16.091864351959149, 0.0 ], [ 103.606702320225835, 16.092601182448643, 0.0 ], [ 103.60671617699667, 16.092744481632707, 0.0 ], [ 103.606725185258796, 16.092888141914674, 0.0 ], [ 103.606729335389346, 16.093032010000851, 0.0 ], [ 103.60672862294939, 16.093175932375459, 0.0 ], [ 103.606723048688622, 16.093319755464478, 0.0 ], [ 103.606712618544677, 16.093463325799508, 0.0 ], [ 103.60669734363681, 16.093606490181536, 0.0 ], [ 103.606612205621985, 16.09429419391768, 0.0 ], [ 103.588012615033094, 16.096337616188606, 0.0 ], [ 103.588542647796416, 16.095169359441137, 0.0 ], [ 103.588577807538726, 16.095088457707906, 0.0 ], [ 103.588610342111508, 16.095006535865593, 0.0 ], [ 103.588640219907219, 16.094923673509605, 0.0 ], [ 103.588667411899792, 16.094839951149034, 0.0 ], [ 103.588691891672795, 16.094755450128471, 0.0 ], [ 103.588952052838579, 16.093800325588241, 0.0 ], [ 103.588744131097371, 16.093747390661839, 0.0 ], [ 103.588483969049335, 16.094702514879664, 0.0 ], [ 103.588461296700586, 16.094780776632003, 0.0 ], [ 103.588436112395826, 16.094858317215778, 0.0 ], [ 103.588408440601228, 16.094935061292695, 0.0 ], [ 103.588378308199964, 16.095010934298259, 0.0 ], [ 103.588345744465997, 16.095085862514228, 0.0 ], [ 103.587765516496944, 16.096364752094367, 0.0 ], [ 103.563737601592223, 16.099002039657446, 0.0 ], [ 103.563638465192128, 16.099012922399464, 0.0 ], [ 103.563588813352681, 16.099018384047636, 0.0 ], [ 103.563506026856402, 16.099027527508223, 0.0 ], [ 103.563439700965759, 16.099034897478415, 0.0 ], [ 103.563360061690048, 16.099043818101347, 0.0 ], [ 103.563290280478, 16.099051712613619, 0.0 ], [ 103.563211909531304, 16.099060684222042, 0.0 ], [ 103.563140568794836, 16.099068962932396, 0.0 ], [ 103.563062846022461, 16.099078121623698, 0.0 ], [ 103.562990584063954, 16.099086782681521, 0.0 ], [ 103.561863364245298, 16.099242148472186, 0.0 ], [ 103.560742338573704, 16.099434904878226, 0.0 ], [ 103.55962883347685, 16.09966482377375, 0.0 ], [ 103.558524166492973, 16.099931633061374, 0.0 ], [ 103.557429644713977, 16.10023501699386, 0.0 ], [ 103.556346563241064, 16.100574616547512, 0.0 ], [ 103.555276203654216, 16.100950029846636, 0.0 ], [ 103.554219832497836, 16.101360812638575, 0.0 ], [ 103.554152784621351, 16.101388271001486, 0.0 ], [ 103.554080751148277, 16.101417940212379, 0.0 ], [ 103.554014698758309, 16.101445283967305, 0.0 ], [ 103.553942200908665, 16.101475428713385, 0.0 ], [ 103.553877697611057, 16.10150235068032, 0.0 ], [ 103.553804128006007, 16.10153315313184, 0.0 ], [ 103.55374288784158, 16.101558857717809, 0.0 ], [ 103.55366647798833, 16.101590989723906, 0.0 ], [ 103.553620662083759, 16.101610280374054, 0.0 ], [ 103.55352919608319, 16.101648815866735, 0.0 ], [ 103.548179860453388, 16.103902913256814, 0.0 ], [ 103.547606779954492, 16.10414438596862, 0.0 ], [ 103.545678532890449, 16.104956854391762, 0.0 ], [ 103.545250031578917, 16.105137400382361, 0.0 ], [ 103.545175328115661, 16.104971702030003, 0.0 ], [ 103.542551556393335, 16.106077182935334, 0.0 ], [ 103.542304207423769, 16.104470787475613, 0.0 ], [ 103.542213421790507, 16.103948810182807, 0.0 ], [ 103.542020212302319, 16.103982460731206, 0.0 ], [ 103.542110129967924, 16.104499402959853, 0.0 ], [ 103.542393673914674, 16.106340875076803, 0.0 ], [ 103.51075737228804, 16.119666610100751, 0.0 ], [ 103.510672676722578, 16.119416438946992, 0.0 ], [ 103.510596924953916, 16.11920175554636, 0.0 ], [ 103.510240420326767, 16.118231085682133, 0.0 ], [ 103.510155148448746, 16.117987910000021, 0.0 ], [ 103.510077123130486, 16.117742471279431, 0.0 ], [ 103.510064709594729, 16.117701331603651, 0.0 ], [ 103.509903158055394, 16.117746882882496, 0.0 ], [ 103.509915571558977, 16.117788022564945, 0.0 ], [ 103.50999501389451, 16.118037919348133, 0.0 ], [ 103.510081834419026, 16.118285511993715, 0.0 ], [ 103.510438338323723, 16.119256182061456, 0.0 ], [ 103.510512738564046, 16.119467035671398, 0.0 ], [ 103.5106023985268, 16.119731871137333, 0.0 ], [ 103.503682017441022, 16.122645950539987, 0.0 ], [ 103.500534820095794, 16.123971086953411, 0.0 ], [ 103.500420603769854, 16.124019162221931, 0.0 ], [ 103.500363601610843, 16.1240431333588, 0.0 ], [ 103.500268621274856, 16.124083002651783, 0.0 ], [ 103.500192741292764, 16.124114767124869, 0.0 ], [ 103.500101709100704, 16.124152735234233, 0.0 ], [ 103.500022141911614, 16.124185769480484, 0.0 ], [ 103.49993283322884, 16.124222643760099, 0.0 ], [ 103.499851708841547, 16.124255922672514, 0.0 ], [ 103.499763352020707, 16.124291899957885, 0.0 ], [ 103.499681350952756, 16.124325009613436, 0.0 ], [ 103.498807196095854, 16.124659701342903, 0.0 ], [ 103.497921781313821, 16.124965491603735, 0.0 ], [ 103.497026129006798, 16.125242027318045, 0.0 ], [ 103.49612127340815, 16.125488989189311, 0.0 ], [ 103.495208259388789, 16.125706092071415, 0.0 ], [ 103.494288141249442, 16.125893085298102, 0.0 ], [ 103.493361981501664, 16.126049752972651, 0.0 ], [ 103.492430849639533, 16.126175914217299, 0.0 ], [ 103.491495820903069, 16.126271423382203, 0.0 ], [ 103.490557975035202, 16.126336170213666, 0.0 ], [ 103.48961839503329, 16.126370079981431, 0.0 ], [ 103.488678165897085, 16.126373113564913, 0.0 ], [ 103.487738373374199, 16.126345267498269, 0.0 ], [ 103.48764961307127, 16.126341043701284, 0.0 ], [ 103.487553867240223, 16.12633620907944, 0.0 ], [ 103.487465872049839, 16.126331538309298, 0.0 ], [ 103.487368915779399, 16.126326172475341, 0.0 ], [ 103.48728247119972, 16.126321220664341, 0.0 ], [ 103.487183509544437, 16.126315391786253, 0.0 ], [ 103.487100979151094, 16.12631042390862, 0.0 ], [ 103.486997636033422, 16.12630410288596, 0.0 ], [ 103.48693559962247, 16.126300268241113, 0.0 ], [ 103.486811280653114, 16.126292543460561, 0.0 ], [ 103.47518693453155, 16.125568669317968, 0.0 ], [ 103.478294409368161, 16.124099097234975, 0.0 ], [ 103.478037471724235, 16.123616950895446, 0.0 ], [ 103.47405903996345, 16.125498398979975, 0.0 ], [ 103.466334858700023, 16.125017004602793, 0.0 ], [ 103.466235282695607, 16.125010804257386, 0.0 ], [ 103.466185408659172, 16.125007709775005, 0.0 ], [ 103.466102244931918, 16.12500258667534, 0.0 ], [ 103.466035608691428, 16.124998526034169, 0.0 ], [ 103.465955583759524, 16.124993720494334, 0.0 ], [ 103.465885450374913, 16.12498958669395, 0.0 ], [ 103.46580666468347, 16.12498504770527, 0.0 ], [ 103.465734925985146, 16.124981026017071, 0.0 ], [ 103.465656744211174, 16.124976781742085, 0.0 ], [ 103.46558402888023, 16.124972979233725, 0.0 ], [ 103.464514591418052, 16.124934905952617, 0.0 ], [ 103.463444440241361, 16.124930269040686, 0.0 ], [ 103.462374693695352, 16.124959073297088, 0.0 ], [ 103.462301946129955, 16.12496224551473, 0.0 ], [ 103.462223728257158, 16.124965812109373, 0.0 ], [ 103.462151955260481, 16.124969211960078, 0.0 ], [ 103.462073130773177, 16.124973068021689, 0.0 ], [ 103.462002961992923, 16.124976593890207, 0.0 ], [ 103.461922895855849, 16.124980705751774, 0.0 ], [ 103.461856224759615, 16.124984188768668, 0.0 ], [ 103.461773017025976, 16.124988590975487, 0.0 ], [ 103.461723116397394, 16.124991253130641, 0.0 ], [ 103.461623487098336, 16.124996590311717, 0.0 ], [ 103.459543500915686, 16.125108158907405, 0.0 ], [ 103.459443872437859, 16.125113509734987, 0.0 ], [ 103.459393973482918, 16.125116200740084, 0.0 ], [ 103.459310772761171, 16.125120724533677, 0.0 ], [ 103.459244112359571, 16.125124393298776, 0.0 ], [ 103.459164067185185, 16.12512886966428, 0.0 ], [ 103.459093925670714, 16.125132869913962, 0.0 ], [ 103.45901514380391, 16.125137467715451, 0.0 ], [ 103.458943422351666, 16.125141764777727, 0.0 ], [ 103.458865276512071, 16.125146585391501, 0.0 ], [ 103.458792612532392, 16.125151212917604, 0.0 ], [ 103.457922595866123, 16.125218667737517, 0.0 ], [ 103.457054721487623, 16.125308271945286, 0.0 ], [ 103.456982429407873, 16.125316744581575, 0.0 ], [ 103.456904713441347, 16.12532600971852, 0.0 ], [ 103.456833410923863, 16.125334638208518, 0.0 ], [ 103.456755112681549, 16.125344236258915, 0.0 ], [ 103.456685419639626, 16.125352873322797, 0.0 ], [ 103.456605903269207, 16.125362817063898, 0.0 ], [ 103.456539694576648, 16.125371156119677, 0.0 ], [ 103.456457068251254, 16.12538161866599, 0.0 ], [ 103.456407518026708, 16.125387915212549, 0.0 ], [ 103.456308590044983, 16.125400508589482, 0.0 ], [ 103.455820756503044, 16.125462644883115, 0.0 ], [ 103.450558032589356, 16.126132893822692, 0.0 ], [ 103.450099879563453, 16.124042448472316, 0.0 ], [ 103.44985293338479, 16.124093018884551, 0.0 ], [ 103.450307006479647, 16.126164860557758, 0.0 ], [ 103.409348029661899, 16.131376606610619, 0.0 ], [ 103.410286303548915, 16.12948354797582, 0.0 ], [ 103.410100809314571, 16.129397647658177, 0.0 ], [ 103.409104618464042, 16.131407554368614, 0.0 ], [ 103.393346837656381, 16.133410408902808, 0.0 ], [ 103.393996320398188, 16.131350287937611, 0.0 ], [ 103.393799569374266, 16.131292334093839, 0.0 ], [ 103.393122840439702, 16.133438870731585, 0.0 ], [ 103.382062842892296, 16.134843884051783, 0.0 ], [ 103.381976291748089, 16.134854880728604, 0.0 ], [ 103.381932965064422, 16.134860391511577, 0.0 ], [ 103.381860733511232, 16.134869598614046, 0.0 ], [ 103.381802889188052, 16.134876995700822, 0.0 ], [ 103.381733446549987, 16.13488591419846, 0.0 ], [ 103.381672625034554, 16.134893767351155, 0.0 ], [ 103.381604328371239, 16.134902642106319, 0.0 ], [ 103.381542182666664, 16.134910777499627, 0.0 ], [ 103.381474487853339, 16.134919713936316, 0.0 ], [ 103.381411572563806, 16.134928097471661, 0.0 ], [ 103.379875464482623, 16.135158790416348, 0.0 ], [ 103.378348061975316, 16.135438323292313, 0.0 ], [ 103.376831026304686, 16.135766391965973, 0.0 ], [ 103.375326007474158, 16.136142639514709, 0.0 ], [ 103.373834642436634, 16.136566656614708, 0.0 ], [ 103.372358553317468, 16.137037981985763, 0.0 ], [ 103.370899345653598, 16.137556102892358, 0.0 ], [ 103.369458606650383, 16.138120455700754, 0.0 ], [ 103.368037903458188, 16.13873042649119, 0.0 ], [ 103.366638781470868, 16.139385351724766, 0.0 ], [ 103.365262762647419, 16.140084518964176, 0.0 ], [ 103.3650735245742, 16.138979526346656, 0.0 ], [ 103.365029202098299, 16.138691657898217, 0.0 ], [ 103.364994615082153, 16.138402545551216, 0.0 ], [ 103.364969800270657, 16.138112496815001, 0.0 ], [ 103.364941785511334, 16.137704049399073, 0.0 ], [ 103.364708561774947, 16.137718994068699, 0.0 ], [ 103.364736576051868, 16.138127441470886, 0.0 ], [ 103.364762018735405, 16.138424833208564, 0.0 ], [ 103.364797481023558, 16.138721264862024, 0.0 ], [ 103.364842925242598, 16.139016421136834, 0.0 ], [ 103.365045624469815, 16.140200023465642, 0.0 ], [ 103.363775070412075, 16.140905255057397, 0.0 ], [ 103.362527805416931, 16.141648316871969, 0.0 ], [ 103.361305034781168, 16.142428490911495, 0.0 ], [ 103.361252603533742, 16.142463135314994, 0.0 ], [ 103.361196247571897, 16.142500473773758, 0.0 ], [ 103.361144558851478, 16.142534802250054, 0.0 ], [ 103.361087799926082, 16.142572577215688, 0.0 ], [ 103.361037288250699, 16.142606254890563, 0.0 ], [ 103.360979650031339, 16.142644741600503, 0.0 ], [ 103.36093166067765, 16.142676823845246, 0.0 ], [ 103.360871755967509, 16.142716907775267, 0.0 ], [ 103.360835831562866, 16.14274096017494, 0.0 ], [ 103.360764075810323, 16.142789017002922, 0.0 ], [ 103.351251906978874, 16.14915977441925, 0.0 ], [ 103.351149376239491, 16.149228455706403, 0.0 ], [ 103.351098020252621, 16.149262881511035, 0.0 ], [ 103.351012420993726, 16.149320343506069, 0.0 ], [ 103.350943866363792, 16.149366461837431, 0.0 ], [ 103.350861609043122, 16.149421955738891, 0.0 ], [ 103.350789590049828, 16.149470715159545, 0.0 ], [ 103.350708796424769, 16.149525648394448, 0.0 ], [ 103.350635338841229, 16.149575841700351, 0.0 ], [ 103.350555433506173, 16.149630750133522, 0.0 ], [ 103.350481263895148, 16.149682041559938, 0.0 ], [ 103.349703221024768, 16.150241541117307, 0.0 ], [ 103.348945374445577, 16.150826364634103, 0.0 ], [ 103.348208606190013, 16.151435831546376, 0.0 ], [ 103.347493773784748, 16.152069232609488, 0.0 ], [ 103.347427707772383, 16.15212999822624, 0.0 ], [ 103.34735688784501, 16.152195528718696, 0.0 ], [ 103.34729207157595, 16.152255824885849, 0.0 ], [ 103.347221059419979, 16.152322193986979, 0.0 ], [ 103.347157970690134, 16.152381394110868, 0.0 ], [ 103.347086113581994, 16.15244904730811, 0.0 ], [ 103.347026359992967, 16.152505455297739, 0.0 ], [ 103.346951874596257, 16.152575910995473, 0.0 ], [ 103.346907236243212, 16.152618190698949, 0.0 ], [ 103.346818166673089, 16.152702610099414, 0.0 ], [ 103.345881124003071, 16.15359092173707, 0.0 ], [ 103.345747756301535, 16.153717268309457, 0.0 ], [ 103.345681274409841, 16.153780124305676, 0.0 ], [ 103.345570373696873, 16.153884557703574, 0.0 ], [ 103.345481716499805, 16.153967544983782, 0.0 ], [ 103.345375096341911, 16.15406655054392, 0.0 ], [ 103.345281695348987, 16.154152417036986, 0.0 ], [ 103.345176446467732, 16.15424801955098, 0.0 ], [ 103.345080487578485, 16.154333968722355, 0.0 ], [ 103.344975416067541, 16.154426580755864, 0.0 ], [ 103.344877410920716, 16.154511415392683, 0.0 ], [ 103.344515520719796, 16.154810997516954, 0.0 ], [ 103.344143032083196, 16.155098189849603, 0.0 ], [ 103.344038393131655, 16.155175269431524, 0.0 ], [ 103.343924521868772, 16.155257594380419, 0.0 ], [ 103.343819134981175, 16.155332522047999, 0.0 ], [ 103.343702191280528, 16.155414453124894, 0.0 ], [ 103.343597369296944, 16.155486968315959, 0.0 ], [ 103.343476709401827, 16.155569561259423, 0.0 ], [ 103.343375705250651, 16.155638114842581, 0.0 ], [ 103.343248724473014, 16.155723750560593, 0.0 ], [ 103.343172347849105, 16.155775039597515, 0.0 ], [ 103.343018873713618, 16.155877881809541, 0.0 ], [ 103.340951904310671, 16.157261939089356, 0.0 ], [ 103.340798455262259, 16.157364572519405, 0.0 ], [ 103.3407221330678, 16.157415447993372, 0.0 ], [ 103.340594869544915, 16.157499708295976, 0.0 ], [ 103.340493315921265, 16.1575662652407, 0.0 ], [ 103.340371259436679, 16.15764517635083, 0.0 ], [ 103.340264516012184, 16.157713014511948, 0.0 ], [ 103.340144298928848, 16.157787848453331, 0.0 ], [ 103.340034875593432, 16.157854321140732, 0.0 ], [ 103.339915133010734, 16.15792503905605, 0.0 ], [ 103.339803642533795, 16.157988798290301, 0.0 ], [ 103.33954993679933, 16.158125906870474, 0.0 ], [ 103.339291533095889, 16.158254559843211, 0.0 ], [ 103.339028733018935, 16.15837460705124, 0.0 ], [ 103.338761843296794, 16.158485908381589, 0.0 ], [ 103.338491175432537, 16.158588333929217, 0.0 ], [ 103.338217045340301, 16.158681764148621, 0.0 ], [ 103.337939772976497, 16.158766089993431, 0.0 ], [ 103.337659681966144, 16.158841213043722, 0.0 ], [ 103.337377099225108, 16.158907045620872, 0.0 ], [ 103.337092354578346, 16.158963510889979, 0.0 ], [ 103.336805780374831, 16.159010542949488, 0.0 ], [ 103.336517711099489, 16.159048086908186, 0.0 ], [ 103.336228482982605, 16.159076098949235, 0.0 ], [ 103.335938433607311, 16.159094546381326, 0.0 ], [ 103.335647901515401, 16.159103407676838, 0.0 ], [ 103.335518357653413, 16.159104296210668, 0.0 ], [ 103.33537803129164, 16.159103331341836, 0.0 ], [ 103.335248812038202, 16.159100864952116, 0.0 ], [ 103.33510588424349, 16.159096609075739, 0.0 ], [ 103.334978233512231, 16.159091637761005, 0.0 ], [ 103.334831555302102, 16.159084803983507, 0.0 ], [ 103.334709035319136, 16.159078345830348, 0.0 ], [ 103.334555042394825, 16.159069521343092, 0.0 ], [ 103.33446250716014, 16.159063935140423, 0.0 ], [ 103.334276276529465, 16.159052407251309, 0.0 ], [ 103.332768835753598, 16.158958318977451, 0.0 ], [ 103.331261397471678, 16.158864220160591, 0.0 ], [ 103.330844725440542, 16.158838208355931, 0.0 ], [ 103.330868834217668, 16.158477491405282, 0.0 ], [ 103.321537912466169, 16.157894781270016, 0.0 ], [ 103.321513787627268, 16.158255486872108, 0.0 ], [ 103.320267975183, 16.158177654277868, 0.0 ], [ 103.320081760123813, 16.158165924674606, 0.0 ], [ 103.319989251531709, 16.158159955756229, 0.0 ], [ 103.319835365797388, 16.1581495546654, 0.0 ], [ 103.319713006059899, 16.158140721232822, 0.0 ], [ 103.319685822337902, 16.158138671149651, 0.0 ], [ 103.319671362244847, 16.158318864302522, 0.0 ], [ 103.319627074042103, 16.158315452623885, 0.0 ], [ 103.319582426610935, 16.158311913358222, 0.0 ], [ 103.319537818960882, 16.15830827024913, 0.0 ], [ 103.319493251987709, 16.158304516387634, 0.0 ], [ 103.319448726643557, 16.158300644884925, 0.0 ], [ 103.319404243939189, 16.15829664887287, 0.0 ], [ 103.31935980494741, 16.158292521504617, 0.0 ], [ 103.319315410809054, 16.158288255955593, 0.0 ], [ 103.319294566301878, 16.158286182916214, 0.0 ], [ 103.319271062731389, 16.158283845423735, 0.0 ], [ 103.31922676199747, 16.158279283130888, 0.0 ], [ 103.3191825099629, 16.158274562323033, 0.0 ], [ 103.319138308065789, 16.158269676271825, 0.0 ], [ 103.319094157825219, 16.158264618275165, 0.0 ], [ 103.319050060845598, 16.158259381658254, 0.0 ], [ 103.319006018821639, 16.158253959774992, 0.0 ], [ 103.318962033539094, 16.158248346008783, 0.0 ], [ 103.318918106880162, 16.15824253377415, 0.0 ], [ 103.318874003772748, 16.158236484000501, 0.0 ], [ 103.318589396184734, 16.158192061634018, 0.0 ], [ 103.318306468857557, 16.158138545125528, 0.0 ], [ 103.318025532814602, 16.158075993309943, 0.0 ], [ 103.317746896889091, 16.158004474954623, 0.0 ], [ 103.317470867384557, 16.157924068683769, 0.0 ], [ 103.317197747737993, 16.157834862891928, 0.0 ], [ 103.316927838186189, 16.15773695564679, 0.0 ], [ 103.316661435435563, 16.157630454581273, 0.0 ], [ 103.316398832335921, 16.15751547677522, 0.0 ], [ 103.316140317558464, 16.157392148626631, 0.0 ], [ 103.316100758262365, 16.157372358166068, 0.0 ], [ 103.316061485252277, 16.157352473089222, 0.0 ], [ 103.316022283580381, 16.157332393472306, 0.0 ], [ 103.315983150826938, 16.157312125734503, 0.0 ], [ 103.315944084477707, 16.157291676267668, 0.0 ], [ 103.315905081924456, 16.157271051435579, 0.0 ], [ 103.315866140469993, 16.157250257575747, 0.0 ], [ 103.315827257329104, 16.157229300999003, 0.0 ], [ 103.315788429636839, 16.157208187993131, 0.0 ], [ 103.315749654444588, 16.157186924820131, 0.0 ], [ 103.3157109287298, 16.157165517720749, 0.0 ], [ 103.31567224939549, 16.157143972913655, 0.0 ], [ 103.315633613275438, 16.157122296597731, 0.0 ], [ 103.315595017134868, 16.157100494951997, 0.0 ], [ 103.315556457676038, 16.157078574138254, 0.0 ], [ 103.315517931542345, 16.157056540302996, 0.0 ], [ 103.315479435315837, 16.157034399575664, 0.0 ], [ 103.315440965527415, 16.157012158074149, 0.0 ], [ 103.315402518655674, 16.156989821903835, 0.0 ], [ 103.315364091130306, 16.156967397159342, 0.0 ], [ 103.31532567933688, 16.156944889927029, 0.0 ], [ 103.315287279619923, 16.156922306286742, 0.0 ], [ 103.315248888281829, 16.156899652310877, 0.0 ], [ 103.31521050159418, 16.15687693407104, 0.0 ], [ 103.315172194294718, 16.156854204317572, 0.0 ], [ 103.315133792465332, 16.15683136802194, 0.0 ], [ 103.315095383925765, 16.156808485636798, 0.0 ], [ 103.315056964828557, 16.156785563240692, 0.0 ], [ 103.315018531305881, 16.156762606917244, 0.0 ], [ 103.314980079472591, 16.156739622756959, 0.0 ], [ 103.314941609784029, 16.156716619463076, 0.0 ], [ 103.311590466920251, 16.154712605955396, 0.0 ], [ 103.311551977390707, 16.154689589247212, 0.0 ], [ 103.311513468842449, 16.154666566512688, 0.0 ], [ 103.311474938793523, 16.154643541631962, 0.0 ], [ 103.311436384761294, 16.154620518491662, 0.0 ], [ 103.311397804263677, 16.154597500985627, 0.0 ], [ 103.311359194820454, 16.154574493015726, 0.0 ], [ 103.311320553954502, 16.154551498492541, 0.0 ], [ 103.311281879193018, 16.15452852133614, 0.0 ], [ 103.311243168068941, 16.154505565476839, 0.0 ], [ 103.31120450115057, 16.154482683874299, 0.0 ], [ 103.311165718296238, 16.154459787245919, 0.0 ], [ 103.311126891741495, 16.154436923745262, 0.0 ], [ 103.311088019058147, 16.154414097349544, 0.0 ], [ 103.311049097826015, 16.154391312047419, 0.0 ], [ 103.311010125642682, 16.154368571844735, 0.0 ], [ 103.310971100117413, 16.154345880760832, 0.0 ], [ 103.310932018875931, 16.15432324283131, 0.0 ], [ 103.310892879561919, 16.154300662108813, 0.0 ], [ 103.310853679838928, 16.154278142664015, 0.0 ], [ 103.310814417389267, 16.154255688584843, 0.0 ], [ 103.310775089915367, 16.154233303977257, 0.0 ], [ 103.310735695146022, 16.154210992968562, 0.0 ], [ 103.310696230831482, 16.154188759704514, 0.0 ], [ 103.310656694748815, 16.154166608352227, 0.0 ], [ 103.310617084701278, 16.154144543099623, 0.0 ], [ 103.310577398522099, 16.154122568157309, 0.0 ], [ 103.310537634073256, 16.154100687757765, 0.0 ], [ 103.310497789248032, 16.154078906156478, 0.0 ], [ 103.310457861973845, 16.154057227633292, 0.0 ], [ 103.310417850209816, 16.154035656490791, 0.0 ], [ 103.310377885735363, 16.154014268653924, 0.0 ], [ 103.309941548827297, 16.153791089802333, 0.0 ], [ 103.309497456146516, 16.153582691471492, 0.0 ], [ 103.309046143479492, 16.153389325066755, 0.0 ], [ 103.308588155317423, 16.153211223857586, 0.0 ], [ 103.308124044199587, 16.153048602696312, 0.0 ], [ 103.307654370047075, 16.15290165775918, 0.0 ], [ 103.307179699487492, 16.152770566309766, 0.0 ], [ 103.306700605171827, 16.152655486485394, 0.0 ], [ 103.30621766508385, 16.152556557106461, 0.0 ], [ 103.305731461843223, 16.152473897509129, 0.0 ], [ 103.305242582003046, 16.152407607401496, 0.0 ], [ 103.304751615342653, 16.15235776674346, 0.0 ], [ 103.304259154156426, 16.152324435650318, 0.0 ], [ 103.303765792539863, 16.152307654320403, 0.0 ], [ 103.303720116823769, 16.152306937955561, 0.0 ], [ 103.303674305567455, 16.152306357705012, 0.0 ], [ 103.303628512164693, 16.152305911249467, 0.0 ], [ 103.303582737069817, 16.15230559387582, 0.0 ], [ 103.303536980689643, 16.152305400875345, 0.0 ], [ 103.303491243397488, 16.152305327544028, 0.0 ], [ 103.303445525518953, 16.152305369182695, 0.0 ], [ 103.303399827351299, 16.152305521097265, 0.0 ], [ 103.303354149147594, 16.152305778598919, 0.0 ], [ 103.303308491131261, 16.152306137004242, 0.0 ], [ 103.303262853492029, 16.152306591635394, 0.0 ], [ 103.30321723638842, 16.152307137820223, 0.0 ], [ 103.303171639946953, 16.152307770892353, 0.0 ], [ 103.303126064267886, 16.152308486191369, 0.0 ], [ 103.303080509426238, 16.152309279062724, 0.0 ], [ 103.303034975467483, 16.152310144858024, 0.0 ], [ 103.302989462415724, 16.152311078934929, 0.0 ], [ 103.30294397027599, 16.152312076657182, 0.0 ], [ 103.30289849902455, 16.152313133394873, 0.0 ], [ 103.302853048627469, 16.152314244524071, 0.0 ], [ 103.302807619027732, 16.152315405427192, 0.0 ], [ 103.302762122626277, 16.152316613896851, 0.0 ], [ 103.302716744119053, 16.15231786031525, 0.0 ], [ 103.30267138615099, 16.152319142669462, 0.0 ], [ 103.302626048610946, 16.152320456369569, 0.0 ], [ 103.302580731377631, 16.152321796831814, 0.0 ], [ 103.302535434321072, 16.152323159478563, 0.0 ], [ 103.302490157304149, 16.152324539738238, 0.0 ], [ 103.302444900184, 16.15232593304534, 0.0 ], [ 103.302399662813599, 16.152327334840344, 0.0 ], [ 103.302354441801711, 16.152328740670487, 0.0 ], [ 103.298469576640613, 16.152449542441939, 0.0 ], [ 103.298427387036966, 16.152450853461996, 0.0 ], [ 103.298385210948993, 16.152452161082831, 0.0 ], [ 103.298343048278824, 16.152453462339043, 0.0 ], [ 103.298300898930037, 16.152454754268067, 0.0 ], [ 103.298258762808359, 16.152456033910187, 0.0 ], [ 103.298216639822257, 16.152457298308438, 0.0 ], [ 103.298174529883653, 16.152458544508654, 0.0 ], [ 103.29813243290856, 16.152459769559417, 0.0 ], [ 103.29809034881778, 16.152460970512063, 0.0 ], [ 103.298048277537532, 16.152462144420671, 0.0 ], [ 103.298006219000143, 16.152463288341998, 0.0 ], [ 103.297964173144706, 16.15246439933555, 0.0 ], [ 103.297922139917716, 16.152465474463497, 0.0 ], [ 103.297880023955742, 16.152466513047287, 0.0 ], [ 103.297838009046728, 16.152467507694716, 0.0 ], [ 103.297796006657705, 16.152468457657207, 0.0 ], [ 103.297754016766362, 16.152469360006403, 0.0 ], [ 103.297712039374986, 16.152470211816354, 0.0 ], [ 103.297670074478432, 16.152471010164209, 0.0 ], [ 103.297628122102708, 16.152471752129507, 0.0 ], [ 103.297586182270194, 16.152472434794795, 0.0 ], [ 103.29754425502837, 16.152473055245231, 0.0 ], [ 103.297502340430555, 16.152473610568894, 0.0 ], [ 103.297460438551582, 16.152474097856587, 0.0 ], [ 103.297418549477072, 16.152474514202101, 0.0 ], [ 103.297376673307241, 16.152474856702092, 0.0 ], [ 103.297334810164543, 16.152475122456202, 0.0 ], [ 103.297292960183526, 16.152475308567098, 0.0 ], [ 103.297251123519885, 16.152475412140532, 0.0 ], [ 103.297209300345116, 16.152475430285421, 0.0 ], [ 103.2971673844158, 16.152475359935259, 0.0 ], [ 103.296557997127323, 16.152463977751122, 0.0 ], [ 103.295949328129467, 16.152433211646187, 0.0 ], [ 103.295342037368627, 16.152383094995404, 0.0 ], [ 103.294736783294468, 16.152313682154258, 0.0 ], [ 103.294134222145516, 16.152225048399718, 0.0 ], [ 103.294104196833842, 16.152036742061973, 0.0 ], [ 103.293502862291504, 16.151926420216622, 0.0 ], [ 103.292905675999691, 16.151796749331972, 0.0 ], [ 103.292313304308365, 16.151647874115604, 0.0 ], [ 103.291726408189859, 16.151479960703185, 0.0 ], [ 103.291145642500894, 16.151293196472853, 0.0 ], [ 103.290571655251412, 16.151087789835891, 0.0 ], [ 103.290005086881095, 16.150863970003972, 0.0 ], [ 103.289446569544268, 16.150621986733139, 0.0 ], [ 103.288896726404289, 16.150362110044828, 0.0 ], [ 103.288356170937831, 16.150084629924361, 0.0 ], [ 103.287825506250115, 16.149789855997057, 0.0 ], [ 103.287305324401657, 16.149478117182479, 0.0 ], [ 103.286796205747578, 16.149149761327106, 0.0 ], [ 103.286298718289743, 16.148805154815971, 0.0 ], [ 103.285813417043016, 16.148444682163479, 0.0 ], [ 103.285340843415867, 16.148068745584112, 0.0 ], [ 103.284881524606305, 16.147677764543339, 0.0 ], [ 103.284435973013629, 16.147272175289277, 0.0 ], [ 103.284004685666858, 16.146852430365634, 0.0 ], [ 103.283919357706196, 16.146766000761222, 0.0 ], [ 103.283827826089237, 16.146672110031165, 0.0 ], [ 103.283744155676956, 16.146585314281531, 0.0 ], [ 103.28365235492393, 16.146489143840068, 0.0 ], [ 103.283570834770885, 16.146403020259061, 0.0 ], [ 103.283477774495893, 16.14630401117552, 0.0 ], [ 103.283400366143937, 16.146221189694643, 0.0 ], [ 103.283303568328719, 16.146117184477411, 0.0 ], [ 103.283245533509927, 16.146054652565454, 0.0 ], [ 103.283129205252905, 16.145929133271707, 0.0 ] ] } }
]
}
