{
"type": "FeatureCollection",
"name": "Boxunderpass",
"crs": { "type": "name", "properties": { "name": "urn:ogc:def:crs:OGC:1.3:CRS84" } },
"features": [
{ "type": "Feature", "properties": { }, "geometry": { "type": "LineString", "coordinates": [ [ 103.73760335839286, 16.159827065709411, 0.0 ], [ 103.737812944041366, 16.159567962498116, 0.0 ] ] } },
{ "type": "Feature", "properties": { }, "geometry": { "type": "LineString", "coordinates": [ [ 103.737641969952662, 16.159889253486153, 0.0 ], [ 103.737552535931002, 16.159745262095324, 0.0 ] ] } },
{ "type": "Feature", "properties": { }, "geometry": { "type": "LineString", "coordinates": [ [ 103.737863748020658, 16.159649758246612, 0.0 ], [ 103.737774313923836, 16.159505766938768, 0.0 ] ] } },
{ "type": "Feature", "properties": { }, "geometry": { "type": "LineString", "coordinates": [ [ 103.737663506887984, 16.159752706380793, 0.0 ], [ 103.737752787908093, 16.159642331461605, 0.0 ] ] } },
{ "type": "Feature", "properties": { }, "geometry": { "type": "LineString", "coordinates": [ [ 103.737863748020658, 16.159649758246612, 0.0 ], [ 103.737861502331199, 16.159651061072008, 0.0 ] ] } },
{ "type": "Feature", "properties": { }, "geometry": { "type": "LineString", "coordinates": [ [ 103.737858934880052, 16.159642008966316, 0.0 ], [ 103.737863748020658, 16.159649758246612, 0.0 ] ] } },
{ "type": "Feature", "properties": { }, "geometry": { "type": "LineString", "coordinates": [ [ 103.737774313923836, 16.159505766938768, 0.0 ], [ 103.737772068235572, 16.159507069763318, 0.0 ] ] } },
{ "type": "Feature", "properties": { }, "geometry": { "type": "LineString", "coordinates": [ [ 103.737779127058104, 16.15951351622061, 0.0 ], [ 103.737774313923836, 16.159505766938768, 0.0 ] ] } },
{ "type": "Feature", "properties": { }, "geometry": { "type": "LineString", "coordinates": [ [ 103.737641969952662, 16.159889253486153, 0.0 ], [ 103.737644215646185, 16.159887950663396, 0.0 ] ] } },
{ "type": "Feature", "properties": { }, "geometry": { "type": "LineString", "coordinates": [ [ 103.737637156815993, 16.159881504201223, 0.0 ], [ 103.737641969952662, 16.159889253486153, 0.0 ] ] } },
{ "type": "Feature", "properties": { }, "geometry": { "type": "LineString", "coordinates": [ [ 103.737644215646185, 16.159887950663396, 0.0 ], [ 103.737639559729956, 16.159880454507906, 0.0 ] ] } },
{ "type": "Feature", "properties": { }, "geometry": { "type": "LineString", "coordinates": [ [ 103.737643467081682, 16.159888384937656, 0.0 ], [ 103.737638758758635, 16.159880804405681, 0.0 ] ] } },
{ "type": "Feature", "properties": { }, "geometry": { "type": "LineString", "coordinates": [ [ 103.737776724150251, 16.159514565917348, 0.0 ], [ 103.737772068235572, 16.159507069763318, 0.0 ] ] } },
{ "type": "Feature", "properties": { }, "geometry": { "type": "LineString", "coordinates": [ [ 103.737861502331199, 16.159651061072008, 0.0 ], [ 103.737857682798051, 16.159644911525238, 0.0 ] ] } },
{ "type": "Feature", "properties": { }, "geometry": { "type": "LineString", "coordinates": [ [ 103.73777752511954, 16.15951421601844, 0.0 ], [ 103.737772816798326, 16.159506635488469, 0.0 ] ] } },
{ "type": "Feature", "properties": { }, "geometry": { "type": "LineString", "coordinates": [ [ 103.737862250894352, 16.159650626796878, 0.0 ], [ 103.737858100158718, 16.159643944005598, 0.0 ] ] } },
{ "type": "Feature", "properties": { }, "geometry": { "type": "LineString", "coordinates": [ [ 103.737763677019316, 16.159659863230569, 0.0 ], [ 103.737858934880052, 16.159642008966316, 0.0 ] ] } },
{ "type": "Feature", "properties": { }, "geometry": { "type": "LineString", "coordinates": [ [ 103.737764666520206, 16.159661456354101, 0.0 ], [ 103.737859924381667, 16.159643602089453, 0.0 ] ] } },
{ "type": "Feature", "properties": { }, "geometry": { "type": "LineString", "coordinates": [ [ 103.737765161270417, 16.159662252915911, 0.0 ], [ 103.737860419132488, 16.159644398651025, 0.0 ] ] } },
{ "type": "Feature", "properties": { }, "geometry": { "type": "LineString", "coordinates": [ [ 103.737741743597525, 16.15962454981392, 0.0 ], [ 103.737779127058104, 16.15951351622061, 0.0 ] ] } },
{ "type": "Feature", "properties": { }, "geometry": { "type": "LineString", "coordinates": [ [ 103.737740857565399, 16.159623123277356, 0.0 ], [ 103.73777824102612, 16.159512089684196, 0.0 ] ] } },
{ "type": "Feature", "properties": { }, "geometry": { "type": "LineString", "coordinates": [ [ 103.737740414549336, 16.159622410009078, 0.0 ], [ 103.737777798010143, 16.159511376415988, 0.0 ] ] } },
{ "type": "Feature", "properties": { }, "geometry": { "type": "LineString", "coordinates": [ [ 103.737674540392774, 16.159770470636452, 0.0 ], [ 103.737637156815993, 16.159881504201223, 0.0 ] ] } },
{ "type": "Feature", "properties": { }, "geometry": { "type": "LineString", "coordinates": [ [ 103.737675426425596, 16.159771897174256, 0.0 ], [ 103.737638042848957, 16.159882930739183, 0.0 ] ] } },
{ "type": "Feature", "properties": { }, "geometry": { "type": "LineString", "coordinates": [ [ 103.737675869442, 16.159772610443159, 0.0 ], [ 103.737638485865446, 16.159883644008154, 0.0 ] ] } },
{ "type": "Feature", "properties": { }, "geometry": { "type": "LineString", "coordinates": [ [ 103.737652606978841, 16.159735157214499, 0.0 ], [ 103.737557349061348, 16.159753011381806, 0.0 ] ] } },
{ "type": "Feature", "properties": { }, "geometry": { "type": "LineString", "coordinates": [ [ 103.737651617478761, 16.159733564090836, 0.0 ], [ 103.737556359561992, 16.159751418257752, 0.0 ] ] } },
{ "type": "Feature", "properties": { }, "geometry": { "type": "LineString", "coordinates": [ [ 103.737651122728735, 16.159732767528997, 0.0 ], [ 103.737555864812308, 16.159750621695718, 0.0 ] ] } },
{ "type": "Feature", "properties": { }, "geometry": { "type": "LineString", "coordinates": [ [ 103.737765161269223, 16.159662252913552, 0.0 ], [ 103.737740414549336, 16.159622410009078, 0.0 ] ] } },
{ "type": "Feature", "properties": { }, "geometry": { "type": "LineString", "coordinates": [ [ 103.737651122728735, 16.159732767528997, 0.0 ], [ 103.737740414549336, 16.159622410009078, 0.0 ] ] } },
{ "type": "Feature", "properties": { }, "geometry": { "type": "LineString", "coordinates": [ [ 103.737675869442, 16.159772610443159, 0.0 ], [ 103.737651122728735, 16.159732767528997, 0.0 ] ] } },
{ "type": "Feature", "properties": { }, "geometry": { "type": "LineString", "coordinates": [ [ 103.737675869442, 16.159772610443159, 0.0 ], [ 103.737765161269223, 16.159662252913552, 0.0 ] ] } },
{ "type": "Feature", "properties": { }, "geometry": { "type": "LineString", "coordinates": [ [ 103.732030059931617, 16.152898089018922, 0.0 ], [ 103.731976526689593, 16.152953030929719, 0.0 ] ] } },
{ "type": "Feature", "properties": { }, "geometry": { "type": "LineString", "coordinates": [ [ 103.732030059931617, 16.152898089018922, 0.0 ], [ 103.731977488364862, 16.152952043949426, 0.0 ] ] } },
{ "type": "Feature", "properties": { }, "geometry": { "type": "LineString", "coordinates": [ [ 103.731997381677473, 16.152868346490063, 0.0 ], [ 103.732030059931617, 16.152898089018922, 0.0 ] ] } },
{ "type": "Feature", "properties": { }, "geometry": { "type": "LineString", "coordinates": [ [ 103.732110836829889, 16.15278617709701, 0.0 ], [ 103.732110825738772, 16.152786392211869, 0.0 ], [ 103.732110795291419, 16.152786605573883, 0.0 ], [ 103.732110745719595, 16.152786815559239, 0.0 ], [ 103.732110677400527, 16.152787020569821, 0.0 ], [ 103.732110590854177, 16.152787219045379, 0.0 ], [ 103.732110486739231, 16.152787409475383, 0.0 ], [ 103.732110365848058, 16.152787590410558, 0.0 ], [ 103.732110229100698, 16.152787760473871, 0.0 ], [ 103.732110077537897, 16.152787918371043, 0.0 ], [ 103.732109912313135, 16.152788062900374, 0.0 ], [ 103.73210973468386, 16.152788192961911, 0.0 ], [ 103.732109546001965, 16.152788307565807, 0.0 ], [ 103.732109347703414, 16.152788405839864, 0.0 ], [ 103.732109141297386, 16.152788487036144, 0.0 ], [ 103.732108928354748, 16.152788550536709, 0.0 ], [ 103.732108710496135, 16.152788595858279, 0.0 ], [ 103.73210848937957, 16.152788622655908, 0.0 ], [ 103.732108266687888, 16.152788630725674, 0.0 ], [ 103.73210804411589, 16.152788620006149, 0.0 ], [ 103.732107823357524, 16.152788590578933, 0.0 ], [ 103.732107606092868, 16.152788542667956, 0.0 ], [ 103.732107393975426, 16.15278847663787, 0.0 ], [ 103.73210718861958, 16.152788392991209, 0.0 ], [ 103.732106991588168, 16.152788292364551, 0.0 ], [ 103.732106804380734, 16.152788175523742, 0.0 ], [ 103.732106628422045, 16.152788043358012, 0.0 ], [ 103.73210646505126, 16.15278789687321, 0.0 ], [ 103.7321063155117, 16.152787737184195, 0.0 ], [ 103.732106180941486, 16.152787565506276, 0.0 ], [ 103.73210606236475, 16.152787383146034, 0.0 ], [ 103.732105960683967, 16.152787191491345, 0.0 ], [ 103.732105876672961, 16.152786992000799, 0.0 ], [ 103.732105810971092, 16.152786786192667, 0.0 ], [ 103.732105764078426, 16.152786575633254, 0.0 ], [ 103.732105736351841, 16.152786361925049, 0.0 ], [ 103.732105728002324, 16.152786146694496, 0.0 ], [ 103.732105739093456, 16.152785931579636, 0.0 ], [ 103.732105769540794, 16.152785718217626, 0.0 ], [ 103.732105819112633, 16.15278550823227, 0.0 ], [ 103.7321058874317, 16.152785303221695, 0.0 ], [ 103.732105973978051, 16.152785104746137, 0.0 ], [ 103.732106078092997, 16.152784914316136, 0.0 ], [ 103.732106198984184, 16.152784733380965, 0.0 ], [ 103.732106335731544, 16.152784563317653, 0.0 ], [ 103.732106487294359, 16.152784405420487, 0.0 ], [ 103.732106652519107, 16.15278426089116, 0.0 ], [ 103.732106830148382, 16.152784130829616, 0.0 ], [ 103.732107018830263, 16.15278401622572, 0.0 ], [ 103.732107217128814, 16.15278391795167, 0.0 ], [ 103.732107423534828, 16.152783836755386, 0.0 ], [ 103.732107636477465, 16.152783773254829, 0.0 ], [ 103.732107854336078, 16.152783727933265, 0.0 ], [ 103.732108075452643, 16.152783701135633, 0.0 ], [ 103.732108298144311, 16.152783693065864, 0.0 ], [ 103.732108520716309, 16.152783703785385, 0.0 ], [ 103.732108741474676, 16.152783733212612, 0.0 ], [ 103.732108958739317, 16.152783781123578, 0.0 ], [ 103.732109170856759, 16.152783847153657, 0.0 ], [ 103.73210937621262, 16.152783930800325, 0.0 ], [ 103.732109573244017, 16.152784031426972, 0.0 ], [ 103.732109760451436, 16.152784148267784, 0.0 ], [ 103.73210993641014, 16.152784280433512, 0.0 ], [ 103.732110099780911, 16.152784426918306, 0.0 ], [ 103.732110249320471, 16.152784586607325, 0.0 ], [ 103.732110383890699, 16.15278475828524, 0.0 ], [ 103.732110502467421, 16.152784940645482, 0.0 ], [ 103.732110604148232, 16.152785132300174, 0.0 ], [ 103.732110688159253, 16.152785331790707, 0.0 ], [ 103.732110753861093, 16.152785537598842, 0.0 ], [ 103.732110800753773, 16.152785748158252, 0.0 ], [ 103.732110828480373, 16.152785961866464, 0.0 ], [ 103.732110836829889, 16.15278617709701, 0.0 ] ] } },
{ "type": "Feature", "properties": { }, "geometry": { "type": "LineString", "coordinates": [ [ 103.732070770103988, 16.152827304053435, 0.0 ], [ 103.732070759012828, 16.152827519168287, 0.0 ], [ 103.732070728565446, 16.152827732530291, 0.0 ], [ 103.732070678993537, 16.152827942515636, 0.0 ], [ 103.732070610674427, 16.152828147526201, 0.0 ], [ 103.732070524128019, 16.152828346001733, 0.0 ], [ 103.732070420013017, 16.152828536431716, 0.0 ], [ 103.732070299121773, 16.152828717366862, 0.0 ], [ 103.732070162374342, 16.152828887430147, 0.0 ], [ 103.732070010811483, 16.152829045327277, 0.0 ], [ 103.732069845586651, 16.152829189856579, 0.0 ], [ 103.732069667957333, 16.152829319918073, 0.0 ], [ 103.732069479275367, 16.152829434521937, 0.0 ], [ 103.732069280976759, 16.152829532795945, 0.0 ], [ 103.732069074570674, 16.152829613992193, 0.0 ], [ 103.73206886162798, 16.152829677492701, 0.0 ], [ 103.73206864376931, 16.152829722814218, 0.0 ], [ 103.732068422652702, 16.152829749611811, 0.0 ], [ 103.732068199960977, 16.152829757681534, 0.0 ], [ 103.732067977388951, 16.152829746961967, 0.0 ], [ 103.732067756630542, 16.152829717534697, 0.0 ], [ 103.732067539365843, 16.152829669623681, 0.0 ], [ 103.732067327248387, 16.152829603593563, 0.0 ], [ 103.732067121892513, 16.152829519946849, 0.0 ], [ 103.732066924861073, 16.15282941932016, 0.0 ], [ 103.732066737653639, 16.152829302479315, 0.0 ], [ 103.73206656169495, 16.152829170313552, 0.0 ], [ 103.73206639832415, 16.152829023828723, 0.0 ], [ 103.732066248784619, 16.152828864139671, 0.0 ], [ 103.732066114214405, 16.152828692461732, 0.0 ], [ 103.732065995637697, 16.152828510101472, 0.0 ], [ 103.732065893956928, 16.152828318446758, 0.0 ], [ 103.732065809945922, 16.152828118956212, 0.0 ], [ 103.73206574424411, 16.152827913148062, 0.0 ], [ 103.732065697351487, 16.152827702588638, 0.0 ], [ 103.73206566962493, 16.152827488880433, 0.0 ], [ 103.73206566127547, 16.152827273649887, 0.0 ], [ 103.73206567236663, 16.152827058535035, 0.0 ], [ 103.73206570281404, 16.152826845173031, 0.0 ], [ 103.732065752385935, 16.152826635187683, 0.0 ], [ 103.73206582070506, 16.152826430177129, 0.0 ], [ 103.732065907251467, 16.152826231701599, 0.0 ], [ 103.73206601136647, 16.15282604127162, 0.0 ], [ 103.732066132257714, 16.152825860336478, 0.0 ], [ 103.732066269005145, 16.15282569027319, 0.0 ], [ 103.732066420568017, 16.15282553237606, 0.0 ], [ 103.732066585792836, 16.152825387846764, 0.0 ], [ 103.732066763422154, 16.152825257785267, 0.0 ], [ 103.73206695210412, 16.152825143181413, 0.0 ], [ 103.732067150402727, 16.152825044907402, 0.0 ], [ 103.732067356808798, 16.152824963711165, 0.0 ], [ 103.732067569751493, 16.152824900210646, 0.0 ], [ 103.732067787610163, 16.152824854889133, 0.0 ], [ 103.732068008726756, 16.152824828091546, 0.0 ], [ 103.732068231418495, 16.152824820021824, 0.0 ], [ 103.732068453990493, 16.152824830741388, 0.0 ], [ 103.732068674748902, 16.152824860168657, 0.0 ], [ 103.732068892013586, 16.152824908079662, 0.0 ], [ 103.732069104131057, 16.152824974109784, 0.0 ], [ 103.732069309486931, 16.152825057756495, 0.0 ], [ 103.732069506518357, 16.152825158383184, 0.0 ], [ 103.732069693725791, 16.152825275224025, 0.0 ], [ 103.73206986968448, 16.152825407389788, 0.0 ], [ 103.73207003305528, 16.152825553874614, 0.0 ], [ 103.732070182594825, 16.152825713563658, 0.0 ], [ 103.732070317165025, 16.152825885241604, 0.0 ], [ 103.732070435741747, 16.152826067601861, 0.0 ], [ 103.732070537422516, 16.152826259256567, 0.0 ], [ 103.732070621433508, 16.152826458747118, 0.0 ], [ 103.732070687135334, 16.15282666455526, 0.0 ], [ 103.732070734027971, 16.152826875114684, 0.0 ], [ 103.732070761754528, 16.152827088822889, 0.0 ], [ 103.732070770103988, 16.152827304053435, 0.0 ] ] } },
{ "type": "Feature", "properties": { }, "geometry": { "type": "LineString", "coordinates": [ [ 103.732016275218243, 16.1528832329575, 0.0 ], [ 103.732016264127012, 16.152883448072348, 0.0 ], [ 103.732016233679559, 16.152883661434334, 0.0 ], [ 103.732016184107579, 16.152883871419657, 0.0 ], [ 103.732016115788397, 16.152884076430205, 0.0 ], [ 103.732016029241905, 16.152884274905706, 0.0 ], [ 103.732015925126802, 16.152884465335656, 0.0 ], [ 103.732015804235473, 16.152884646270763, 0.0 ], [ 103.732015667487971, 16.152884816334005, 0.0 ], [ 103.732015515925013, 16.152884974231096, 0.0 ], [ 103.732015350700109, 16.152885118760341, 0.0 ], [ 103.732015173070693, 16.152885248821786, 0.0 ], [ 103.732014984388655, 16.15288536342559, 0.0 ], [ 103.732014786089962, 16.152885461699544, 0.0 ], [ 103.732014579683792, 16.152885542895731, 0.0 ], [ 103.732014366741026, 16.152885606396179, 0.0 ], [ 103.7320141488823, 16.152885651717636, 0.0 ], [ 103.732013927765621, 16.152885678515169, 0.0 ], [ 103.732013705073825, 16.152885686584831, 0.0 ], [ 103.732013482501742, 16.1528856758652, 0.0 ], [ 103.732013261743276, 16.152885646437877, 0.0 ], [ 103.732013044478549, 16.152885598526801, 0.0 ], [ 103.732012832361065, 16.152885532496615, 0.0 ], [ 103.732012627005147, 16.152885448849855, 0.0 ], [ 103.732012429973693, 16.152885348223105, 0.0 ], [ 103.732012242766245, 16.152885231382218, 0.0 ], [ 103.732012066807542, 16.152885099216405, 0.0 ], [ 103.732011903436756, 16.15288495273154, 0.0 ], [ 103.732011753897211, 16.152884793042453, 0.0 ], [ 103.732011619327025, 16.152884621364478, 0.0 ], [ 103.732011500750346, 16.152884439004186, 0.0 ], [ 103.732011399069606, 16.152884247349448, 0.0 ], [ 103.732011315058642, 16.152884047858883, 0.0 ], [ 103.732011249356873, 16.152883842050723, 0.0 ], [ 103.732011202464292, 16.152883631491296, 0.0 ], [ 103.732011174737792, 16.152883417783087, 0.0 ], [ 103.732011166388389, 16.152883202552548, 0.0 ], [ 103.732011177479635, 16.1528829874377, 0.0 ], [ 103.732011207927087, 16.152882774075707, 0.0 ], [ 103.732011257499067, 16.152882564090387, 0.0 ], [ 103.732011325818277, 16.152882359079854, 0.0 ], [ 103.73201141236477, 16.152882160604349, 0.0 ], [ 103.732011516479858, 16.152881970174398, 0.0 ], [ 103.732011637371187, 16.152881789239292, 0.0 ], [ 103.732011774118689, 16.15288161917606, 0.0 ], [ 103.732011925681647, 16.152881461278973, 0.0 ], [ 103.732012090906551, 16.152881316749724, 0.0 ], [ 103.732012268535968, 16.152881186688276, 0.0 ], [ 103.732012457218005, 16.152881072084476, 0.0 ], [ 103.732012655516698, 16.152880973810529, 0.0 ], [ 103.732012861922854, 16.152880892614345, 0.0 ], [ 103.73201307486562, 16.152880829113887, 0.0 ], [ 103.732013292724361, 16.15288078379243, 0.0 ], [ 103.732013513841025, 16.152880756994907, 0.0 ], [ 103.732013736532807, 16.152880748925245, 0.0 ], [ 103.73201395910489, 16.152880759644873, 0.0 ], [ 103.732014179863327, 16.152880789072196, 0.0 ], [ 103.732014397128069, 16.152880836983268, 0.0 ], [ 103.732014609245553, 16.15288090301345, 0.0 ], [ 103.732014814601456, 16.152880986660218, 0.0 ], [ 103.73201501163291, 16.152881087286957, 0.0 ], [ 103.732015198840358, 16.152881204127848, 0.0 ], [ 103.732015374799062, 16.152881336293653, 0.0 ], [ 103.732015538169847, 16.152881482778522, 0.0 ], [ 103.732015687709378, 16.152881642467609, 0.0 ], [ 103.732015822279578, 16.152881814145569, 0.0 ], [ 103.732015940856272, 16.152881996505865, 0.0 ], [ 103.732016042537012, 16.152882188160593, 0.0 ], [ 103.732016126547961, 16.152882387651164, 0.0 ], [ 103.732016192249759, 16.152882593459314, 0.0 ], [ 103.732016239142339, 16.152882804018745, 0.0 ], [ 103.73201626686884, 16.152883017726957, 0.0 ], [ 103.732016275218243, 16.1528832329575, 0.0 ] ] } },
{ "type": "Feature", "properties": { }, "geometry": { "type": "LineString", "coordinates": [ [ 103.731961780301731, 16.152939161845147, 0.0 ], [ 103.731961769210429, 16.152939376959985, 0.0 ], [ 103.731961738762891, 16.152939590321967, 0.0 ], [ 103.731961689190854, 16.152939800307269, 0.0 ], [ 103.731961620871573, 16.152940005317785, 0.0 ], [ 103.731961534325009, 16.152940203793261, 0.0 ], [ 103.731961430209836, 16.152940394223183, 0.0 ], [ 103.731961309318407, 16.152940575158251, 0.0 ], [ 103.73196117257082, 16.15294074522145, 0.0 ], [ 103.731961021007777, 16.152940903118495, 0.0 ], [ 103.731960855782788, 16.15294104764769, 0.0 ], [ 103.731960678153285, 16.152941177709078, 0.0 ], [ 103.731960489471163, 16.152941292312832, 0.0 ], [ 103.731960291172385, 16.152941390586726, 0.0 ], [ 103.731960084766143, 16.152941471782853, 0.0 ], [ 103.731959871823321, 16.152941535283251, 0.0 ], [ 103.731959653964509, 16.152941580604644, 0.0 ], [ 103.731959432847745, 16.152941607402116, 0.0 ], [ 103.731959210155907, 16.152941615471708, 0.0 ], [ 103.731958987583766, 16.152941604752023, 0.0 ], [ 103.731958766825258, 16.152941575324633, 0.0 ], [ 103.731958549560488, 16.152941527413496, 0.0 ], [ 103.731958337442947, 16.152941461383271, 0.0 ], [ 103.731958132087016, 16.152941377736443, 0.0 ], [ 103.731957935055547, 16.152941277109647, 0.0 ], [ 103.731957747848071, 16.152941160268703, 0.0 ], [ 103.731957571889367, 16.152941028102852, 0.0 ], [ 103.731957408518568, 16.152940881617941, 0.0 ], [ 103.731957258979051, 16.152940721928815, 0.0 ], [ 103.731957124408879, 16.152940550250815, 0.0 ], [ 103.731957005832214, 16.152940367890494, 0.0 ], [ 103.731956904151488, 16.152940176235735, 0.0 ], [ 103.731956820140581, 16.152939976745145, 0.0 ], [ 103.731956754438855, 16.152939770936978, 0.0 ], [ 103.731956707546317, 16.152939560377543, 0.0 ], [ 103.731956679819888, 16.152939346669321, 0.0 ], [ 103.731956671470542, 16.152939131438792, 0.0 ], [ 103.731956682561844, 16.152938916323951, 0.0 ], [ 103.731956713009382, 16.152938702961979, 0.0 ], [ 103.731956762581433, 16.15293849297667, 0.0 ], [ 103.731956830900714, 16.152938287966155, 0.0 ], [ 103.731956917447278, 16.152938089490682, 0.0 ], [ 103.731957021562465, 16.152937899060767, 0.0 ], [ 103.731957142453879, 16.152937718125703, 0.0 ], [ 103.731957279201467, 16.1529375480625, 0.0 ], [ 103.73195743076451, 16.152937390165462, 0.0 ], [ 103.731957595989513, 16.152937245636267, 0.0 ], [ 103.731957773619001, 16.152937115574876, 0.0 ], [ 103.731957962301124, 16.152937000971132, 0.0 ], [ 103.731958160599888, 16.152936902697231, 0.0 ], [ 103.731958367006129, 16.152936821501115, 0.0 ], [ 103.731958579948966, 16.152936758000717, 0.0 ], [ 103.731958797807778, 16.152936712679328, 0.0 ], [ 103.731959018924513, 16.152936685881855, 0.0 ], [ 103.731959241616352, 16.152936677812257, 0.0 ], [ 103.731959464188478, 16.152936688531945, 0.0 ], [ 103.731959684946986, 16.152936717959335, 0.0 ], [ 103.731959902211756, 16.152936765870461, 0.0 ], [ 103.731960114329283, 16.152936831900703, 0.0 ], [ 103.731960319685228, 16.152936915547517, 0.0 ], [ 103.731960516716697, 16.15293701617431, 0.0 ], [ 103.731960703924159, 16.15293713301525, 0.0 ], [ 103.731960879882863, 16.152937265181102, 0.0 ], [ 103.731961043253648, 16.152937411666006, 0.0 ], [ 103.731961192793179, 16.152937571355125, 0.0 ], [ 103.731961327363351, 16.152937743033135, 0.0 ], [ 103.73196144594003, 16.152937925393452, 0.0 ], [ 103.731961547620742, 16.152938117048205, 0.0 ], [ 103.731961631631663, 16.152938316538794, 0.0 ], [ 103.731961697333404, 16.152938522346965, 0.0 ], [ 103.731961744225927, 16.152938732906399, 0.0 ], [ 103.731961771952385, 16.152938946614615, 0.0 ], [ 103.731961780301731, 16.152939161845147, 0.0 ] ] } },
{ "type": "Feature", "properties": { }, "geometry": { "type": "LineString", "coordinates": [ [ 103.731921707467123, 16.152980283264977, 0.0 ], [ 103.731921696375778, 16.152980498379804, 0.0 ], [ 103.731921665928184, 16.15298071174178, 0.0 ], [ 103.73192161635609, 16.152980921727067, 0.0 ], [ 103.731921548036752, 16.152981126737565, 0.0 ], [ 103.731921461490131, 16.15298132521302, 0.0 ], [ 103.731921357374901, 16.15298151564291, 0.0 ], [ 103.73192123648343, 16.152981696577953, 0.0 ], [ 103.731921099735771, 16.15298186664112, 0.0 ], [ 103.731920948172672, 16.152982024538133, 0.0 ], [ 103.731920782947597, 16.15298216906729, 0.0 ], [ 103.731920605318052, 16.152982299128652, 0.0 ], [ 103.731920416635845, 16.15298241373236, 0.0 ], [ 103.731920218337024, 16.152982512006211, 0.0 ], [ 103.731920011930725, 16.152982593202292, 0.0 ], [ 103.731919798987832, 16.152982656702651, 0.0 ], [ 103.731919581128977, 16.152982702023994, 0.0 ], [ 103.731919360012185, 16.152982728821421, 0.0 ], [ 103.731919137320276, 16.152982736890973, 0.0 ], [ 103.731918914748107, 16.152982726171235, 0.0 ], [ 103.731918693989556, 16.152982696743805, 0.0 ], [ 103.731918476724758, 16.152982648832626, 0.0 ], [ 103.731918264607202, 16.152982582802348, 0.0 ], [ 103.731918059251242, 16.152982499155488, 0.0 ], [ 103.731917862219746, 16.152982398528653, 0.0 ], [ 103.731917675012269, 16.152982281687677, 0.0 ], [ 103.731917499053552, 16.152982149521787, 0.0 ], [ 103.731917335682766, 16.152982003036847, 0.0 ], [ 103.731917186143249, 16.152981843347696, 0.0 ], [ 103.731917051573078, 16.152981671669668, 0.0 ], [ 103.731916932996427, 16.152981489309326, 0.0 ], [ 103.731916831315743, 16.152981297654552, 0.0 ], [ 103.731916747304865, 16.152981098163952, 0.0 ], [ 103.731916681603153, 16.152980892355771, 0.0 ], [ 103.731916634710657, 16.152980681796333, 0.0 ], [ 103.731916606984257, 16.152980468088117, 0.0 ], [ 103.731916598634967, 16.152980252857578, 0.0 ], [ 103.731916609726312, 16.152980037742743, 0.0 ], [ 103.731916640173907, 16.152979824380783, 0.0 ], [ 103.731916689746015, 16.152979614395488, 0.0 ], [ 103.731916758065353, 16.152979409384994, 0.0 ], [ 103.731916844611987, 16.152979210909539, 0.0 ], [ 103.731916948727232, 16.152979020479656, 0.0 ], [ 103.731917069618703, 16.152978839544609, 0.0 ], [ 103.731917206366361, 16.152978669481449, 0.0 ], [ 103.731917357929447, 16.152978511584436, 0.0 ], [ 103.731917523154522, 16.15297836705528, 0.0 ], [ 103.731917700784081, 16.152978236993924, 0.0 ], [ 103.73191788946626, 16.15297812239022, 0.0 ], [ 103.731918087765095, 16.152978024116372, 0.0 ], [ 103.731918294171379, 16.152977942920284, 0.0 ], [ 103.731918507114273, 16.152977879419939, 0.0 ], [ 103.731918724973127, 16.152977834098589, 0.0 ], [ 103.73191894608992, 16.15297780730117, 0.0 ], [ 103.731919168781815, 16.152977799231618, 0.0 ], [ 103.731919391353969, 16.152977809951349, 0.0 ], [ 103.731919612112506, 16.152977839378778, 0.0 ], [ 103.731919829377318, 16.152977887289953, 0.0 ], [ 103.731920041494874, 16.152977953320232, 0.0 ], [ 103.731920246850834, 16.152978036967092, 0.0 ], [ 103.731920443882316, 16.152978137593923, 0.0 ], [ 103.731920631089793, 16.152978254434895, 0.0 ], [ 103.731920807048496, 16.152978386600779, 0.0 ], [ 103.731920970419282, 16.152978533085715, 0.0 ], [ 103.731921119958812, 16.152978692774866, 0.0 ], [ 103.73192125452897, 16.152978864452894, 0.0 ], [ 103.731921373105621, 16.152979046813236, 0.0 ], [ 103.731921474786333, 16.152979238468003, 0.0 ], [ 103.731921558797211, 16.152979437958599, 0.0 ], [ 103.731921624498924, 16.152979643766781, 0.0 ], [ 103.731921671391419, 16.15297985432623, 0.0 ], [ 103.731921699117819, 16.152980068034438, 0.0 ], [ 103.731921707467123, 16.152980283264977, 0.0 ] ] } },
{ "type": "Feature", "properties": { }, "geometry": { "type": "LineString", "coordinates": [ [ 103.732026557877333, 16.15287004288151, 0.0 ], [ 103.732000883727594, 16.15289639262766, 0.0 ] ] } },
{ "type": "Feature", "properties": { }, "geometry": { "type": "LineString", "coordinates": [ [ 103.731959225886129, 16.152939146641987, 0.0 ], [ 103.732068215689736, 16.152827288851679, 0.0 ] ] } },
{ "type": "Feature", "properties": { }, "geometry": { "type": "LineString", "coordinates": [ [ 103.732082631469737, 16.152844134073138, 0.0 ], [ 103.732049953215366, 16.152814391552273, 0.0 ] ] } },
{ "type": "Feature", "properties": { }, "geometry": { "type": "LineString", "coordinates": [ [ 103.732084554818158, 16.152842160111415, 0.0 ], [ 103.732051876563759, 16.152812417590845, 0.0 ] ] } },
{ "type": "Feature", "properties": { }, "geometry": { "type": "LineString", "coordinates": [ [ 103.732082631469737, 16.152844134073138, 0.0 ], [ 103.732084554818158, 16.152842160111415, 0.0 ] ] } },
{ "type": "Feature", "properties": { }, "geometry": { "type": "LineString", "coordinates": [ [ 103.731977488364862, 16.152952043949426, 0.0 ], [ 103.732082631469737, 16.152844134073138, 0.0 ] ] } },
{ "type": "Feature", "properties": { }, "geometry": { "type": "LineString", "coordinates": [ [ 103.731975565014309, 16.152954017910005, 0.0 ], [ 103.731977488364862, 16.152952043949426, 0.0 ] ] } },
{ "type": "Feature", "properties": { }, "geometry": { "type": "LineString", "coordinates": [ [ 103.731942886760407, 16.152924275372865, 0.0 ], [ 103.73188999680869, 16.152950006593805, 0.0 ], [ 103.731884618938309, 16.152945111851988, 0.0 ] ] } },
{ "type": "Feature", "properties": { }, "geometry": { "type": "LineString", "coordinates": [ [ 103.731943611249292, 16.152924934775974, 0.0 ], [ 103.731889832390607, 16.152951098454462, 0.0 ], [ 103.731883977821198, 16.152945769838556, 0.0 ] ] } },
{ "type": "Feature", "properties": { }, "geometry": { "type": "LineString", "coordinates": [ [ 103.731945060227062, 16.15292625358218, 0.0 ], [ 103.731889503554441, 16.152953282175773, 0.0 ], [ 103.731882695586975, 16.152947085811672, 0.0 ], [ 103.731883977821198, 16.152945769838556, 0.0 ], [ 103.731884618938309, 16.152945111851988, 0.0 ] ] } },
{ "type": "Feature", "properties": { }, "geometry": { "type": "LineString", "coordinates": [ [ 103.731975565014309, 16.152954017910005, 0.0 ], [ 103.731952162051783, 16.153006587108369, 0.0 ], [ 103.731957539925503, 16.15301148184869, 0.0 ] ] } },
{ "type": "Feature", "properties": { }, "geometry": { "type": "LineString", "coordinates": [ [ 103.731974840525211, 16.152953358506995, 0.0 ], [ 103.731951044235387, 16.153006811221172, 0.0 ], [ 103.731956898808406, 16.153012139835468, 0.0 ] ] } },
{ "type": "Feature", "properties": { }, "geometry": { "type": "LineString", "coordinates": [ [ 103.731973391547044, 16.152952039700963, 0.0 ], [ 103.731948808602553, 16.15300725944677, 0.0 ], [ 103.731955616574155, 16.153013455809017, 0.0 ], [ 103.731956898808406, 16.153012139835464, 0.0 ], [ 103.731957539925517, 16.153011481848687, 0.0 ] ] } },
{ "type": "Feature", "properties": { }, "geometry": { "type": "LineString", "coordinates": [ [ 103.731975565014309, 16.152954017910005, 0.0 ], [ 103.731942886760407, 16.152924275372865, 0.0 ] ] } },
{ "type": "Feature", "properties": { }, "geometry": { "type": "LineString", "coordinates": [ [ 103.731948808602553, 16.15300725944677, 0.0 ], [ 103.731888556203188, 16.152952419931196, 0.0 ] ] } },
{ "type": "Feature", "properties": { }, "geometry": { "type": "LineString", "coordinates": [ [ 103.732051876563759, 16.152812417590845, 0.0 ], [ 103.732075279474032, 16.15275984837708, 0.0 ], [ 103.732069901603509, 16.15275495363991, 0.0 ] ] } },
{ "type": "Feature", "properties": { }, "geometry": { "type": "LineString", "coordinates": [ [ 103.732052601052658, 16.152813076993585, 0.0 ], [ 103.732076397288935, 16.152759624263506, 0.0 ], [ 103.732070542719384, 16.152754295652688, 0.0 ] ] } },
{ "type": "Feature", "properties": { }, "geometry": { "type": "LineString", "coordinates": [ [ 103.732054050030456, 16.152814395799062, 0.0 ], [ 103.732078632918743, 16.152759176036341, 0.0 ], [ 103.732071824951106, 16.152752979678237, 0.0 ], [ 103.732070542719384, 16.152754295652681, 0.0 ], [ 103.732069901603509, 16.15275495363991, 0.0 ] ] } },
{ "type": "Feature", "properties": { }, "geometry": { "type": "LineString", "coordinates": [ [ 103.732084554818158, 16.152842160111415, 0.0 ], [ 103.73213744471866, 16.152816428838072, 0.0 ], [ 103.732142822592508, 16.152821323573757, 0.0 ] ] } },
{ "type": "Feature", "properties": { }, "geometry": { "type": "LineString", "coordinates": [ [ 103.732083830329046, 16.152841500708771, 0.0 ], [ 103.732137609135222, 16.152815336977106, 0.0 ], [ 103.732143463708397, 16.152820665586312, 0.0 ] ] } },
{ "type": "Feature", "properties": { }, "geometry": { "type": "LineString", "coordinates": [ [ 103.73208238135085, 16.152840181903468, 0.0 ], [ 103.732137937968361, 16.152813153255163, 0.0 ], [ 103.732144745940133, 16.152819349611427, 0.0 ], [ 103.732143463708383, 16.152820665586315, 0.0 ], [ 103.732142822592508, 16.152821323573757, 0.0 ] ] } },
{ "type": "Feature", "properties": { }, "geometry": { "type": "LineString", "coordinates": [ [ 103.732084554818158, 16.152842160111415, 0.0 ], [ 103.732051876563759, 16.152812417590845, 0.0 ] ] } },
{ "type": "Feature", "properties": { }, "geometry": { "type": "LineString", "coordinates": [ [ 103.732137937968361, 16.152813153255163, 0.0 ], [ 103.732078632918743, 16.152759176036337, 0.0 ] ] } },
{ "type": "Feature", "properties": { }, "geometry": { "type": "LineString", "coordinates": [ [ 103.732079908281491, 16.152841655529901, 0.0 ], [ 103.732081831629912, 16.152839681568206, 0.0 ] ] } },
{ "type": "Feature", "properties": { }, "geometry": { "type": "LineString", "coordinates": [ [ 103.731972841826121, 16.152951539365411, 0.0 ], [ 103.732079908281491, 16.152841655529901, 0.0 ] ] } },
{ "type": "Feature", "properties": { }, "geometry": { "type": "LineString", "coordinates": [ [ 103.732082631469737, 16.152844134073138, 0.0 ], [ 103.732084554818158, 16.152842160111415, 0.0 ] ] } },
{ "type": "Feature", "properties": { }, "geometry": { "type": "LineString", "coordinates": [ [ 103.731977488364862, 16.152952043949426, 0.0 ], [ 103.732082631469737, 16.152844134073138, 0.0 ] ] } },
{ "type": "Feature", "properties": { }, "geometry": { "type": "LineString", "coordinates": [ [ 103.731975565014309, 16.152954017910005, 0.0 ], [ 103.731977488364862, 16.152952043949426, 0.0 ] ] } },
{ "type": "Feature", "properties": { }, "geometry": { "type": "LineString", "coordinates": [ [ 103.731944810110946, 16.152922301412577, 0.0 ], [ 103.731977488364862, 16.152952043949426, 0.0 ] ] } },
{ "type": "Feature", "properties": { }, "geometry": { "type": "LineString", "coordinates": [ [ 103.731942886760407, 16.152924275372865, 0.0 ], [ 103.731975565014309, 16.152954017910005, 0.0 ] ] } },
{ "type": "Feature", "properties": { }, "geometry": { "type": "LineString", "coordinates": [ [ 103.731944810110946, 16.152922301412577, 0.0 ], [ 103.731942886760407, 16.152924275372865, 0.0 ] ] } },
{ "type": "Feature", "properties": { }, "geometry": { "type": "LineString", "coordinates": [ [ 103.732049953215366, 16.152814391552273, 0.0 ], [ 103.731944810110946, 16.152922301412577, 0.0 ] ] } },
{ "type": "Feature", "properties": { }, "geometry": { "type": "LineString", "coordinates": [ [ 103.732051876563759, 16.152812417590845, 0.0 ], [ 103.732049953215366, 16.152814391552273, 0.0 ] ] } },
{ "type": "Feature", "properties": { }, "geometry": { "type": "LineString", "coordinates": [ [ 103.732052676402844, 16.152816870095844, 0.0 ], [ 103.732054599751251, 16.152814896134391, 0.0 ] ] } },
{ "type": "Feature", "properties": { }, "geometry": { "type": "LineString", "coordinates": [ [ 103.731945609947857, 16.152926753917793, 0.0 ], [ 103.732052676402844, 16.152816870095844, 0.0 ] ] } },
{ "type": "Feature", "properties": { }, "geometry": { "type": "LineString", "coordinates": [ [ 103.710460531532107, 16.135562924671387, 0.0 ], [ 103.710412831764771, 16.135618623272062, 0.0 ] ] } },
{ "type": "Feature", "properties": { }, "geometry": { "type": "LineString", "coordinates": [ [ 103.710425956917732, 16.135535261268242, 0.0 ], [ 103.710460531532107, 16.135562924671387, 0.0 ] ] } },
{ "type": "Feature", "properties": { }, "geometry": { "type": "LineString", "coordinates": [ [ 103.710530760339864, 16.135449892697384, 0.0 ], [ 103.710530749227928, 16.135450107809849, 0.0 ], [ 103.710530718761774, 16.135450321167639, 0.0 ], [ 103.710530669173295, 16.135450531146983, 0.0 ], [ 103.71053060083986, 16.135450736149796, 0.0 ], [ 103.710530514281558, 16.135450934615896, 0.0 ], [ 103.710530410157119, 16.135451125034823, 0.0 ], [ 103.710530289259012, 16.135451305957396, 0.0 ], [ 103.710530152507332, 16.135451476006651, 0.0 ], [ 103.710530000942867, 16.13545163388844, 0.0 ], [ 103.710529835719086, 16.13545177840118, 0.0 ], [ 103.710529658093449, 16.135451908445031, 0.0 ], [ 103.710529469417807, 16.135452023030293, 0.0 ], [ 103.710529271128081, 16.135452121284896, 0.0 ], [ 103.710529064733379, 16.135452202461067, 0.0 ], [ 103.710528851804483, 16.135452265941005, 0.0 ], [ 103.710528633961943, 16.135452311241586, 0.0 ], [ 103.710528412863624, 16.135452338018055, 0.0 ], [ 103.71052819019225, 16.135452346066614, 0.0 ], [ 103.710527967642477, 16.135452335326015, 0.0 ], [ 103.710527746908042, 16.135452305878008, 0.0 ], [ 103.71052752966888, 16.135452257946696, 0.0 ], [ 103.710527317578283, 16.135452191896874, 0.0 ], [ 103.710527112250404, 16.13545210823121, 0.0 ], [ 103.710526915247939, 16.135452007586466, 0.0 ], [ 103.71052672807015, 16.135451890728611, 0.0 ], [ 103.710526552141602, 16.135451758546985, 0.0 ], [ 103.710526388801199, 16.135451612047579, 0.0 ], [ 103.710526239292079, 16.135451452345347, 0.0 ], [ 103.710526104752091, 16.135451280655719, 0.0 ], [ 103.71052598620517, 16.135451098285341, 0.0 ], [ 103.710525884553505, 16.135450906622186, 0.0 ], [ 103.710525800570736, 16.135450707124914, 0.0 ], [ 103.710525734896052, 16.135450501311812, 0.0 ], [ 103.71052568802925, 16.135450290749255, 0.0 ], [ 103.710525660327022, 16.135450077039749, 0.0 ], [ 103.710525652000186, 16.135449861809754, 0.0 ], [ 103.710525663112136, 16.135449646697282, 0.0 ], [ 103.710525693578276, 16.135449433339488, 0.0 ], [ 103.710525743166784, 16.135449223360144, 0.0 ], [ 103.710525811500204, 16.135449018357335, 0.0 ], [ 103.710525898058521, 16.135448819891241, 0.0 ], [ 103.710526002182959, 16.135448629472307, 0.0 ], [ 103.710526123081067, 16.135448448549752, 0.0 ], [ 103.710526259832747, 16.135448278500487, 0.0 ], [ 103.710526411397225, 16.135448120618701, 0.0 ], [ 103.710526576620993, 16.135447976105969, 0.0 ], [ 103.710526754246629, 16.135447846062117, 0.0 ], [ 103.710526942922272, 16.135447731476855, 0.0 ], [ 103.710527141212012, 16.135447633222256, 0.0 ], [ 103.7105273476067, 16.135447552046092, 0.0 ], [ 103.710527560535567, 16.13544748856615, 0.0 ], [ 103.710527778378122, 16.135447443265566, 0.0 ], [ 103.710527999476426, 16.1354474164891, 0.0 ], [ 103.710528222147801, 16.135447408440545, 0.0 ], [ 103.710528444697559, 16.135447419181137, 0.0 ], [ 103.710528665431994, 16.135447448629147, 0.0 ], [ 103.710528882671156, 16.13544749656046, 0.0 ], [ 103.710529094761739, 16.135447562610278, 0.0 ], [ 103.710529300089618, 16.135447646275928, 0.0 ], [ 103.710529497092082, 16.135447746920679, 0.0 ], [ 103.710529684269872, 16.135447863778541, 0.0 ], [ 103.71052986019842, 16.135447995960156, 0.0 ], [ 103.710530023538823, 16.135448142459555, 0.0 ], [ 103.710530173047928, 16.135448302161791, 0.0 ], [ 103.710530307587931, 16.135448473851419, 0.0 ], [ 103.710530426134866, 16.13544865622179, 0.0 ], [ 103.710530527786531, 16.135448847884941, 0.0 ], [ 103.7105306117693, 16.135449047382217, 0.0 ], [ 103.710530677443984, 16.135449253195315, 0.0 ], [ 103.710530724310786, 16.135449463757869, 0.0 ], [ 103.710530752013028, 16.135449677467378, 0.0 ], [ 103.710530760339864, 16.135449892697384, 0.0 ] ] } },
{ "type": "Feature", "properties": { }, "geometry": { "type": "LineString", "coordinates": [ [ 103.710493498135264, 16.135493409805061, 0.0 ], [ 103.710493487023271, 16.135493624917526, 0.0 ], [ 103.710493456557089, 16.135493838275309, 0.0 ], [ 103.710493406968553, 16.135494048254628, 0.0 ], [ 103.710493338635061, 16.135494253257431, 0.0 ], [ 103.710493252076702, 16.135494451723513, 0.0 ], [ 103.710493147952192, 16.135494642142419, 0.0 ], [ 103.710493027054028, 16.135494823064953, 0.0 ], [ 103.710492890302291, 16.13549499311419, 0.0 ], [ 103.710492738737756, 16.135495150995947, 0.0 ], [ 103.710492573513903, 16.135495295508647, 0.0 ], [ 103.71049239588821, 16.13549542555247, 0.0 ], [ 103.710492207212496, 16.135495540137693, 0.0 ], [ 103.710492008922714, 16.135495638392257, 0.0 ], [ 103.710491802527955, 16.135495719568389, 0.0 ], [ 103.710491589599002, 16.135495783048281, 0.0 ], [ 103.710491371756405, 16.135495828348823, 0.0 ], [ 103.710491150658029, 16.135495855125242, 0.0 ], [ 103.710490927986626, 16.135495863173762, 0.0 ], [ 103.710490705436797, 16.13549585243312, 0.0 ], [ 103.710490484702333, 16.135495822985071, 0.0 ], [ 103.710490267463129, 16.135495775053723, 0.0 ], [ 103.710490055372503, 16.135495709003859, 0.0 ], [ 103.71048985004461, 16.135495625338162, 0.0 ], [ 103.710489653042103, 16.135495524693386, 0.0 ], [ 103.710489465864313, 16.135495407835482, 0.0 ], [ 103.710489289935751, 16.135495275653835, 0.0 ], [ 103.710489126595348, 16.1354951291544, 0.0 ], [ 103.710488977086243, 16.135494969452136, 0.0 ], [ 103.710488842546255, 16.135494797762483, 0.0 ], [ 103.710488723999333, 16.135494615392094, 0.0 ], [ 103.710488622347697, 16.135494423728918, 0.0 ], [ 103.71048853836497, 16.135494224231635, 0.0 ], [ 103.710488472690301, 16.13549401841852, 0.0 ], [ 103.710488425823527, 16.135493807855962, 0.0 ], [ 103.710488398121328, 16.135493594146453, 0.0 ], [ 103.710488389794534, 16.135493378916451, 0.0 ], [ 103.710488400906527, 16.135493163803993, 0.0 ], [ 103.710488431372738, 16.13549295044621, 0.0 ], [ 103.710488480961288, 16.135492740466884, 0.0 ], [ 103.710488549294766, 16.135492535464088, 0.0 ], [ 103.710488635853139, 16.135492336998013, 0.0 ], [ 103.710488739977649, 16.135492146579107, 0.0 ], [ 103.710488860875813, 16.135491965656573, 0.0 ], [ 103.71048899762755, 16.13549179560734, 0.0 ], [ 103.710489149192085, 16.13549163772559, 0.0 ], [ 103.710489314415938, 16.135491493212889, 0.0 ], [ 103.710489492041631, 16.135491363169077, 0.0 ], [ 103.71048968071733, 16.13549124858385, 0.0 ], [ 103.710489879007127, 16.13549115032929, 0.0 ], [ 103.710490085401872, 16.135491069153154, 0.0 ], [ 103.710490298330811, 16.135491005673263, 0.0 ], [ 103.710490516173422, 16.135490960372724, 0.0 ], [ 103.710490737271769, 16.135490933596305, 0.0 ], [ 103.710490959943186, 16.135490925547781, 0.0 ], [ 103.710491182493001, 16.135490936288424, 0.0 ], [ 103.710491403227465, 16.135490965736473, 0.0 ], [ 103.710491620466655, 16.135491013667824, 0.0 ], [ 103.710491832557281, 16.135491079717681, 0.0 ], [ 103.710492037885174, 16.135491163383374, 0.0 ], [ 103.710492234887667, 16.13549126402815, 0.0 ], [ 103.710492422065471, 16.135491380886048, 0.0 ], [ 103.710492597994019, 16.135491513067702, 0.0 ], [ 103.710492761334422, 16.135491659567133, 0.0 ], [ 103.710492910843541, 16.13549181926939, 0.0 ], [ 103.710493045383529, 16.135491990959043, 0.0 ], [ 103.710493163930451, 16.135492173329421, 0.0 ], [ 103.710493265582087, 16.135492364992604, 0.0 ], [ 103.710493349564828, 16.135492564489887, 0.0 ], [ 103.710493415239497, 16.135492770302992, 0.0 ], [ 103.710493462106271, 16.135492980865553, 0.0 ], [ 103.710493489808471, 16.135493194575066, 0.0 ], [ 103.710493498135264, 16.135493409805061, 0.0 ] ] } },
{ "type": "Feature", "properties": { }, "geometry": { "type": "LineString", "coordinates": [ [ 103.71044579839473, 16.135549108415351, 0.0 ], [ 103.710445787282694, 16.135549323527805, 0.0 ], [ 103.710445756816426, 16.135549536885573, 0.0 ], [ 103.710445707227819, 16.135549746864879, 0.0 ], [ 103.710445638894271, 16.135549951867663, 0.0 ], [ 103.710445552335813, 16.135550150333707, 0.0 ], [ 103.710445448211246, 16.135550340752594, 0.0 ], [ 103.710445327312996, 16.135550521675096, 0.0 ], [ 103.710445190561188, 16.135550691724294, 0.0 ], [ 103.710445038996554, 16.135550849606005, 0.0 ], [ 103.71044487377263, 16.135550994118667, 0.0 ], [ 103.710444696146851, 16.135551124162436, 0.0 ], [ 103.710444507471067, 16.13555123874761, 0.0 ], [ 103.710444309181199, 16.135551337002127, 0.0 ], [ 103.710444102786369, 16.135551418178206, 0.0 ], [ 103.710443889857359, 16.135551481658045, 0.0 ], [ 103.710443672014677, 16.135551526958533, 0.0 ], [ 103.710443450916259, 16.135551553734899, 0.0 ], [ 103.71044322824477, 16.135551561783366, 0.0 ], [ 103.710443005694898, 16.135551551042671, 0.0 ], [ 103.710442784960378, 16.135551521594572, 0.0 ], [ 103.710442567721131, 16.135551473663156, 0.0 ], [ 103.710442355630462, 16.135551407613249, 0.0 ], [ 103.710442150302541, 16.135551323947503, 0.0 ], [ 103.71044195330002, 16.135551223302681, 0.0 ], [ 103.710441766122202, 16.135551106444733, 0.0 ], [ 103.710441590193625, 16.13555097426304, 0.0 ], [ 103.710441426853222, 16.135550827763581, 0.0 ], [ 103.710441277344103, 16.135550668061288, 0.0 ], [ 103.710441142804129, 16.1355504963716, 0.0 ], [ 103.710441024257221, 16.13555031400119, 0.0 ], [ 103.710440922605613, 16.135550122337992, 0.0 ], [ 103.710440838622915, 16.135549922840688, 0.0 ], [ 103.710440772948274, 16.135549717027569, 0.0 ], [ 103.710440726081558, 16.135549506465001, 0.0 ], [ 103.710440698379415, 16.135549292755488, 0.0 ], [ 103.710440690052678, 16.135549077525493, 0.0 ], [ 103.710440701164728, 16.135548862413035, 0.0 ], [ 103.710440731630996, 16.135548649055266, 0.0 ], [ 103.710440781219603, 16.135548439075954, 0.0 ], [ 103.710440849553166, 16.135548234073184, 0.0 ], [ 103.71044093611161, 16.135548035607133, 0.0 ], [ 103.710441040236191, 16.13554784518826, 0.0 ], [ 103.710441161134426, 16.135547664265761, 0.0 ], [ 103.710441297886263, 16.135547494216564, 0.0 ], [ 103.710441449450869, 16.135547336334845, 0.0 ], [ 103.710441614674792, 16.135547191822194, 0.0 ], [ 103.710441792300571, 16.135547061778425, 0.0 ], [ 103.710441980976356, 16.135546947193252, 0.0 ], [ 103.710442179266224, 16.135546848938738, 0.0 ], [ 103.710442385661054, 16.135546767762659, 0.0 ], [ 103.710442598590063, 16.135546704282817, 0.0 ], [ 103.710442816432746, 16.135546658982332, 0.0 ], [ 103.710443037531149, 16.135546632205966, 0.0 ], [ 103.710443260202638, 16.135546624157502, 0.0 ], [ 103.710443482752495, 16.135546634898194, 0.0 ], [ 103.710443703487016, 16.135546664346297, 0.0 ], [ 103.710443920726263, 16.135546712277705, 0.0 ], [ 103.710444132816903, 16.135546778327612, 0.0 ], [ 103.710444338144839, 16.135546861993355, 0.0 ], [ 103.71044453514736, 16.135546962638177, 0.0 ], [ 103.710444722325178, 16.135547079496117, 0.0 ], [ 103.710444898253741, 16.13554721167781, 0.0 ], [ 103.710445061594157, 16.135547358177273, 0.0 ], [ 103.710445211103263, 16.135547517879566, 0.0 ], [ 103.710445345643251, 16.135547689569254, 0.0 ], [ 103.710445464190158, 16.135547871939661, 0.0 ], [ 103.710445565841781, 16.135548063602847, 0.0 ], [ 103.710445649824479, 16.135548263100155, 0.0 ], [ 103.710445715499105, 16.135548468913271, 0.0 ], [ 103.71044576236585, 16.135548679475836, 0.0 ], [ 103.710445790067993, 16.135548893185344, 0.0 ], [ 103.71044579839473, 16.135549108415351, 0.0 ] ] } },
{ "type": "Feature", "properties": { }, "geometry": { "type": "LineString", "coordinates": [ [ 103.710398098627138, 16.13560480701274, 0.0 ], [ 103.710398087515031, 16.135605022125187, 0.0 ], [ 103.710398057048721, 16.135605235482945, 0.0 ], [ 103.710398007460043, 16.135605445462236, 0.0 ], [ 103.710397939126409, 16.135605650464996, 0.0 ], [ 103.710397852567894, 16.135605848931021, 0.0 ], [ 103.710397748443228, 16.135606039349867, 0.0 ], [ 103.710397627544907, 16.13560622027234, 0.0 ], [ 103.710397490793014, 16.135606390321499, 0.0 ], [ 103.710397339228308, 16.135606548203182, 0.0 ], [ 103.710397174004314, 16.135606692715793, 0.0 ], [ 103.710396996378449, 16.135606822759517, 0.0 ], [ 103.71039680770258, 16.135606937344637, 0.0 ], [ 103.710396609412641, 16.135607035599104, 0.0 ], [ 103.710396403017725, 16.135607116775127, 0.0 ], [ 103.71039619008863, 16.135607180254915, 0.0 ], [ 103.710395972245891, 16.135607225555351, 0.0 ], [ 103.710395751147402, 16.135607252331663, 0.0 ], [ 103.710395528475857, 16.135607260380073, 0.0 ], [ 103.710395305925942, 16.135607249639325, 0.0 ], [ 103.710395085191351, 16.135607220191169, 0.0 ], [ 103.710394867952061, 16.135607172259711, 0.0 ], [ 103.710394655861379, 16.135607106209747, 0.0 ], [ 103.710394450533414, 16.135607022543958, 0.0 ], [ 103.710394253530865, 16.135606921899086, 0.0 ], [ 103.710394066353032, 16.1356068050411, 0.0 ], [ 103.710393890424442, 16.135606672859375, 0.0 ], [ 103.710393727084039, 16.135606526359862, 0.0 ], [ 103.710393577574919, 16.135606366657541, 0.0 ], [ 103.71039344303496, 16.135606194967831, 0.0 ], [ 103.710393324488066, 16.135606012597385, 0.0 ], [ 103.710393222836487, 16.135605820934167, 0.0 ], [ 103.710393138853803, 16.135605621436849, 0.0 ], [ 103.710393073179205, 16.135605415623722, 0.0 ], [ 103.710393026312531, 16.135605205061143, 0.0 ], [ 103.71039299861043, 16.135604991351638, 0.0 ], [ 103.710392990283751, 16.135604776121635, 0.0 ], [ 103.710393001395857, 16.135604561009192, 0.0 ], [ 103.710393031862182, 16.13560434765143, 0.0 ], [ 103.71039308145086, 16.135604137672143, 0.0 ], [ 103.710393149784494, 16.13560393266939, 0.0 ], [ 103.710393236343023, 16.135603734203364, 0.0 ], [ 103.710393340467675, 16.135603543784516, 0.0 ], [ 103.71039346136601, 16.135603362862049, 0.0 ], [ 103.710393598117903, 16.135603192812894, 0.0 ], [ 103.710393749682609, 16.135603034931226, 0.0 ], [ 103.710393914906604, 16.13560289041861, 0.0 ], [ 103.710394092532468, 16.135602760374887, 0.0 ], [ 103.710394281208323, 16.135602645789756, 0.0 ], [ 103.710394479498262, 16.135602547535299, 0.0 ], [ 103.710394685893178, 16.135602466359277, 0.0 ], [ 103.710394898822258, 16.135602402879485, 0.0 ], [ 103.710395116664998, 16.135602357579057, 0.0 ], [ 103.710395337763472, 16.135602330802747, 0.0 ], [ 103.710395560435018, 16.13560232275433, 0.0 ], [ 103.710395782984946, 16.135602333495079, 0.0 ], [ 103.710396003719509, 16.135602362943235, 0.0 ], [ 103.710396220958799, 16.135602410874693, 0.0 ], [ 103.710396433049496, 16.13560247692465, 0.0 ], [ 103.710396638377446, 16.135602560590442, 0.0 ], [ 103.710396835379996, 16.135602661235311, 0.0 ], [ 103.710397022557828, 16.135602778093293, 0.0 ], [ 103.710397198486419, 16.135602910275026, 0.0 ], [ 103.710397361826807, 16.135603056774531, 0.0 ], [ 103.710397511335941, 16.135603216476852, 0.0 ], [ 103.710397645875901, 16.135603388166555, 0.0 ], [ 103.71039776442278, 16.135603570536997, 0.0 ], [ 103.710397866074388, 16.135603762200212, 0.0 ], [ 103.710397950057057, 16.135603961697527, 0.0 ], [ 103.710398015731656, 16.135604167510657, 0.0 ], [ 103.710398062598344, 16.135604378073232, 0.0 ], [ 103.710398090300444, 16.135604591782744, 0.0 ], [ 103.710398098627138, 16.13560480701274, 0.0 ] ] } },
{ "type": "Feature", "properties": { }, "geometry": { "type": "LineString", "coordinates": [ [ 103.710360829966021, 16.135648318973544, 0.0 ], [ 103.710360818853857, 16.135648534085981, 0.0 ], [ 103.71036078838749, 16.135648747443735, 0.0 ], [ 103.710360738798769, 16.135648957423008, 0.0 ], [ 103.710360670465079, 16.135649162425747, 0.0 ], [ 103.710360583906507, 16.135649360891758, 0.0 ], [ 103.710360479781798, 16.135649551310589, 0.0 ], [ 103.710360358883406, 16.135649732233027, 0.0 ], [ 103.710360222131456, 16.135649902282161, 0.0 ], [ 103.710360070566679, 16.135650060163805, 0.0 ], [ 103.710359905342614, 16.135650204676384, 0.0 ], [ 103.710359727716693, 16.135650334720069, 0.0 ], [ 103.710359539040752, 16.135650449305157, 0.0 ], [ 103.710359340750756, 16.135650547559582, 0.0 ], [ 103.710359134355798, 16.135650628735565, 0.0 ], [ 103.710358921426646, 16.135650692215314, 0.0 ], [ 103.71035870358385, 16.135650737515707, 0.0 ], [ 103.710358482485304, 16.135650764291981, 0.0 ], [ 103.710358259813717, 16.135650772340341, 0.0 ], [ 103.710358037263745, 16.13565076159955, 0.0 ], [ 103.71035781652914, 16.135650732151351, 0.0 ], [ 103.710357599289807, 16.135650684219854, 0.0 ], [ 103.710357387199082, 16.135650618169851, 0.0 ], [ 103.710357181871103, 16.135650534504027, 0.0 ], [ 103.710356984868525, 16.135650433859123, 0.0 ], [ 103.710356797690679, 16.135650317001108, 0.0 ], [ 103.710356621762088, 16.135650184819333, 0.0 ], [ 103.710356458421671, 16.135650038319802, 0.0 ], [ 103.710356308912566, 16.135649878617453, 0.0 ], [ 103.710356174372592, 16.135649706927719, 0.0 ], [ 103.710356055825727, 16.135649524557259, 0.0 ], [ 103.710355954174162, 16.135649332894022, 0.0 ], [ 103.710355870191506, 16.135649133396694, 0.0 ], [ 103.710355804516951, 16.135648927583553, 0.0 ], [ 103.710355757650291, 16.13564871702097, 0.0 ], [ 103.710355729948233, 16.135648503311458, 0.0 ], [ 103.710355721621596, 16.13564828808147, 0.0 ], [ 103.710355732733746, 16.13564807296903, 0.0 ], [ 103.710355763200127, 16.135647859611279, 0.0 ], [ 103.710355812788862, 16.135647649631995, 0.0 ], [ 103.710355881122553, 16.135647444629257, 0.0 ], [ 103.710355967681139, 16.135647246163263, 0.0 ], [ 103.710356071805833, 16.135647055744435, 0.0 ], [ 103.710356192704225, 16.13564687482199, 0.0 ], [ 103.710356329456204, 16.135646704772867, 0.0 ], [ 103.710356481020952, 16.135646546891227, 0.0 ], [ 103.710356646245032, 16.135646402378644, 0.0 ], [ 103.710356823870939, 16.135646272334959, 0.0 ], [ 103.710357012546879, 16.135646157749871, 0.0 ], [ 103.710357210836875, 16.135646059495453, 0.0 ], [ 103.710357417231847, 16.135645978319463, 0.0 ], [ 103.710357630160985, 16.135645914839717, 0.0 ], [ 103.710357848003781, 16.135645869539328, 0.0 ], [ 103.710358069102313, 16.135645842763061, 0.0 ], [ 103.710358291773886, 16.135645834714694, 0.0 ], [ 103.710358514323843, 16.135645845455478, 0.0 ], [ 103.710358735058463, 16.13564587490368, 0.0 ], [ 103.710358952297796, 16.135645922835174, 0.0 ], [ 103.710359164388521, 16.135645988885177, 0.0 ], [ 103.710359369716485, 16.135646072551008, 0.0 ], [ 103.710359566719049, 16.135646173195912, 0.0 ], [ 103.71035975389691, 16.135646290053927, 0.0 ], [ 103.710359929825501, 16.135646422235691, 0.0 ], [ 103.710360093165917, 16.135646568735222, 0.0 ], [ 103.710360242675023, 16.135646728437571, 0.0 ], [ 103.710360377214982, 16.135646900127298, 0.0 ], [ 103.710360495761861, 16.135647082497762, 0.0 ], [ 103.710360597413427, 16.135647274160988, 0.0 ], [ 103.710360681396097, 16.13564747365832, 0.0 ], [ 103.710360747070652, 16.13564767947145, 0.0 ], [ 103.710360793937312, 16.135647890034033, 0.0 ], [ 103.710360821639384, 16.135648103743549, 0.0 ], [ 103.710360829966021, 16.135648318973544, 0.0 ] ] } },
{ "type": "Feature", "properties": { }, "geometry": { "type": "LineString", "coordinates": [ [ 103.710455182874625, 16.135535152306577, 0.0 ], [ 103.710431305571092, 16.135563033633481, 0.0 ] ] } },
{ "type": "Feature", "properties": { }, "geometry": { "type": "LineString", "coordinates": [ [ 103.710395544455437, 16.135604791567207, 0.0 ], [ 103.710490943964899, 16.135493394360772, 0.0 ] ] } },
{ "type": "Feature", "properties": { }, "geometry": { "type": "LineString", "coordinates": [ [ 103.710506442532619, 16.13550931475606, 0.0 ], [ 103.710471867920006, 16.135481651360436, 0.0 ] ] } },
{ "type": "Feature", "properties": { }, "geometry": { "type": "LineString", "coordinates": [ [ 103.710508231272385, 16.135507226057811, 0.0 ], [ 103.710473656659858, 16.135479562662493, 0.0 ] ] } },
{ "type": "Feature", "properties": { }, "geometry": { "type": "LineString", "coordinates": [ [ 103.710506442532619, 16.13550931475606, 0.0 ], [ 103.710508231272385, 16.135507226057811, 0.0 ] ] } },
{ "type": "Feature", "properties": { }, "geometry": { "type": "LineString", "coordinates": [ [ 103.710412831764771, 16.135618623272062, 0.0 ], [ 103.710508231272385, 16.135507226057811, 0.0 ] ] } },
{ "type": "Feature", "properties": { }, "geometry": { "type": "LineString", "coordinates": [ [ 103.710412831764771, 16.135618623272062, 0.0 ], [ 103.710414620506526, 16.135616534574766, 0.0 ] ] } },
{ "type": "Feature", "properties": { }, "geometry": { "type": "LineString", "coordinates": [ [ 103.710378257148534, 16.135590959861101, 0.0 ], [ 103.710327181350991, 16.135619904736064, 0.0 ], [ 103.71032149139532, 16.135615352156698, 0.0 ] ] } },
{ "type": "Feature", "properties": { }, "geometry": { "type": "LineString", "coordinates": [ [ 103.710379023680488, 16.135591573169226, 0.0 ], [ 103.710327089465963, 16.135621004512739, 0.0 ], [ 103.71032089514776, 16.135616048388854, 0.0 ] ] } },
{ "type": "Feature", "properties": { }, "geometry": { "type": "LineString", "coordinates": [ [ 103.710380556744369, 16.135592799785449, 0.0 ], [ 103.710326905695936, 16.135623204066082, 0.0 ], [ 103.71031970265264, 16.135617440853146, 0.0 ], [ 103.71032089514776, 16.135616048388854, 0.0 ], [ 103.71032149139532, 16.135615352156698, 0.0 ] ] } },
{ "type": "Feature", "properties": { }, "geometry": { "type": "LineString", "coordinates": [ [ 103.710412831764771, 16.135618623272062, 0.0 ], [ 103.710392954128338, 16.135672530039788, 0.0 ], [ 103.710398644087348, 16.135677082617459, 0.0 ] ] } },
{ "type": "Feature", "properties": { }, "geometry": { "type": "LineString", "coordinates": [ [ 103.710412065232632, 16.135618009964052, 0.0 ], [ 103.710391853518033, 16.135672822727773, 0.0 ], [ 103.710398047839831, 16.135677778849828, 0.0 ] ] } },
{ "type": "Feature", "properties": { }, "geometry": { "type": "LineString", "coordinates": [ [ 103.710410532168339, 16.13561678334802, 0.0 ], [ 103.710389652297422, 16.135673408103717, 0.0 ], [ 103.710396855344825, 16.135679171314557, 0.0 ], [ 103.710398047839831, 16.135677778849818, 0.0 ], [ 103.710398644087348, 16.135677082617455, 0.0 ] ] } },
{ "type": "Feature", "properties": { }, "geometry": { "type": "LineString", "coordinates": [ [ 103.710412831764771, 16.135618623272062, 0.0 ], [ 103.710378257148534, 16.135590959861101, 0.0 ] ] } },
{ "type": "Feature", "properties": { }, "geometry": { "type": "LineString", "coordinates": [ [ 103.710389652297422, 16.135673408103717, 0.0 ], [ 103.71032590336857, 16.13562240209593, 0.0 ] ] } },
{ "type": "Feature", "properties": { }, "geometry": { "type": "LineString", "coordinates": [ [ 103.710473656659858, 16.135479562662493, 0.0 ], [ 103.710493534251697, 16.135425655883296, 0.0 ], [ 103.710487844297091, 16.135421103308417, 0.0 ] ] } },
{ "type": "Feature", "properties": { }, "geometry": { "type": "LineString", "coordinates": [ [ 103.710474423191712, 16.135480175970262, 0.0 ], [ 103.71049463486051, 16.135425363194674, 0.0 ], [ 103.710488440543458, 16.135420407075706, 0.0 ] ] } },
{ "type": "Feature", "properties": { }, "geometry": { "type": "LineString", "coordinates": [ [ 103.710475956255422, 16.135481402585796, 0.0 ], [ 103.710496836078093, 16.135424777817416, 0.0 ], [ 103.710489633036161, 16.135419014610278, 0.0 ], [ 103.710488440543443, 16.135420407075706, 0.0 ], [ 103.710487844297091, 16.135421103308417, 0.0 ] ] } },
{ "type": "Feature", "properties": { }, "geometry": { "type": "LineString", "coordinates": [ [ 103.710508231272385, 16.135507226057811, 0.0 ], [ 103.710559307016851, 16.135478281135164, 0.0 ], [ 103.710564996974796, 16.135482833708352, 0.0 ] ] } },
{ "type": "Feature", "properties": { }, "geometry": { "type": "LineString", "coordinates": [ [ 103.710507464740331, 16.135506612750152, 0.0 ], [ 103.710559398900472, 16.135477181358283, 0.0 ], [ 103.710565593221119, 16.135482137475414, 0.0 ] ] } },
{ "type": "Feature", "properties": { }, "geometry": { "type": "LineString", "coordinates": [ [ 103.710505931676209, 16.13550538613482, 0.0 ], [ 103.710559582667685, 16.135474981804506, 0.0 ], [ 103.710566785713738, 16.135480745009552, 0.0 ], [ 103.710565593221105, 16.135482137475421, 0.0 ], [ 103.710564996974796, 16.135482833708352, 0.0 ] ] } },
{ "type": "Feature", "properties": { }, "geometry": { "type": "LineString", "coordinates": [ [ 103.710508231272385, 16.135507226057811, 0.0 ], [ 103.710473656659858, 16.135479562662493, 0.0 ] ] } },
{ "type": "Feature", "properties": { }, "geometry": { "type": "LineString", "coordinates": [ [ 103.710559582667685, 16.135474981804506, 0.0 ], [ 103.710496836078093, 16.135424777817409, 0.0 ] ] } },
{ "type": "Feature", "properties": { }, "geometry": { "type": "LineString", "coordinates": [ [ 103.710503561314539, 16.13550700947328, 0.0 ], [ 103.710505350054319, 16.135504920775062, 0.0 ] ] } },
{ "type": "Feature", "properties": { }, "geometry": { "type": "LineString", "coordinates": [ [ 103.710409950546392, 16.13561631798801, 0.0 ], [ 103.710505350054319, 16.135504920775062, 0.0 ] ] } },
{ "type": "Feature", "properties": { }, "geometry": { "type": "LineString", "coordinates": [ [ 103.710506442532619, 16.13550931475606, 0.0 ], [ 103.710508231272385, 16.135507226057811, 0.0 ] ] } },
{ "type": "Feature", "properties": { }, "geometry": { "type": "LineString", "coordinates": [ [ 103.710412831764771, 16.135618623272062, 0.0 ], [ 103.710508231272385, 16.135507226057811, 0.0 ] ] } },
{ "type": "Feature", "properties": { }, "geometry": { "type": "LineString", "coordinates": [ [ 103.710412831764771, 16.135618623272062, 0.0 ], [ 103.710414620506526, 16.135616534574766, 0.0 ] ] } },
{ "type": "Feature", "properties": { }, "geometry": { "type": "LineString", "coordinates": [ [ 103.710380045890375, 16.135588871164103, 0.0 ], [ 103.710414620506526, 16.135616534574766, 0.0 ] ] } },
{ "type": "Feature", "properties": { }, "geometry": { "type": "LineString", "coordinates": [ [ 103.710378257148534, 16.135590959861101, 0.0 ], [ 103.710412831764771, 16.135618623272062, 0.0 ] ] } },
{ "type": "Feature", "properties": { }, "geometry": { "type": "LineString", "coordinates": [ [ 103.710380045890375, 16.135588871164103, 0.0 ], [ 103.710378257148534, 16.135590959861101, 0.0 ] ] } },
{ "type": "Feature", "properties": { }, "geometry": { "type": "LineString", "coordinates": [ [ 103.710473656659858, 16.135479562662493, 0.0 ], [ 103.710378257148534, 16.135590959861101, 0.0 ] ] } },
{ "type": "Feature", "properties": { }, "geometry": { "type": "LineString", "coordinates": [ [ 103.710473656659858, 16.135479562662493, 0.0 ], [ 103.710471867920006, 16.135481651360436, 0.0 ] ] } },
{ "type": "Feature", "properties": { }, "geometry": { "type": "LineString", "coordinates": [ [ 103.710474749137362, 16.135483956643593, 0.0 ], [ 103.710476537877184, 16.135481867945625, 0.0 ] ] } },
{ "type": "Feature", "properties": { }, "geometry": { "type": "LineString", "coordinates": [ [ 103.710381138366188, 16.135593265145538, 0.0 ], [ 103.710476537877184, 16.135481867945625, 0.0 ] ] } },
{ "type": "Feature", "properties": { }, "geometry": { "type": "LineString", "coordinates": [ [ 103.707003885214945, 16.132993756025915, 0.0 ], [ 103.707233579937963, 16.132784313877384, 0.0 ] ] } },
{ "type": "Feature", "properties": { }, "geometry": { "type": "LineString", "coordinates": [ [ 103.706953608150144, 16.132953452525665, 0.0 ], [ 103.706955398866512, 16.132951365432881, 0.0 ] ] } },
{ "type": "Feature", "properties": { }, "geometry": { "type": "LineString", "coordinates": [ [ 103.707091857091669, 16.132943361025767, 0.0 ], [ 103.707057050040106, 16.13291545874149, 0.0 ] ] } },
{ "type": "Feature", "properties": { }, "geometry": { "type": "LineString", "coordinates": [ [ 103.707054163301279, 16.133034060318007, 0.0 ], [ 103.706960805565075, 16.132959222176282, 0.0 ] ] } },
{ "type": "Feature", "properties": { }, "geometry": { "type": "LineString", "coordinates": [ [ 103.707056272666819, 16.133033402855794, 0.0 ], [ 103.707062554532897, 16.133038438569823, 0.0 ] ] } },
{ "type": "Feature", "properties": { }, "geometry": { "type": "LineString", "coordinates": [ [ 103.707089096839155, 16.132944644655382, 0.0 ], [ 103.707056272666819, 16.133033402855794, 0.0 ] ] } },
{ "type": "Feature", "properties": { }, "geometry": { "type": "LineString", "coordinates": [ [ 103.707057327349588, 16.133033074124661, 0.0 ], [ 103.707063151438277, 16.133037742871924, 0.0 ] ] } },
{ "type": "Feature", "properties": { }, "geometry": { "type": "LineString", "coordinates": [ [ 103.707054163301279, 16.133034060318007, 0.0 ], [ 103.707061360722122, 16.133039829965622, 0.0 ] ] } },
{ "type": "Feature", "properties": { }, "geometry": { "type": "LineString", "coordinates": [ [ 103.70708765735543, 16.132943490726092, 0.0 ], [ 103.707054163301279, 16.133034060318007, 0.0 ] ] } },
{ "type": "Feature", "properties": { }, "geometry": { "type": "LineString", "coordinates": [ [ 103.707089816581032, 16.132945221620027, 0.0 ], [ 103.707057327349588, 16.133033074124661, 0.0 ] ] } },
{ "type": "Feature", "properties": { }, "geometry": { "type": "LineString", "coordinates": [ [ 103.706961293346197, 16.132957264807715, 0.0 ], [ 103.706954801961061, 16.132952061130478, 0.0 ] ] } },
{ "type": "Feature", "properties": { }, "geometry": { "type": "LineString", "coordinates": [ [ 103.707055729271147, 16.132917896300146, 0.0 ], [ 103.706961293346197, 16.132957264807715, 0.0 ] ] } },
{ "type": "Feature", "properties": { }, "geometry": { "type": "LineString", "coordinates": [ [ 103.706961537236751, 16.132956286123427, 0.0 ], [ 103.706955398866512, 16.132951365432881, 0.0 ] ] } },
{ "type": "Feature", "properties": { }, "geometry": { "type": "LineString", "coordinates": [ [ 103.706960805565075, 16.132959222176282, 0.0 ], [ 103.706953608150144, 16.132953452525665, 0.0 ] ] } },
{ "type": "Feature", "properties": { }, "geometry": { "type": "LineString", "coordinates": [ [ 103.707057168754517, 16.132919050229631, 0.0 ], [ 103.706960805565075, 16.132959222176282, 0.0 ] ] } },
{ "type": "Feature", "properties": { }, "geometry": { "type": "LineString", "coordinates": [ [ 103.707055009529469, 16.132917319335405, 0.0 ], [ 103.706961537236751, 16.132956286123427, 0.0 ] ] } },
{ "type": "Feature", "properties": { }, "geometry": { "type": "LineString", "coordinates": [ [ 103.707089816581032, 16.132945221620027, 0.0 ], [ 103.707055009529469, 16.132917319335405, 0.0 ] ] } },
{ "type": "Feature", "properties": { }, "geometry": { "type": "LineString", "coordinates": [ [ 103.707061360722122, 16.133039829965622, 0.0 ], [ 103.707063151438277, 16.133037742871924, 0.0 ] ] } },
{ "type": "Feature", "properties": { }, "geometry": { "type": "LineString", "coordinates": [ [ 103.707176109570852, 16.132738244085346, 0.0 ], [ 103.707174318858748, 16.132740331180333, 0.0 ] ] } },
{ "type": "Feature", "properties": { }, "geometry": { "type": "LineString", "coordinates": [ [ 103.707181192507974, 16.132744667091522, 0.0 ], [ 103.707174910647311, 16.132739631381313, 0.0 ] ] } },
{ "type": "Feature", "properties": { }, "geometry": { "type": "LineString", "coordinates": [ [ 103.707180137826938, 16.132744995823394, 0.0 ], [ 103.707174313743266, 16.132740327079638, 0.0 ] ] } },
{ "type": "Feature", "properties": { }, "geometry": { "type": "LineString", "coordinates": [ [ 103.707183301870046, 16.132744009627775, 0.0 ], [ 103.707176109570852, 16.132738244085346, 0.0 ] ] } },
{ "type": "Feature", "properties": { }, "geometry": { "type": "LineString", "coordinates": [ [ 103.707276659602883, 16.132818847672297, 0.0 ], [ 103.707183301870046, 16.132744009627775, 0.0 ] ] } },
{ "type": "Feature", "properties": { }, "geometry": { "type": "LineString", "coordinates": [ [ 103.707180415216698, 16.132862611213522, 0.0 ], [ 103.707145608164836, 16.132834708943612, 0.0 ] ] } },
{ "type": "Feature", "properties": { }, "geometry": { "type": "LineString", "coordinates": [ [ 103.707276171825256, 16.13282080504186, 0.0 ], [ 103.707282663215537, 16.132826008709667, 0.0 ] ] } },
{ "type": "Feature", "properties": { }, "geometry": { "type": "LineString", "coordinates": [ [ 103.707181735983767, 16.132860173653938, 0.0 ], [ 103.707276171825256, 16.13282080504186, 0.0 ] ] } },
{ "type": "Feature", "properties": { }, "geometry": { "type": "LineString", "coordinates": [ [ 103.70714836841546, 16.13283342531312, 0.0 ], [ 103.707181192507974, 16.132744667091522, 0.0 ] ] } },
{ "type": "Feature", "properties": { }, "geometry": { "type": "LineString", "coordinates": [ [ 103.707282066311564, 16.132826704408298, 0.0 ], [ 103.707283857023455, 16.132824617312409, 0.0 ] ] } },
{ "type": "Feature", "properties": { }, "geometry": { "type": "LineString", "coordinates": [ [ 103.707275927936436, 16.132821783726644, 0.0 ], [ 103.707282066311564, 16.132826704408298, 0.0 ] ] } },
{ "type": "Feature", "properties": { }, "geometry": { "type": "LineString", "coordinates": [ [ 103.707276659602883, 16.132818847672297, 0.0 ], [ 103.707283857023455, 16.132824617312409, 0.0 ] ] } },
{ "type": "Feature", "properties": { }, "geometry": { "type": "LineString", "coordinates": [ [ 103.707180296500027, 16.132859019725267, 0.0 ], [ 103.707276659602883, 16.132818847672297, 0.0 ] ] } },
{ "type": "Feature", "properties": { }, "geometry": { "type": "LineString", "coordinates": [ [ 103.70714980789883, 16.132834579241983, 0.0 ], [ 103.707183301870046, 16.132744009627775, 0.0 ] ] } },
{ "type": "Feature", "properties": { }, "geometry": { "type": "LineString", "coordinates": [ [ 103.707182455725658, 16.132860750618267, 0.0 ], [ 103.707275927936436, 16.132821783726644, 0.0 ] ] } },
{ "type": "Feature", "properties": { }, "geometry": { "type": "LineString", "coordinates": [ [ 103.707147648673768, 16.132832848348688, 0.0 ], [ 103.707180137826938, 16.132744995823394, 0.0 ] ] } },
{ "type": "Feature", "properties": { }, "geometry": { "type": "LineString", "coordinates": [ [ 103.707182455725658, 16.132860750618267, 0.0 ], [ 103.707147648673768, 16.132832848348688, 0.0 ] ] } },
{ "type": "Feature", "properties": { }, "geometry": { "type": "LineString", "coordinates": [ [ 103.707182455725658, 16.132860750618267, 0.0 ], [ 103.707147648673768, 16.132832848348688, 0.0 ] ] } },
{ "type": "Feature", "properties": { }, "geometry": { "type": "LineString", "coordinates": [ [ 103.707091857091669, 16.132943361025767, 0.0 ], [ 103.707057050040106, 16.13291545874149, 0.0 ] ] } },
{ "type": "Feature", "properties": { }, "geometry": { "type": "LineString", "coordinates": [ [ 103.707147648673768, 16.132832848348688, 0.0 ], [ 103.707055009529469, 16.132917319335405, 0.0 ] ] } },
{ "type": "Feature", "properties": { }, "geometry": { "type": "LineString", "coordinates": [ [ 103.707182455725658, 16.132860750618267, 0.0 ], [ 103.707089816581032, 16.132945221620027, 0.0 ] ] } },
{ "type": "Feature", "properties": { }, "geometry": { "type": "LineString", "coordinates": [ [ 103.700522026646951, 16.1276104320124, 0.0 ], [ 103.700556598302867, 16.127638097037519, 0.0 ] ] } },
{ "type": "Feature", "properties": { }, "geometry": { "type": "LineString", "coordinates": [ [ 103.700638755160938, 16.127511144805684, 0.0 ], [ 103.70063874403948, 16.127511359917044, 0.0 ], [ 103.700638713564729, 16.127511573272898, 0.0 ], [ 103.700638663968618, 16.127511783249467, 0.0 ], [ 103.700638595628618, 16.127511988248724, 0.0 ], [ 103.700638509064831, 16.127512186710479, 0.0 ], [ 103.700638404936058, 16.127512377124329, 0.0 ], [ 103.700638284034795, 16.127512558041115, 0.0 ], [ 103.700638147281154, 16.127512728083932, 0.0 ], [ 103.700637995715908, 16.127512885958673, 0.0 ], [ 103.700637830492582, 16.12751303046381, 0.0 ], [ 103.700637652868636, 16.127513160499561, 0.0 ], [ 103.70063746419585, 16.127513275076289, 0.0 ], [ 103.700637265910174, 16.127513373321989, 0.0 ], [ 103.700637059520659, 16.127513454488948, 0.0 ], [ 103.700636846598073, 16.127513517959446, 0.0 ], [ 103.700636628762879, 16.127513563250428, 0.0 ], [ 103.700636407672931, 16.127513590017195, 0.0 ], [ 103.700636185010865, 16.127513598056055, 0.0 ], [ 103.700635962471267, 16.127513587305813, 0.0 ], [ 103.700635741747803, 16.127513557848289, 0.0 ], [ 103.700635524520308, 16.127513509907665, 0.0 ], [ 103.700635312442003, 16.127513443848812, 0.0 ], [ 103.700635107126956, 16.127513360174472, 0.0 ], [ 103.700634910137722, 16.127513259521457, 0.0 ], [ 103.700634722973518, 16.127513142655793, 0.0 ], [ 103.700634547058769, 16.127513010466895, 0.0 ], [ 103.700634383732279, 16.127512863960821, 0.0 ], [ 103.700634234237086, 16.127512704252549, 0.0 ], [ 103.700634099710939, 16.127512532557567, 0.0 ], [ 103.70063398117766, 16.127512350182574, 0.0 ], [ 103.700633879539325, 16.127512158515547, 0.0 ], [ 103.700633795569502, 16.127511959015198, 0.0 ], [ 103.700633729907253, 16.12751175319984, 0.0 ], [ 103.700633683052288, 16.127511542635855, 0.0 ], [ 103.700633655361202, 16.127511328925767, 0.0 ], [ 103.700633647044754, 16.12751111369602, 0.0 ], [ 103.700633658166225, 16.127510898584664, 0.0 ], [ 103.700633688640977, 16.127510685228813, 0.0 ], [ 103.700633738237087, 16.127510475252244, 0.0 ], [ 103.700633806577088, 16.127510270252991, 0.0 ], [ 103.700633893140875, 16.127510071791239, 0.0 ], [ 103.700633997269648, 16.127509881377389, 0.0 ], [ 103.700634118170925, 16.127509700460607, 0.0 ], [ 103.700634254924566, 16.12750953041779, 0.0 ], [ 103.700634406489797, 16.127509372543049, 0.0 ], [ 103.700634571713124, 16.127509228037916, 0.0 ], [ 103.700634749337098, 16.127509098002168, 0.0 ], [ 103.700634938009856, 16.127508983425443, 0.0 ], [ 103.700635136295531, 16.127508885179751, 0.0 ], [ 103.700635342685032, 16.127508804012788, 0.0 ], [ 103.700635555607633, 16.127508740542293, 0.0 ], [ 103.700635773442812, 16.127508695251318, 0.0 ], [ 103.700635994532746, 16.127508668484538, 0.0 ], [ 103.700636217194827, 16.127508660445685, 0.0 ], [ 103.700636439734396, 16.127508671195926, 0.0 ], [ 103.700636660457874, 16.127508700653451, 0.0 ], [ 103.700636877685355, 16.127508748594067, 0.0 ], [ 103.700637089763646, 16.12750881465292, 0.0 ], [ 103.700637295078707, 16.12750889832726, 0.0 ], [ 103.700637492067926, 16.127508998980272, 0.0 ], [ 103.700637679232145, 16.127509115845935, 0.0 ], [ 103.700637855146894, 16.127509248034819, 0.0 ], [ 103.70063801847337, 16.127509394540901, 0.0 ], [ 103.700638167968563, 16.127509554249169, 0.0 ], [ 103.70063830249471, 16.127509725944151, 0.0 ], [ 103.700638421028003, 16.127509908319148, 0.0 ], [ 103.700638522666324, 16.127510099986168, 0.0 ], [ 103.700638606636161, 16.127510299486516, 0.0 ], [ 103.700638672298425, 16.127510505301871, 0.0 ], [ 103.700638719153389, 16.127510715865853, 0.0 ], [ 103.700638746844476, 16.127510929575944, 0.0 ], [ 103.700638755160938, 16.127511144805684, 0.0 ] ] } },
{ "type": "Feature", "properties": { }, "geometry": { "type": "LineString", "coordinates": [ [ 103.700601492285671, 16.127554659954789, 0.0 ], [ 103.700601481164156, 16.127554875066142, 0.0 ], [ 103.700601450689348, 16.127555088421989, 0.0 ], [ 103.700601401093195, 16.127555298398551, 0.0 ], [ 103.700601332753138, 16.127555503397787, 0.0 ], [ 103.700601246189294, 16.127555701859524, 0.0 ], [ 103.700601142060464, 16.127555892273353, 0.0 ], [ 103.70060102115913, 16.127556073190107, 0.0 ], [ 103.700600884405418, 16.127556243232902, 0.0 ], [ 103.70060073284013, 16.127556401107611, 0.0 ], [ 103.700600567616746, 16.127556545612705, 0.0 ], [ 103.700600389992715, 16.127556675648425, 0.0 ], [ 103.700600201319872, 16.12755679022511, 0.0 ], [ 103.700600003034126, 16.127556888470767, 0.0 ], [ 103.700599796644568, 16.127556969637688, 0.0 ], [ 103.700599583721925, 16.127557033108147, 0.0 ], [ 103.700599365886674, 16.127557078399086, 0.0 ], [ 103.700599144796684, 16.127557105165813, 0.0 ], [ 103.70059892213456, 16.127557113204624, 0.0 ], [ 103.70059869959492, 16.127557102454343, 0.0 ], [ 103.700598478871427, 16.127557072996783, 0.0 ], [ 103.70059826164389, 16.12755702505612, 0.0 ], [ 103.700598049565556, 16.127556958997221, 0.0 ], [ 103.700597844250481, 16.127556875322846, 0.0 ], [ 103.700597647261233, 16.127556774669792, 0.0 ], [ 103.700597460097015, 16.127556657804092, 0.0 ], [ 103.700597284182251, 16.127556525615173, 0.0 ], [ 103.700597120855761, 16.127556379109063, 0.0 ], [ 103.700596971360568, 16.127556219400766, 0.0 ], [ 103.700596836834436, 16.127556047705763, 0.0 ], [ 103.700596718301156, 16.127555865330748, 0.0 ], [ 103.70059661666285, 16.127555673663704, 0.0 ], [ 103.700596532693055, 16.127555474163344, 0.0 ], [ 103.70059646703082, 16.127555268347983, 0.0 ], [ 103.700596420175899, 16.12755505778399, 0.0 ], [ 103.70059639248484, 16.127554844073892, 0.0 ], [ 103.700596384168435, 16.127554628844152, 0.0 ], [ 103.700596395289949, 16.127554413732803, 0.0 ], [ 103.700596425764758, 16.127554200376963, 0.0 ], [ 103.700596475360925, 16.127553990400401, 0.0 ], [ 103.700596543700982, 16.127553785401176, 0.0 ], [ 103.700596630264826, 16.127553586939435, 0.0 ], [ 103.70059673439367, 16.127553396525613, 0.0 ], [ 103.700596855295004, 16.127553215608856, 0.0 ], [ 103.700596992048702, 16.127553045566064, 0.0 ], [ 103.70059714361399, 16.127552887691358, 0.0 ], [ 103.700597308837388, 16.127552743186257, 0.0 ], [ 103.700597486461419, 16.127552613150545, 0.0 ], [ 103.700597675134247, 16.127552498573863, 0.0 ], [ 103.700597873419994, 16.127552400328202, 0.0 ], [ 103.700598079809552, 16.127552319161286, 0.0 ], [ 103.700598292732181, 16.127552255690837, 0.0 ], [ 103.700598510567431, 16.127552210399895, 0.0 ], [ 103.700598731657422, 16.12755218363316, 0.0 ], [ 103.700598954319531, 16.127552175594349, 0.0 ], [ 103.700599176859157, 16.12755218634463, 0.0 ], [ 103.700599397582664, 16.127552215802201, 0.0 ], [ 103.700599614810187, 16.127552263742864, 0.0 ], [ 103.700599826888507, 16.127552329801752, 0.0 ], [ 103.700600032203596, 16.127552413476124, 0.0 ], [ 103.700600229192844, 16.127552514129174, 0.0 ], [ 103.700600416357062, 16.12755263099487, 0.0 ], [ 103.700600592271812, 16.127552763183786, 0.0 ], [ 103.700600755598302, 16.127552909689896, 0.0 ], [ 103.700600905093495, 16.127553069398193, 0.0 ], [ 103.700601039619627, 16.127553241093199, 0.0 ], [ 103.700601158152907, 16.127553423468207, 0.0 ], [ 103.700601259791227, 16.127553615135245, 0.0 ], [ 103.700601343761022, 16.127553814635608, 0.0 ], [ 103.700601409423257, 16.127554020450972, 0.0 ], [ 103.700601456278193, 16.127554231014962, 0.0 ], [ 103.700601483969251, 16.127554444725057, 0.0 ], [ 103.700601492285671, 16.127554659954789, 0.0 ] ] } },
{ "type": "Feature", "properties": { }, "geometry": { "type": "LineString", "coordinates": [ [ 103.700541866533143, 16.127624280081658, 0.0 ], [ 103.700541855411558, 16.127624495193007, 0.0 ], [ 103.700541824936678, 16.127624708548829, 0.0 ], [ 103.700541775340426, 16.12762491852537, 0.0 ], [ 103.700541707000284, 16.127625123524581, 0.0 ], [ 103.700541620436354, 16.127625321986283, 0.0 ], [ 103.700541516307439, 16.127625512400076, 0.0 ], [ 103.700541395406006, 16.127625693316787, 0.0 ], [ 103.70054125865218, 16.127625863359544, 0.0 ], [ 103.700541107086778, 16.1276260212342, 0.0 ], [ 103.700540941863309, 16.12762616573924, 0.0 ], [ 103.700540764239179, 16.127626295774895, 0.0 ], [ 103.700540575566237, 16.127626410351525, 0.0 ], [ 103.70054037728039, 16.127626508597118, 0.0 ], [ 103.700540170890733, 16.127626589763977, 0.0 ], [ 103.700539957968005, 16.127626653234362, 0.0 ], [ 103.700539740132669, 16.127626698525233, 0.0 ], [ 103.700539519042593, 16.127626725291897, 0.0 ], [ 103.700539296380398, 16.12762673333064, 0.0 ], [ 103.700539073840687, 16.127626722580288, 0.0 ], [ 103.700538853117123, 16.127626693122661, 0.0 ], [ 103.700538635889529, 16.127626645181934, 0.0 ], [ 103.700538423811167, 16.127626579122982, 0.0 ], [ 103.70053821849605, 16.127626495448538, 0.0 ], [ 103.700538021506759, 16.127626394795424, 0.0 ], [ 103.700537834342512, 16.127626277929675, 0.0 ], [ 103.700537658427749, 16.127626145740706, 0.0 ], [ 103.700537495101244, 16.127625999234549, 0.0 ], [ 103.700537345606065, 16.127625839526207, 0.0 ], [ 103.700537211079933, 16.127625667831165, 0.0 ], [ 103.700537092546668, 16.127625485456122, 0.0 ], [ 103.700536990908404, 16.127625293789055, 0.0 ], [ 103.700536906938652, 16.127625094288671, 0.0 ], [ 103.70053684127646, 16.127624888473296, 0.0 ], [ 103.700536794421581, 16.127624677909299, 0.0 ], [ 103.700536766730593, 16.127624464199197, 0.0 ], [ 103.700536758414245, 16.127624248969461, 0.0 ], [ 103.700536769535844, 16.127624033858122, 0.0 ], [ 103.700536800010724, 16.12762382050229, 0.0 ], [ 103.700536849606976, 16.127623610525756, 0.0 ], [ 103.700536917947119, 16.127623405526549, 0.0 ], [ 103.700537004511062, 16.12762320706485, 0.0 ], [ 103.700537108639992, 16.127623016651061, 0.0 ], [ 103.700537229541425, 16.127622835734346, 0.0 ], [ 103.700537366295237, 16.127622665691607, 0.0 ], [ 103.700537517860639, 16.127622507816948, 0.0 ], [ 103.700537683084121, 16.127622363311911, 0.0 ], [ 103.700537860708252, 16.127622233276249, 0.0 ], [ 103.70053804938118, 16.12762211869963, 0.0 ], [ 103.700538247667026, 16.12762202045403, 0.0 ], [ 103.700538454056669, 16.12762193928717, 0.0 ], [ 103.700538666979412, 16.127621875816796, 0.0 ], [ 103.700538884814733, 16.127621830525925, 0.0 ], [ 103.700539105904809, 16.127621803759258, 0.0 ], [ 103.70053932856699, 16.127621795720518, 0.0 ], [ 103.700539551106687, 16.127621806470867, 0.0 ], [ 103.700539771830265, 16.127621835928501, 0.0 ], [ 103.70053998905783, 16.127621883869221, 0.0 ], [ 103.700540201136221, 16.127621949928177, 0.0 ], [ 103.700540406451324, 16.127622033602606, 0.0 ], [ 103.700540603440601, 16.127622134255724, 0.0 ], [ 103.700540790604848, 16.127622251121469, 0.0 ], [ 103.700540966519625, 16.127622383310435, 0.0 ], [ 103.700541129846101, 16.127622529816588, 0.0 ], [ 103.700541279341294, 16.127622689524923, 0.0 ], [ 103.700541413867427, 16.127622861219965, 0.0 ], [ 103.700541532400692, 16.127623043595012, 0.0 ], [ 103.70054163403897, 16.127623235262067, 0.0 ], [ 103.700541718008736, 16.127623434762455, 0.0 ], [ 103.700541783670914, 16.127623640577834, 0.0 ], [ 103.700541830525808, 16.127623851141827, 0.0 ], [ 103.700541858216795, 16.127624064851926, 0.0 ], [ 103.700541866533143, 16.127624280081658, 0.0 ] ] } },
{ "type": "Feature", "properties": { }, "geometry": { "type": "LineString", "coordinates": [ [ 103.700482240738353, 16.127693900188362, 0.0 ], [ 103.700482229616696, 16.127694115299697, 0.0 ], [ 103.700482199141746, 16.127694328655508, 0.0 ], [ 103.700482149545422, 16.127694538632031, 0.0 ], [ 103.70048208120518, 16.127694743631213, 0.0 ], [ 103.700481994641152, 16.127694942092884, 0.0 ], [ 103.700481890512123, 16.127695132506634, 0.0 ], [ 103.70048176961059, 16.12769531342331, 0.0 ], [ 103.700481632856693, 16.12769548346601, 0.0 ], [ 103.700481481291177, 16.127695641340619, 0.0 ], [ 103.700481316067595, 16.127695785845606, 0.0 ], [ 103.700481138443365, 16.127695915881208, 0.0 ], [ 103.700480949770338, 16.127696030457773, 0.0 ], [ 103.700480751484406, 16.127696128703306, 0.0 ], [ 103.700480545094649, 16.127696209870098, 0.0 ], [ 103.700480332171821, 16.127696273340419, 0.0 ], [ 103.700480114336401, 16.127696318631223, 0.0 ], [ 103.700479893246253, 16.127696345397812, 0.0 ], [ 103.700479670583974, 16.127696353436487, 0.0 ], [ 103.700479448044206, 16.127696342686068, 0.0 ], [ 103.700479227320571, 16.12769631322837, 0.0 ], [ 103.70047901009292, 16.127696265287582, 0.0 ], [ 103.700478798014501, 16.127696199228566, 0.0 ], [ 103.700478592699355, 16.127696115554063, 0.0 ], [ 103.700478395710022, 16.127696014900899, 0.0 ], [ 103.700478208545761, 16.127695898035089, 0.0 ], [ 103.700478032630969, 16.12769576584607, 0.0 ], [ 103.700477869304478, 16.127695619339868, 0.0 ], [ 103.7004777198093, 16.127695459631486, 0.0 ], [ 103.700477585283167, 16.127695287936412, 0.0 ], [ 103.700477466749945, 16.127695105561333, 0.0 ], [ 103.700477365111695, 16.127694913894249, 0.0 ], [ 103.700477281141971, 16.127694714393844, 0.0 ], [ 103.700477215479836, 16.127694508578454, 0.0 ], [ 103.700477168625014, 16.12769429801444, 0.0 ], [ 103.700477140934083, 16.127694084304338, 0.0 ], [ 103.700477132617806, 16.127693869074612, 0.0 ], [ 103.700477143739477, 16.127693653963284, 0.0 ], [ 103.700477174214441, 16.127693440607469, 0.0 ], [ 103.700477223810765, 16.12769323063095, 0.0 ], [ 103.700477292151007, 16.127693025631775, 0.0 ], [ 103.700477378715036, 16.127692827170097, 0.0 ], [ 103.700477482844065, 16.127692636756347, 0.0 ], [ 103.700477603745597, 16.127692455839679, 0.0 ], [ 103.700477740499508, 16.127692285796982, 0.0 ], [ 103.70047789206501, 16.12769212792238, 0.0 ], [ 103.700478057288592, 16.127691983417389, 0.0 ], [ 103.700478234912822, 16.127691853381791, 0.0 ], [ 103.700478423585864, 16.127691738805225, 0.0 ], [ 103.700478621871795, 16.127691640559696, 0.0 ], [ 103.700478828261538, 16.127691559392908, 0.0 ], [ 103.700479041184352, 16.127691495922587, 0.0 ], [ 103.700479259019772, 16.127691450631787, 0.0 ], [ 103.700479480109919, 16.127691423865191, 0.0 ], [ 103.700479702772185, 16.127691415826519, 0.0 ], [ 103.700479925311967, 16.127691426576934, 0.0 ], [ 103.700480146035588, 16.127691456034633, 0.0 ], [ 103.700480363263225, 16.127691503975417, 0.0 ], [ 103.700480575341643, 16.127691570034436, 0.0 ], [ 103.70048078065679, 16.12769165370894, 0.0 ], [ 103.700480977646109, 16.1276917543621, 0.0 ], [ 103.700481164810384, 16.127691871227903, 0.0 ], [ 103.700481340725176, 16.127692003416925, 0.0 ], [ 103.700481504051652, 16.127692149923121, 0.0 ], [ 103.700481653546845, 16.127692309631499, 0.0 ], [ 103.700481788072963, 16.127692481326573, 0.0 ], [ 103.7004819066062, 16.127692663701648, 0.0 ], [ 103.70048200824445, 16.127692855368732, 0.0 ], [ 103.700482092214173, 16.127693054869138, 0.0 ], [ 103.700482157876323, 16.127693260684531, 0.0 ], [ 103.700482204731159, 16.127693471248534, 0.0 ], [ 103.70048223242209, 16.127693684958636, 0.0 ], [ 103.700482240738353, 16.127693900188362, 0.0 ] ] } },
{ "type": "Feature", "properties": { }, "geometry": { "type": "LineString", "coordinates": [ [ 103.700551251341068, 16.127610324490053, 0.0 ], [ 103.700527373604629, 16.127638204560302, 0.0 ] ] } },
{ "type": "Feature", "properties": { }, "geometry": { "type": "LineString", "coordinates": [ [ 103.700481315413043, 16.127691982893438, 0.0 ], [ 103.70059730949437, 16.127556546138639, 0.0 ] ] } },
{ "type": "Feature", "properties": { }, "geometry": { "type": "LineString", "coordinates": [ [ 103.700614435283129, 16.127570565510759, 0.0 ], [ 103.700579863629429, 16.127542900495126, 0.0 ] ] } },
{ "type": "Feature", "properties": { }, "geometry": { "type": "LineString", "coordinates": [ [ 103.700616224055068, 16.127568476906543, 0.0 ], [ 103.700581652401453, 16.127540811891194, 0.0 ] ] } },
{ "type": "Feature", "properties": { }, "geometry": { "type": "LineString", "coordinates": [ [ 103.700496972508404, 16.127707717148326, 0.0 ], [ 103.700616224055068, 16.127568476906543, 0.0 ] ] } },
{ "type": "Feature", "properties": { }, "geometry": { "type": "LineString", "coordinates": [ [ 103.700462400850213, 16.12768005211344, 0.0 ], [ 103.700411325738983, 16.127708994386218, 0.0 ], [ 103.700405636270119, 16.127704441539606, 0.0 ] ] } },
{ "type": "Feature", "properties": { }, "geometry": { "type": "LineString", "coordinates": [ [ 103.70046316731657, 16.127680665457561, 0.0 ], [ 103.700411233799926, 16.127710094155162, 0.0 ], [ 103.700405040011674, 16.127705137740335, 0.0 ] ] } },
{ "type": "Feature", "properties": { }, "geometry": { "type": "LineString", "coordinates": [ [ 103.700464700249299, 16.127681892145798, 0.0 ], [ 103.700411049921797, 16.127712293693037, 0.0 ], [ 103.700403847494769, 16.127706530141776, 0.0 ], [ 103.700405040011674, 16.127705137740335, 0.0 ], [ 103.700405636270119, 16.127704441539606, 0.0 ] ] } },
{ "type": "Feature", "properties": { }, "geometry": { "type": "LineString", "coordinates": [ [ 103.700496972508404, 16.127707717148326, 0.0 ], [ 103.700477092889102, 16.127761622779186, 0.0 ], [ 103.700482782361291, 16.127766175624114, 0.0 ] ] } },
{ "type": "Feature", "properties": { }, "geometry": { "type": "LineString", "coordinates": [ [ 103.700496206041834, 16.127707103804308, 0.0 ], [ 103.700475992311056, 16.127761915412066, 0.0 ], [ 103.700482186102903, 16.12776687182506, 0.0 ] ] } },
{ "type": "Feature", "properties": { }, "geometry": { "type": "LineString", "coordinates": [ [ 103.700494673108707, 16.127705877116281, 0.0 ], [ 103.700473791154963, 16.127762500677779, 0.0 ], [ 103.700480993586098, 16.127768264226944, 0.0 ], [ 103.700482186102903, 16.127766871825052, 0.0 ], [ 103.700482782361291, 16.127766175624107, 0.0 ] ] } },
{ "type": "Feature", "properties": { }, "geometry": { "type": "LineString", "coordinates": [ [ 103.700496972508404, 16.127707717148326, 0.0 ], [ 103.700462400850213, 16.12768005211344, 0.0 ] ] } },
{ "type": "Feature", "properties": { }, "geometry": { "type": "LineString", "coordinates": [ [ 103.700473209582668, 16.127762035290388, 0.0 ], [ 103.700410468349801, 16.127711828305497, 0.0 ] ] } },
{ "type": "Feature", "properties": { }, "geometry": { "type": "LineString", "coordinates": [ [ 103.700581652401453, 16.127540811891194, 0.0 ], [ 103.700601531966512, 16.127486906245807, 0.0 ], [ 103.700595842498828, 16.127482353404321, 0.0 ] ] } },
{ "type": "Feature", "properties": { }, "geometry": { "type": "LineString", "coordinates": [ [ 103.700582418867711, 16.127541425234888, 0.0 ], [ 103.700602632542882, 16.12748661361216, 0.0 ], [ 103.700596438755937, 16.127481657202956, 0.0 ] ] } },
{ "type": "Feature", "properties": { }, "geometry": { "type": "LineString", "coordinates": [ [ 103.70058395180024, 16.127542651922251, 0.0 ], [ 103.700604833695593, 16.127486028344844, 0.0 ], [ 103.700597631270099, 16.127480264800202, 0.0 ], [ 103.700596438755937, 16.127481657202953, 0.0 ], [ 103.700595842498828, 16.127482353404321, 0.0 ] ] } },
{ "type": "Feature", "properties": { }, "geometry": { "type": "LineString", "coordinates": [ [ 103.700616224055068, 16.127568476906543, 0.0 ], [ 103.700667299102761, 16.127539534579508, 0.0 ], [ 103.700672988573757, 16.127544087419302, 0.0 ] ] } },
{ "type": "Feature", "properties": { }, "geometry": { "type": "LineString", "coordinates": [ [ 103.700615457588611, 16.127567863562966, 0.0 ], [ 103.70066739104027, 16.127538434810329, 0.0 ], [ 103.70067358483081, 16.12754339121771, 0.0 ] ] } },
{ "type": "Feature", "properties": { }, "geometry": { "type": "LineString", "coordinates": [ [ 103.700613924655684, 16.127566636875791, 0.0 ], [ 103.700667574915272, 16.127536235271975, 0.0 ], [ 103.700674777344872, 16.127541998814522, 0.0 ], [ 103.700673584830795, 16.127543391217714, 0.0 ], [ 103.700672988573743, 16.127544087419302, 0.0 ] ] } },
{ "type": "Feature", "properties": { }, "geometry": { "type": "LineString", "coordinates": [ [ 103.700616224055068, 16.127568476906543, 0.0 ], [ 103.700581652401453, 16.127540811891194, 0.0 ] ] } },
{ "type": "Feature", "properties": { }, "geometry": { "type": "LineString", "coordinates": [ [ 103.700667574915272, 16.127536235271975, 0.0 ], [ 103.700604833695593, 16.12748602834483, 0.0 ] ] } },
{ "type": "Feature", "properties": { }, "geometry": { "type": "LineString", "coordinates": [ [ 103.700494091536513, 16.127705411728936, 0.0 ], [ 103.70061334308356, 16.127566171488795, 0.0 ] ] } },
{ "type": "Feature", "properties": { }, "geometry": { "type": "LineString", "coordinates": [ [ 103.700496972508404, 16.127707717148326, 0.0 ], [ 103.700616224055068, 16.127568476906543, 0.0 ] ] } },
{ "type": "Feature", "properties": { }, "geometry": { "type": "LineString", "coordinates": [ [ 103.700464189624725, 16.127677963510699, 0.0 ], [ 103.700498761282844, 16.127705628545293, 0.0 ] ] } },
{ "type": "Feature", "properties": { }, "geometry": { "type": "LineString", "coordinates": [ [ 103.700462400850213, 16.12768005211344, 0.0 ], [ 103.700496972508404, 16.127707717148326, 0.0 ] ] } },
{ "type": "Feature", "properties": { }, "geometry": { "type": "LineString", "coordinates": [ [ 103.700581652401453, 16.127540811891194, 0.0 ], [ 103.700462400850213, 16.12768005211344, 0.0 ] ] } },
{ "type": "Feature", "properties": { }, "geometry": { "type": "LineString", "coordinates": [ [ 103.700465281821351, 16.127682357533207, 0.0 ], [ 103.700584533372222, 16.12754311730933, 0.0 ] ] } },
{ "type": "Feature", "properties": { }, "geometry": { "type": "LineString", "coordinates": [ [ 103.697461226898952, 16.125161059881641, 0.0 ], [ 103.697495797692838, 16.125188725346689, 0.0 ] ] } },
{ "type": "Feature", "properties": { }, "geometry": { "type": "LineString", "coordinates": [ [ 103.697577955275889, 16.125061774334409, 0.0 ], [ 103.697577944151476, 16.125061989445424, 0.0 ], [ 103.697577913674053, 16.12506220280067, 0.0 ], [ 103.697577864075583, 16.125062412776394, 0.0 ], [ 103.697577795733565, 16.125062617774535, 0.0 ], [ 103.697577709168087, 16.125062816234948, 0.0 ], [ 103.697577605037978, 16.125063006647228, 0.0 ], [ 103.697577484135707, 16.125063187562215, 0.0 ], [ 103.697577347381454, 16.12506335760305, 0.0 ], [ 103.697577195815981, 16.125063515475617, 0.0 ], [ 103.697577030592797, 16.125063659978395, 0.0 ], [ 103.697576852969348, 16.125063790011637, 0.0 ], [ 103.697576664297458, 16.125063904585723, 0.0 ], [ 103.697576466013004, 16.125064002828662, 0.0 ], [ 103.697576259625109, 16.125064083992786, 0.0 ], [ 103.697576046704469, 16.125064147460357, 0.0 ], [ 103.69757582887155, 16.125064192748368, 0.0 ], [ 103.697575607784188, 16.12506421951214, 0.0 ], [ 103.697575385124992, 16.125064227547991, 0.0 ], [ 103.697575162588521, 16.125064216794765, 0.0 ], [ 103.697574941868453, 16.125064187334303, 0.0 ], [ 103.697574724644554, 16.125064139390812, 0.0 ], [ 103.697574512570057, 16.12506407332916, 0.0 ], [ 103.697574307258961, 16.12506398965213, 0.0 ], [ 103.69757411027382, 16.125063888996561, 0.0 ], [ 103.697573923113808, 16.125063772128481, 0.0 ], [ 103.697573747203307, 16.125063639937348, 0.0 ], [ 103.697573583881137, 16.125063493429202, 0.0 ], [ 103.69757343439025, 16.125063333719062, 0.0 ], [ 103.697573299868367, 16.125063162022425, 0.0 ], [ 103.697573181339294, 16.125062979645996, 0.0 ], [ 103.697573079705094, 16.125062787977779, 0.0 ], [ 103.697572995739279, 16.125062588476485, 0.0 ], [ 103.697572930080852, 16.125062382660435, 0.0 ], [ 103.69757288322954, 16.125062172096001, 0.0 ], [ 103.697572855541907, 16.125061958385736, 0.0 ], [ 103.69757284722867, 16.125061743156074, 0.0 ], [ 103.697572858353084, 16.125061528045062, 0.0 ], [ 103.697572888830507, 16.125061314689809, 0.0 ], [ 103.697572938428976, 16.125061104714103, 0.0 ], [ 103.697573006771009, 16.125060899715958, 0.0 ], [ 103.697573093336487, 16.125060701255546, 0.0 ], [ 103.69757319746661, 16.125060510843262, 0.0 ], [ 103.697573318368867, 16.125060329928274, 0.0 ], [ 103.69757345512312, 16.125060159887443, 0.0 ], [ 103.697573606688607, 16.125060002014887, 0.0 ], [ 103.697573771911792, 16.12505985751211, 0.0 ], [ 103.69757394953524, 16.12505972747886, 0.0 ], [ 103.697574138207116, 16.125059612904778, 0.0 ], [ 103.697574336491556, 16.125059514661842, 0.0 ], [ 103.697574542879465, 16.125059433497732, 0.0 ], [ 103.69757475580009, 16.125059370030158, 0.0 ], [ 103.69757497363301, 16.12505932474215, 0.0 ], [ 103.697575194720372, 16.125059297978375, 0.0 ], [ 103.697575417379568, 16.125059289942516, 0.0 ], [ 103.69757563991601, 16.125059300695746, 0.0 ], [ 103.697575860636093, 16.125059330156205, 0.0 ], [ 103.697576077859992, 16.125059378099703, 0.0 ], [ 103.697576289934474, 16.125059444161348, 0.0 ], [ 103.697576495245571, 16.125059527838371, 0.0 ], [ 103.697576692230712, 16.125059628493943, 0.0 ], [ 103.697576879390724, 16.125059745362019, 0.0 ], [ 103.69757705530121, 16.125059877553152, 0.0 ], [ 103.697577218623394, 16.125060024061298, 0.0 ], [ 103.697577368114267, 16.125060183771431, 0.0 ], [ 103.69757750263615, 16.125060355468062, 0.0 ], [ 103.697577621165223, 16.12506053784449, 0.0 ], [ 103.697577722799437, 16.125060729512704, 0.0 ], [ 103.697577806765267, 16.125060929014005, 0.0 ], [ 103.697577872423679, 16.125061134830055, 0.0 ], [ 103.697577919274991, 16.125061345394478, 0.0 ], [ 103.697577946962639, 16.125061559104751, 0.0 ], [ 103.697577955275889, 16.125061774334409, 0.0 ] ] } },
{ "type": "Feature", "properties": { }, "geometry": { "type": "LineString", "coordinates": [ [ 103.697540692274231, 16.125105288943089, 0.0 ], [ 103.697540681149775, 16.125105504054098, 0.0 ], [ 103.697540650672309, 16.125105717409333, 0.0 ], [ 103.697540601073797, 16.125105927385036, 0.0 ], [ 103.697540532731708, 16.12510613238317, 0.0 ], [ 103.697540446166173, 16.125106330843568, 0.0 ], [ 103.697540342035992, 16.125106521255823, 0.0 ], [ 103.697540221133679, 16.125106702170786, 0.0 ], [ 103.697540084379355, 16.125106872211589, 0.0 ], [ 103.697539932813825, 16.125107030084116, 0.0 ], [ 103.697539767590584, 16.125107174586862, 0.0 ], [ 103.69753958996705, 16.12510730462008, 0.0 ], [ 103.697539401295103, 16.125107419194123, 0.0 ], [ 103.697539203010606, 16.125107517437019, 0.0 ], [ 103.69753899662264, 16.125107598601094, 0.0 ], [ 103.697538783701944, 16.125107662068626, 0.0 ], [ 103.697538565868967, 16.125107707356602, 0.0 ], [ 103.697538344781549, 16.125107734120331, 0.0 ], [ 103.69753812212231, 16.125107742156143, 0.0 ], [ 103.697537899585797, 16.125107731402871, 0.0 ], [ 103.697537678865686, 16.125107701942369, 0.0 ], [ 103.697537461641758, 16.125107653998825, 0.0 ], [ 103.697537249567233, 16.125107587937141, 0.0 ], [ 103.697537044256109, 16.125107504260079, 0.0 ], [ 103.697536847270939, 16.125107403604467, 0.0 ], [ 103.697536660110927, 16.125107286736359, 0.0 ], [ 103.697536484200427, 16.125107154545187, 0.0 ], [ 103.697536320878243, 16.12510700803702, 0.0 ], [ 103.697536171387341, 16.125106848326851, 0.0 ], [ 103.697536036865486, 16.125106676630192, 0.0 ], [ 103.697535918336428, 16.125106494253746, 0.0 ], [ 103.697535816702242, 16.125106302585515, 0.0 ], [ 103.697535732736441, 16.125106103084207, 0.0 ], [ 103.697535667078043, 16.125105897268146, 0.0 ], [ 103.697535620226773, 16.125105686703716, 0.0 ], [ 103.697535592539182, 16.125105472993443, 0.0 ], [ 103.697535584225989, 16.125105257763785, 0.0 ], [ 103.697535595350445, 16.12510504265277, 0.0 ], [ 103.697535625827911, 16.125104829297534, 0.0 ], [ 103.697535675426437, 16.125104619321835, 0.0 ], [ 103.697535743768526, 16.125104414323701, 0.0 ], [ 103.697535830334061, 16.12510421586331, 0.0 ], [ 103.697535934464241, 16.125104025451058, 0.0 ], [ 103.697536055366569, 16.125103844536092, 0.0 ], [ 103.697536192120893, 16.125103674495296, 0.0 ], [ 103.697536343686423, 16.125103516622765, 0.0 ], [ 103.697536508909664, 16.125103372120023, 0.0 ], [ 103.697536686533169, 16.125103242086819, 0.0 ], [ 103.697536875205145, 16.125103127512773, 0.0 ], [ 103.697537073489627, 16.125103029269876, 0.0 ], [ 103.697537279877579, 16.125102948105798, 0.0 ], [ 103.697537492798276, 16.12510288463827, 0.0 ], [ 103.697537710631252, 16.125102839350305, 0.0 ], [ 103.697537931718671, 16.125102812586572, 0.0 ], [ 103.697538154377895, 16.12510280455076, 0.0 ], [ 103.697538376914395, 16.125102815304032, 0.0 ], [ 103.697538597634519, 16.12510284476453, 0.0 ], [ 103.697538814858433, 16.125102892708064, 0.0 ], [ 103.697539026932958, 16.125102958769748, 0.0 ], [ 103.697539232244083, 16.125103042446813, 0.0 ], [ 103.697539429229238, 16.125103143102418, 0.0 ], [ 103.697539616389264, 16.125103259970526, 0.0 ], [ 103.697539792299764, 16.125103392161694, 0.0 ], [ 103.697539955621949, 16.125103538669862, 0.0 ], [ 103.697540105112822, 16.12510369838003, 0.0 ], [ 103.697540239634705, 16.125103870076682, 0.0 ], [ 103.697540358163764, 16.125104052453125, 0.0 ], [ 103.697540459797949, 16.12510424412136, 0.0 ], [ 103.697540543763751, 16.125104443622668, 0.0 ], [ 103.697540609422148, 16.125104649438725, 0.0 ], [ 103.697540656273418, 16.125104860003155, 0.0 ], [ 103.697540683961023, 16.125105073713428, 0.0 ], [ 103.697540692274231, 16.125105288943089, 0.0 ] ] } },
{ "type": "Feature", "properties": { }, "geometry": { "type": "LineString", "coordinates": [ [ 103.697481066319639, 16.125174908205203, 0.0 ], [ 103.697481055195112, 16.1251751233162, 0.0 ], [ 103.697481024717561, 16.125175336671425, 0.0 ], [ 103.697480975118964, 16.125175546647107, 0.0 ], [ 103.697480906776789, 16.125175751645209, 0.0 ], [ 103.697480820211155, 16.125175950105572, 0.0 ], [ 103.697480716080875, 16.125176140517794, 0.0 ], [ 103.697480595178462, 16.125176321432715, 0.0 ], [ 103.697480458424053, 16.125176491473475, 0.0 ], [ 103.697480306858409, 16.125176649345949, 0.0 ], [ 103.697480141635054, 16.125176793848642, 0.0 ], [ 103.69747996401145, 16.125176923881792, 0.0 ], [ 103.697479775339389, 16.125177038455785, 0.0 ], [ 103.697479577054793, 16.125177136698621, 0.0 ], [ 103.697479370666727, 16.125177217862621, 0.0 ], [ 103.697479157745946, 16.125177281330092, 0.0 ], [ 103.697478939912884, 16.125177326617994, 0.0 ], [ 103.69747871882538, 16.125177353381652, 0.0 ], [ 103.69747849616607, 16.1251773614174, 0.0 ], [ 103.6974782736295, 16.125177350664067, 0.0 ], [ 103.697478052909318, 16.125177321203495, 0.0 ], [ 103.697477835685334, 16.125177273259887, 0.0 ], [ 103.697477623610752, 16.125177207198139, 0.0 ], [ 103.697477418299599, 16.125177123521016, 0.0 ], [ 103.697477221314401, 16.125177022865348, 0.0 ], [ 103.697477034154346, 16.125176905997183, 0.0 ], [ 103.697476858243832, 16.125176773805965, 0.0 ], [ 103.697476694921647, 16.125176627297748, 0.0 ], [ 103.697476545430774, 16.125176467587544, 0.0 ], [ 103.697476410908919, 16.125176295890849, 0.0 ], [ 103.697476292379875, 16.125176113514371, 0.0 ], [ 103.697476190745718, 16.125175921846115, 0.0 ], [ 103.697476106779959, 16.125175722344778, 0.0 ], [ 103.697476041121618, 16.125175516528707, 0.0 ], [ 103.697475994270405, 16.125175305964266, 0.0 ], [ 103.697475966582857, 16.125175092253993, 0.0 ], [ 103.697475958269735, 16.125174877024339, 0.0 ], [ 103.697475969394262, 16.125174661913334, 0.0 ], [ 103.697475999871813, 16.125174448558116, 0.0 ], [ 103.697476049470424, 16.125174238582431, 0.0 ], [ 103.697476117812599, 16.125174033584333, 0.0 ], [ 103.697476204378233, 16.125173835123974, 0.0 ], [ 103.697476308508499, 16.125173644711754, 0.0 ], [ 103.697476429410912, 16.125173463796838, 0.0 ], [ 103.697476566165349, 16.125173293756081, 0.0 ], [ 103.697476717730993, 16.12517313588361, 0.0 ], [ 103.697476882954319, 16.125172991380914, 0.0 ], [ 103.697477060577953, 16.125172861347771, 0.0 ], [ 103.697477249249999, 16.125172746773785, 0.0 ], [ 103.697477447534581, 16.125172648530942, 0.0 ], [ 103.697477653922633, 16.125172567366938, 0.0 ], [ 103.697477866843428, 16.125172503899474, 0.0 ], [ 103.697478084676476, 16.125172458611576, 0.0 ], [ 103.69747830576398, 16.125172431847911, 0.0 ], [ 103.697478528423289, 16.12517242381217, 0.0 ], [ 103.697478750959846, 16.125172434565503, 0.0 ], [ 103.697478971680027, 16.125172464026072, 0.0 ], [ 103.697479188904012, 16.125172511969673, 0.0 ], [ 103.697479400978594, 16.125172578031417, 0.0 ], [ 103.697479606289747, 16.125172661708543, 0.0 ], [ 103.697479803274931, 16.125172762364212, 0.0 ], [ 103.697479990434971, 16.125172879232377, 0.0 ], [ 103.697480166345485, 16.125173011423588, 0.0 ], [ 103.697480329667684, 16.125173157931805, 0.0 ], [ 103.697480479158557, 16.125173317642005, 0.0 ], [ 103.697480613680412, 16.125173489338703, 0.0 ], [ 103.69748073220947, 16.125173671715178, 0.0 ], [ 103.697480833843628, 16.125173863383431, 0.0 ], [ 103.697480917809386, 16.12517406288476, 0.0 ], [ 103.697480983467727, 16.125174268700828, 0.0 ], [ 103.697481030318954, 16.125174479265269, 0.0 ], [ 103.697481058006503, 16.125174692975548, 0.0 ], [ 103.697481066319639, 16.125174908205203, 0.0 ] ] } },
{ "type": "Feature", "properties": { }, "geometry": { "type": "LineString", "coordinates": [ [ 103.697421440322785, 16.125244527447148, 0.0 ], [ 103.697421429198187, 16.125244742558134, 0.0 ], [ 103.697421398720564, 16.125244955913349, 0.0 ], [ 103.697421349121882, 16.125245165889009, 0.0 ], [ 103.697421280779608, 16.125245370887082, 0.0 ], [ 103.697421194213888, 16.125245569347413, 0.0 ], [ 103.697421090083523, 16.125245759759597, 0.0 ], [ 103.69742096918101, 16.125245940674475, 0.0 ], [ 103.697420832426488, 16.125246110715185, 0.0 ], [ 103.697420680860745, 16.125246268587613, 0.0 ], [ 103.69742051563729, 16.125246413090252, 0.0 ], [ 103.697420338013572, 16.125246543123346, 0.0 ], [ 103.697420149341426, 16.125246657697275, 0.0 ], [ 103.69741995105673, 16.125246755940051, 0.0 ], [ 103.697419744668579, 16.12524683710399, 0.0 ], [ 103.697419531747698, 16.125246900571391, 0.0 ], [ 103.697419313914551, 16.125246945859224, 0.0 ], [ 103.697419092826976, 16.125246972622818, 0.0 ], [ 103.697418870167581, 16.125246980658488, 0.0 ], [ 103.69741864763094, 16.125246969905096, 0.0 ], [ 103.697418426910701, 16.125246940444448, 0.0 ], [ 103.69741820968666, 16.125246892500783, 0.0 ], [ 103.697417997612035, 16.125246826438968, 0.0 ], [ 103.697417792300826, 16.125246742761789, 0.0 ], [ 103.697417595315599, 16.12524664210606, 0.0 ], [ 103.69741740815553, 16.125246525237841, 0.0 ], [ 103.697417232245002, 16.125246393046574, 0.0 ], [ 103.697417068922817, 16.125246246538314, 0.0 ], [ 103.69741691943193, 16.125246086828067, 0.0 ], [ 103.697416784910089, 16.12524591513133, 0.0 ], [ 103.697416666381059, 16.125245732754827, 0.0 ], [ 103.697416564746945, 16.125245541086542, 0.0 ], [ 103.697416480781214, 16.125245341585192, 0.0 ], [ 103.69741641512293, 16.125245135769106, 0.0 ], [ 103.69741636827176, 16.125244925204647, 0.0 ], [ 103.697416340584283, 16.125244711494371, 0.0 ], [ 103.697416332271217, 16.12524449626472, 0.0 ], [ 103.69741634339583, 16.12524428115373, 0.0 ], [ 103.697416373873466, 16.12524406779853, 0.0 ], [ 103.697416423472148, 16.125243857822866, 0.0 ], [ 103.697416491814423, 16.1252436528248, 0.0 ], [ 103.697416578380157, 16.125243454364465, 0.0 ], [ 103.697416682510521, 16.125243263952282, 0.0 ], [ 103.697416803413034, 16.125243083037404, 0.0 ], [ 103.697416940167543, 16.125242912996697, 0.0 ], [ 103.6974170917333, 16.125242755124273, 0.0 ], [ 103.697417256956754, 16.12524261062164, 0.0 ], [ 103.697417434580458, 16.125242480588547, 0.0 ], [ 103.697417623252619, 16.125242366014628, 0.0 ], [ 103.6974178215373, 16.125242267771849, 0.0 ], [ 103.697418027925437, 16.125242186607913, 0.0 ], [ 103.697418240846318, 16.125242123140517, 0.0 ], [ 103.697418458679465, 16.125242077852679, 0.0 ], [ 103.69741867976704, 16.125242051089085, 0.0 ], [ 103.697418902426421, 16.125242043053408, 0.0 ], [ 103.697419124963062, 16.125242053806815, 0.0 ], [ 103.697419345683301, 16.125242083267452, 0.0 ], [ 103.697419562907342, 16.12524213121112, 0.0 ], [ 103.697419774981952, 16.125242197272929, 0.0 ], [ 103.697419980293148, 16.125242280950104, 0.0 ], [ 103.697420177278374, 16.12524238160583, 0.0 ], [ 103.697420364438443, 16.125242498474051, 0.0 ], [ 103.697420540348972, 16.125242630665312, 0.0 ], [ 103.697420703671156, 16.125242777173568, 0.0 ], [ 103.697420853162043, 16.125242936883811, 0.0 ], [ 103.697420987683898, 16.125243108580548, 0.0 ], [ 103.697421106212914, 16.125243290957044, 0.0 ], [ 103.697421207847043, 16.125243482625333, 0.0 ], [ 103.697421291812773, 16.125243682126683, 0.0 ], [ 103.697421357471072, 16.125243887942769, 0.0 ], [ 103.697421404322242, 16.125244098507217, 0.0 ], [ 103.697421432009719, 16.125244312217497, 0.0 ], [ 103.697421440322785, 16.125244527447148, 0.0 ] ] } },
{ "type": "Feature", "properties": { }, "geometry": { "type": "LineString", "coordinates": [ [ 103.697490451202512, 16.12516095275241, 0.0 ], [ 103.697466573385142, 16.125188832476354, 0.0 ] ] } },
{ "type": "Feature", "properties": { }, "geometry": { "type": "LineString", "coordinates": [ [ 103.697420515037479, 16.125242610141513, 0.0 ], [ 103.697536509511906, 16.12510717506898, 0.0 ] ] } },
{ "type": "Feature", "properties": { }, "geometry": { "type": "LineString", "coordinates": [ [ 103.697553634869109, 16.125121194658753, 0.0 ], [ 103.69751906407744, 16.12509352920317, 0.0 ] ] } },
{ "type": "Feature", "properties": { }, "geometry": { "type": "LineString", "coordinates": [ [ 103.697555423647131, 16.125119106080469, 0.0 ], [ 103.697520852855519, 16.125091440625184, 0.0 ] ] } },
{ "type": "Feature", "properties": { }, "geometry": { "type": "LineString", "coordinates": [ [ 103.69743617169631, 16.125258344592734, 0.0 ], [ 103.697555423647131, 16.125119106080469, 0.0 ] ] } },
{ "type": "Feature", "properties": { }, "geometry": { "type": "LineString", "coordinates": [ [ 103.697401600900136, 16.125230679117927, 0.0 ], [ 103.697350526057619, 16.125259620677681, 0.0 ], [ 103.697344836730593, 16.125255067758665, 0.0 ] ] } },
{ "type": "Feature", "properties": { }, "geometry": { "type": "LineString", "coordinates": [ [ 103.697402367347379, 16.125231292471799, 0.0 ], [ 103.697350434103953, 16.125260720444391, 0.0 ], [ 103.69734424047013, 16.125255763950751, 0.0 ] ] } },
{ "type": "Feature", "properties": { }, "geometry": { "type": "LineString", "coordinates": [ [ 103.697403900241895, 16.125232519179534, 0.0 ], [ 103.697350250196635, 16.125262919977811, 0.0 ], [ 103.69734304794919, 16.1252571563349, 0.0 ], [ 103.69734424047013, 16.125255763950751, 0.0 ], [ 103.697344836730593, 16.125255067758665, 0.0 ] ] } },
{ "type": "Feature", "properties": { }, "geometry": { "type": "LineString", "coordinates": [ [ 103.69743617169631, 16.125258344592734, 0.0 ], [ 103.69741629156789, 16.125312249907559, 0.0 ], [ 103.697421980898213, 16.125316802824887, 0.0 ] ] } },
{ "type": "Feature", "properties": { }, "geometry": { "type": "LineString", "coordinates": [ [ 103.697435405248839, 16.125257731238971, 0.0 ], [ 103.697415191000388, 16.125312542525371, 0.0 ], [ 103.697421384637792, 16.125317499017186, 0.0 ] ] } },
{ "type": "Feature", "properties": { }, "geometry": { "type": "LineString", "coordinates": [ [ 103.697433872353955, 16.125256504531432, 0.0 ], [ 103.697412989865384, 16.125313127760958, 0.0 ], [ 103.697420192116937, 16.125318891401776, 0.0 ], [ 103.697421384637792, 16.125317499017179, 0.0 ], [ 103.697421980898213, 16.12531680282488, 0.0 ] ] } },
{ "type": "Feature", "properties": { }, "geometry": { "type": "LineString", "coordinates": [ [ 103.69743617169631, 16.125258344592734, 0.0 ], [ 103.697401600900136, 16.125230679117927, 0.0 ] ] } },
{ "type": "Feature", "properties": { }, "geometry": { "type": "LineString", "coordinates": [ [ 103.697412408307599, 16.125312662366163, 0.0 ], [ 103.697349668639134, 16.125262454582867, 0.0 ] ] } },
{ "type": "Feature", "properties": { }, "geometry": { "type": "LineString", "coordinates": [ [ 103.697520852855519, 16.125091440625184, 0.0 ], [ 103.69754073292971, 16.125037535295839, 0.0 ], [ 103.697535043603892, 16.12503298238196, 0.0 ] ] } },
{ "type": "Feature", "properties": { }, "geometry": { "type": "LineString", "coordinates": [ [ 103.697521619302663, 16.12509205397863, 0.0 ], [ 103.697541833495521, 16.125037242677251, 0.0 ], [ 103.697535639863005, 16.125032286189231, 0.0 ] ] } },
{ "type": "Feature", "properties": { }, "geometry": { "type": "LineString", "coordinates": [ [ 103.697523152196965, 16.125093280685505, 0.0 ], [ 103.697544034627128, 16.125036657440067, 0.0 ], [ 103.697536832381232, 16.125030893803775, 0.0 ], [ 103.697535639863005, 16.125032286189224, 0.0 ], [ 103.697535043603892, 16.12503298238196, 0.0 ] ] } },
{ "type": "Feature", "properties": { }, "geometry": { "type": "LineString", "coordinates": [ [ 103.697555423647131, 16.125119106080469, 0.0 ], [ 103.697606498426154, 16.125090164466453, 0.0 ], [ 103.697612187755283, 16.125094717378644, 0.0 ] ] } },
{ "type": "Feature", "properties": { }, "geometry": { "type": "LineString", "coordinates": [ [ 103.69755465719976, 16.125118492727132, 0.0 ], [ 103.697606590378243, 16.125089064699502, 0.0 ], [ 103.697612784014339, 16.125094021185703, 0.0 ] ] } },
{ "type": "Feature", "properties": { }, "geometry": { "type": "LineString", "coordinates": [ [ 103.697553124305074, 16.125117266020464, 0.0 ], [ 103.697606774282434, 16.12508686516561, 0.0 ], [ 103.697613976532452, 16.125092628799813, 0.0 ], [ 103.697612784014339, 16.125094021185706, 0.0 ], [ 103.697612187755269, 16.125094717378648, 0.0 ] ] } },
{ "type": "Feature", "properties": { }, "geometry": { "type": "LineString", "coordinates": [ [ 103.697555423647131, 16.125119106080469, 0.0 ], [ 103.697520852855519, 16.125091440625184, 0.0 ] ] } },
{ "type": "Feature", "properties": { }, "geometry": { "type": "LineString", "coordinates": [ [ 103.697606774282434, 16.12508686516561, 0.0 ], [ 103.697544034627128, 16.125036657440059, 0.0 ] ] } },
{ "type": "Feature", "properties": { }, "geometry": { "type": "LineString", "coordinates": [ [ 103.697433290796255, 16.125256039136694, 0.0 ], [ 103.697552542747459, 16.125116800626049, 0.0 ] ] } },
{ "type": "Feature", "properties": { }, "geometry": { "type": "LineString", "coordinates": [ [ 103.69743617169631, 16.125258344592734, 0.0 ], [ 103.697555423647131, 16.125119106080469, 0.0 ] ] } },
{ "type": "Feature", "properties": { }, "geometry": { "type": "LineString", "coordinates": [ [ 103.697403389680716, 16.125228590541127, 0.0 ], [ 103.697437960476819, 16.125256256015646, 0.0 ] ] } },
{ "type": "Feature", "properties": { }, "geometry": { "type": "LineString", "coordinates": [ [ 103.697401600900136, 16.125230679117927, 0.0 ], [ 103.69743617169631, 16.125258344592734, 0.0 ] ] } },
{ "type": "Feature", "properties": { }, "geometry": { "type": "LineString", "coordinates": [ [ 103.697520852855519, 16.125091440625184, 0.0 ], [ 103.697401600900136, 16.125230679117927, 0.0 ] ] } },
{ "type": "Feature", "properties": { }, "geometry": { "type": "LineString", "coordinates": [ [ 103.697404481799438, 16.125232984574346, 0.0 ], [ 103.697523733754451, 16.125093746079983, 0.0 ] ] } },
{ "type": "Feature", "properties": { }, "geometry": { "type": "LineString", "coordinates": [ [ 103.688873772611231, 16.119761551533163, 0.0 ], [ 103.688914655622042, 16.119779447217073, 0.0 ] ] } },
{ "type": "Feature", "properties": { }, "geometry": { "type": "LineString", "coordinates": [ [ 103.688956549345775, 16.119642898632616, 0.0 ], [ 103.688956538212878, 16.119643113742619, 0.0 ], [ 103.68895650772761, 16.119643327096124, 0.0 ], [ 103.688956458122021, 16.119643537069368, 0.0 ], [ 103.688956389773651, 16.119643742064344, 0.0 ], [ 103.688956303202644, 16.119643940520895, 0.0 ], [ 103.68895619906786, 16.119644130928663, 0.0 ], [ 103.688956078161851, 16.119644311838524, 0.0 ], [ 103.688955941404757, 16.119644481873646, 0.0 ], [ 103.688955789837394, 16.119644639739953, 0.0 ], [ 103.688955624613286, 16.119644784236002, 0.0 ], [ 103.68895544698988, 16.119644914262079, 0.0 ], [ 103.688955258319012, 16.119645028828607, 0.0 ], [ 103.688955060036548, 16.11964512706367, 0.0 ], [ 103.68895485365158, 16.119645208219634, 0.0 ], [ 103.688954640734792, 16.119645271678863, 0.0 ], [ 103.688954422906619, 16.119645316958383, 0.0 ], [ 103.68895420182487, 16.1196453437136, 0.0 ], [ 103.688953979172112, 16.119645351740878, 0.0 ], [ 103.688953756642846, 16.119645340979137, 0.0 ], [ 103.688953535930679, 16.119645311510268, 0.0 ], [ 103.688953318715363, 16.119645263558564, 0.0 ], [ 103.688953106650018, 16.119645197488946, 0.0 ], [ 103.6889529013486, 16.11964511380426, 0.0 ], [ 103.688952704373577, 16.119645013141387, 0.0 ], [ 103.688952517224052, 16.119644896266443, 0.0 ], [ 103.688952341324338, 16.119644764068905, 0.0 ], [ 103.688952178013139, 16.119644617554883, 0.0 ], [ 103.688952028533365, 16.119644457839431, 0.0 ], [ 103.688951894022622, 16.119644286138097, 0.0 ], [ 103.688951775504648, 16.119644103757604, 0.0 ], [ 103.688951673881405, 16.119643912086001, 0.0 ], [ 103.688951589926333, 16.119643712582018, 0.0 ], [ 103.688951524278366, 16.119643506763996, 0.0 ], [ 103.688951477437143, 16.119643296198344, 0.0 ], [ 103.688951449759131, 16.119643082487578, 0.0 ], [ 103.688951441455004, 16.119642867258179, 0.0 ], [ 103.688951452587915, 16.119642652148176, 0.0 ], [ 103.688951483073183, 16.119642438794674, 0.0 ], [ 103.688951532678757, 16.119642228821426, 0.0 ], [ 103.688951601027156, 16.119642023826461, 0.0 ], [ 103.688951687598163, 16.1196418253699, 0.0 ], [ 103.688951791732947, 16.119641634962139, 0.0 ], [ 103.68895191263897, 16.119641454052282, 0.0 ], [ 103.68895204939605, 16.119641284017163, 0.0 ], [ 103.688952200963413, 16.119641126150849, 0.0 ], [ 103.688952366187522, 16.119640981654811, 0.0 ], [ 103.688952543810927, 16.119640851628741, 0.0 ], [ 103.688952732481795, 16.119640737062213, 0.0 ], [ 103.688952930764245, 16.11964063882715, 0.0 ], [ 103.688953137149213, 16.119640557671186, 0.0 ], [ 103.688953350065987, 16.119640494211964, 0.0 ], [ 103.68895356789416, 16.119640448932444, 0.0 ], [ 103.688953788975894, 16.119640422177223, 0.0 ], [ 103.688954011628667, 16.119640414149949, 0.0 ], [ 103.688954234157919, 16.119640424911687, 0.0 ], [ 103.688954454870085, 16.119640454380551, 0.0 ], [ 103.688954672085401, 16.11964050233226, 0.0 ], [ 103.688954884150746, 16.119640568401874, 0.0 ], [ 103.688955089452151, 16.119640652086556, 0.0 ], [ 103.688955286427174, 16.119640752749426, 0.0 ], [ 103.688955473576698, 16.119640869624366, 0.0 ], [ 103.688955649476412, 16.119641001821904, 0.0 ], [ 103.688955812787611, 16.119641148335926, 0.0 ], [ 103.688955962267386, 16.119641308051367, 0.0 ], [ 103.688956096778128, 16.119641479752712, 0.0 ], [ 103.688956215296102, 16.119641662133194, 0.0 ], [ 103.688956316919345, 16.11964185380479, 0.0 ], [ 103.688956400874417, 16.11964205330878, 0.0 ], [ 103.688956466522384, 16.119642259126795, 0.0 ], [ 103.688956513363621, 16.119642469692458, 0.0 ], [ 103.688956541041634, 16.119642683403217, 0.0 ], [ 103.688956549345775, 16.119642898632616, 0.0 ] ] } },
{ "type": "Feature", "properties": { }, "geometry": { "type": "LineString", "coordinates": [ [ 103.688932443999505, 16.119694356873975, 0.0 ], [ 103.688932432866551, 16.119694571983985, 0.0 ], [ 103.688932402381255, 16.119694785337472, 0.0 ], [ 103.688932352775623, 16.119694995310709, 0.0 ], [ 103.688932284427196, 16.119695200305667, 0.0 ], [ 103.688932197856133, 16.119695398762211, 0.0 ], [ 103.68893209372132, 16.119695589169961, 0.0 ], [ 103.68893197281524, 16.119695770079801, 0.0 ], [ 103.688931836058089, 16.119695940114902, 0.0 ], [ 103.688931684490669, 16.119696097981201, 0.0 ], [ 103.688931519266504, 16.119696242477218, 0.0 ], [ 103.688931341643027, 16.119696372503267, 0.0 ], [ 103.688931152972089, 16.119696487069774, 0.0 ], [ 103.688930954689582, 16.119696585304805, 0.0 ], [ 103.688930748304557, 16.119696666460747, 0.0 ], [ 103.688930535387698, 16.119696729919941, 0.0 ], [ 103.688930317559468, 16.119696775199436, 0.0 ], [ 103.688930096477662, 16.119696801954618, 0.0 ], [ 103.688929873824847, 16.119696809981868, 0.0 ], [ 103.688929651295524, 16.119696799220094, 0.0 ], [ 103.6889294305833, 16.119696769751201, 0.0 ], [ 103.688929213367928, 16.119696721799468, 0.0 ], [ 103.688929001302554, 16.119696655729822, 0.0 ], [ 103.688928796001093, 16.119696572045108, 0.0 ], [ 103.688928599026042, 16.119696471382209, 0.0 ], [ 103.688928411876475, 16.119696354507244, 0.0 ], [ 103.688928235976732, 16.119696222309688, 0.0 ], [ 103.688928072665519, 16.119696075795645, 0.0 ], [ 103.688927923185716, 16.119695916080179, 0.0 ], [ 103.688927788674988, 16.119695744378824, 0.0 ], [ 103.688927670157, 16.11969556199832, 0.0 ], [ 103.688927568533757, 16.119695370326706, 0.0 ], [ 103.688927484578713, 16.119695170822713, 0.0 ], [ 103.688927418930746, 16.119694965004683, 0.0 ], [ 103.688927372089537, 16.119694754439024, 0.0 ], [ 103.688927344411553, 16.119694540728265, 0.0 ], [ 103.68892733610744, 16.119694325498873, 0.0 ], [ 103.688927347240394, 16.119694110388867, 0.0 ], [ 103.68892737772569, 16.119693897035368, 0.0 ], [ 103.688927427331322, 16.119693687062131, 0.0 ], [ 103.688927495679764, 16.119693482067181, 0.0 ], [ 103.688927582250827, 16.119693283610648, 0.0 ], [ 103.688927686385654, 16.119693093202891, 0.0 ], [ 103.688927807291734, 16.119692912293051, 0.0 ], [ 103.688927944048871, 16.119692742257953, 0.0 ], [ 103.688928095616305, 16.119692584391661, 0.0 ], [ 103.68892826084047, 16.119692439895648, 0.0 ], [ 103.688928438463932, 16.119692309869599, 0.0 ], [ 103.688928627134871, 16.119692195303095, 0.0 ], [ 103.688928825417378, 16.119692097068064, 0.0 ], [ 103.688929031802402, 16.119692015912126, 0.0 ], [ 103.688929244719262, 16.119691952452929, 0.0 ], [ 103.688929462547478, 16.11969190717344, 0.0 ], [ 103.688929683629283, 16.119691880418259, 0.0 ], [ 103.688929906282098, 16.119691872391002, 0.0 ], [ 103.688930128811407, 16.119691883152775, 0.0 ], [ 103.688930349523616, 16.119691912621668, 0.0 ], [ 103.688930566738989, 16.119691960573402, 0.0 ], [ 103.688930778804362, 16.11969202664304, 0.0 ], [ 103.688930984105824, 16.119692110327758, 0.0 ], [ 103.688931181080875, 16.119692210990646, 0.0 ], [ 103.688931368230428, 16.119692327865614, 0.0 ], [ 103.68893154413017, 16.119692460063177, 0.0 ], [ 103.688931707441384, 16.119692606577221, 0.0 ], [ 103.688931856921187, 16.119692766292676, 0.0 ], [ 103.688931991431929, 16.119692937994031, 0.0 ], [ 103.688932109949917, 16.119693120374524, 0.0 ], [ 103.688932211573146, 16.119693312046145, 0.0 ], [ 103.688932295528218, 16.119693511550132, 0.0 ], [ 103.688932361176171, 16.119693717368154, 0.0 ], [ 103.688932408017394, 16.119693927933817, 0.0 ], [ 103.688932435695378, 16.11969414164458, 0.0 ], [ 103.688932443999505, 16.119694356873975, 0.0 ] ] } },
{ "type": "Feature", "properties": { }, "geometry": { "type": "LineString", "coordinates": [ [ 103.688896768062634, 16.119770515064065, 0.0 ], [ 103.688896756929637, 16.119770730174068, 0.0 ], [ 103.688896726444284, 16.119770943527548, 0.0 ], [ 103.688896676838596, 16.119771153500775, 0.0 ], [ 103.688896608490097, 16.119771358495715, 0.0 ], [ 103.688896521918977, 16.119771556952237, 0.0 ], [ 103.688896417784065, 16.119771747359966, 0.0 ], [ 103.6888962968779, 16.119771928269774, 0.0 ], [ 103.688896160120677, 16.11977209830485, 0.0 ], [ 103.688896008553158, 16.11977225617111, 0.0 ], [ 103.688895843328893, 16.119772400667099, 0.0 ], [ 103.688895665705331, 16.119772530693108, 0.0 ], [ 103.688895477034308, 16.119772645259577, 0.0 ], [ 103.688895278751701, 16.119772743494565, 0.0 ], [ 103.688895072366577, 16.119772824650461, 0.0 ], [ 103.688894859449633, 16.119772888109615, 0.0 ], [ 103.688894641621317, 16.119772933389061, 0.0 ], [ 103.688894420539413, 16.119772960144203, 0.0 ], [ 103.688894197886512, 16.119772968171407, 0.0 ], [ 103.688893975357118, 16.119772957409594, 0.0 ], [ 103.688893754644823, 16.119772927940659, 0.0 ], [ 103.688893537429379, 16.119772879988883, 0.0 ], [ 103.688893325363921, 16.119772813919198, 0.0 ], [ 103.688893120062417, 16.119772730234452, 0.0 ], [ 103.688892923087309, 16.119772629571521, 0.0 ], [ 103.688892735937699, 16.119772512696507, 0.0 ], [ 103.688892560037928, 16.119772380498922, 0.0 ], [ 103.688892396726686, 16.119772233984854, 0.0 ], [ 103.688892247246869, 16.11977207426936, 0.0 ], [ 103.688892112736099, 16.11977190256798, 0.0 ], [ 103.68889199421811, 16.119771720187462, 0.0 ], [ 103.688891892594896, 16.119771528515823, 0.0 ], [ 103.688891808639838, 16.119771329011822, 0.0 ], [ 103.688891742991899, 16.119771123193786, 0.0 ], [ 103.688891696150719, 16.119770912628123, 0.0 ], [ 103.688891668472763, 16.11977069891736, 0.0 ], [ 103.688891660168693, 16.119770483687965, 0.0 ], [ 103.688891671301704, 16.119770268577973, 0.0 ], [ 103.688891701787057, 16.119770055224485, 0.0 ], [ 103.688891751392745, 16.119769845251263, 0.0 ], [ 103.688891819741244, 16.11976964025633, 0.0 ], [ 103.688891906312378, 16.119769441799807, 0.0 ], [ 103.68889201044729, 16.119769251392086, 0.0 ], [ 103.688892131353455, 16.119769070482267, 0.0 ], [ 103.688892268110692, 16.119768900447198, 0.0 ], [ 103.688892419678197, 16.119768742580948, 0.0 ], [ 103.688892584902462, 16.119768598084963, 0.0 ], [ 103.688892762526024, 16.119768468058954, 0.0 ], [ 103.688892951197047, 16.119768353492493, 0.0 ], [ 103.68889314947964, 16.119768255257497, 0.0 ], [ 103.688893355864764, 16.119768174101601, 0.0 ], [ 103.688893568781708, 16.11976811064245, 0.0 ], [ 103.688893786610024, 16.119768065363004, 0.0 ], [ 103.688894007691914, 16.119768038607862, 0.0 ], [ 103.6888942303448, 16.119768030580662, 0.0 ], [ 103.688894452874194, 16.119768041342471, 0.0 ], [ 103.688894673586489, 16.119768070811407, 0.0 ], [ 103.688894890801919, 16.119768118763183, 0.0 ], [ 103.688895102867377, 16.119768184832864, 0.0 ], [ 103.688895308168881, 16.11976826851761, 0.0 ], [ 103.688895505143989, 16.119768369180541, 0.0 ], [ 103.688895692293585, 16.119768486055538, 0.0 ], [ 103.688895868193356, 16.119768618253133, 0.0 ], [ 103.688896031504612, 16.119768764767201, 0.0 ], [ 103.688896180984429, 16.119768924482688, 0.0 ], [ 103.688896315495185, 16.119769096184069, 0.0 ], [ 103.688896434013188, 16.119769278564579, 0.0 ], [ 103.688896535636417, 16.119769470236214, 0.0 ], [ 103.688896619591475, 16.119769669740219, 0.0 ], [ 103.688896685239413, 16.119769875558251, 0.0 ], [ 103.688896732080593, 16.119770086123911, 0.0 ], [ 103.688896759758563, 16.119770299834677, 0.0 ], [ 103.688896768062634, 16.119770515064065, 0.0 ] ] } },
{ "type": "Feature", "properties": { }, "geometry": { "type": "LineString", "coordinates": [ [ 103.688861088314169, 16.119846671589933, 0.0 ], [ 103.688861077181116, 16.119846886699925, 0.0 ], [ 103.688861046695706, 16.119847100053406, 0.0 ], [ 103.688860997089961, 16.119847310026614, 0.0 ], [ 103.688860928741391, 16.119847515021533, 0.0 ], [ 103.688860842170186, 16.119847713478034, 0.0 ], [ 103.688860738035203, 16.119847903885734, 0.0 ], [ 103.688860617128967, 16.119848084795528, 0.0 ], [ 103.688860480371645, 16.119848254830565, 0.0 ], [ 103.688860328804054, 16.119848412696783, 0.0 ], [ 103.68886016357969, 16.119848557192743, 0.0 ], [ 103.688859985956043, 16.119848687218717, 0.0 ], [ 103.68885979728492, 16.11984880178515, 0.0 ], [ 103.688859599002214, 16.119848900020099, 0.0 ], [ 103.68885939261699, 16.119848981175949, 0.0 ], [ 103.688859179699961, 16.119849044635068, 0.0 ], [ 103.68885896187156, 16.119849089914464, 0.0 ], [ 103.68885874078957, 16.119849116669563, 0.0 ], [ 103.688858518136584, 16.119849124696724, 0.0 ], [ 103.688858295607119, 16.119849113934865, 0.0 ], [ 103.688858074894739, 16.119849084465891, 0.0 ], [ 103.688857857679224, 16.119849036514069, 0.0 ], [ 103.688857645613709, 16.119848970444345, 0.0 ], [ 103.688857440312134, 16.119848886759552, 0.0 ], [ 103.688857243336969, 16.11984878609659, 0.0 ], [ 103.688857056187331, 16.11984866922155, 0.0 ], [ 103.688856880287517, 16.119848537023927, 0.0 ], [ 103.688856716976247, 16.119848390509823, 0.0 ], [ 103.688856567496401, 16.119848230794311, 0.0 ], [ 103.688856432985631, 16.119848059092906, 0.0 ], [ 103.688856314467628, 16.11984787671237, 0.0 ], [ 103.688856212844399, 16.119847685040725, 0.0 ], [ 103.68885612888937, 16.119847485536702, 0.0 ], [ 103.68885606324146, 16.119847279718666, 0.0 ], [ 103.688856016400294, 16.119847069152989, 0.0 ], [ 103.688855988722381, 16.119846855442226, 0.0 ], [ 103.688855980418353, 16.119846640212838, 0.0 ], [ 103.688855991551392, 16.119846425102846, 0.0 ], [ 103.688856022036816, 16.119846211749373, 0.0 ], [ 103.688856071642576, 16.119846001776168, 0.0 ], [ 103.688856139991145, 16.119845796781245, 0.0 ], [ 103.688856226562336, 16.119845598324744, 0.0 ], [ 103.688856330697334, 16.119845407917044, 0.0 ], [ 103.688856451603584, 16.119845227007261, 0.0 ], [ 103.688856588360892, 16.119845056972224, 0.0 ], [ 103.688856739928497, 16.119844899105999, 0.0 ], [ 103.688856905152861, 16.11984475461005, 0.0 ], [ 103.688857082776508, 16.119844624584076, 0.0 ], [ 103.688857271447617, 16.11984451001765, 0.0 ], [ 103.688857469730323, 16.119844411782704, 0.0 ], [ 103.688857676115546, 16.119844330626847, 0.0 ], [ 103.688857889032562, 16.119844267167743, 0.0 ], [ 103.688858106860962, 16.119844221888336, 0.0 ], [ 103.688858327942953, 16.11984419513324, 0.0 ], [ 103.688858550595924, 16.119844187106079, 0.0 ], [ 103.688858773125389, 16.119844197867938, 0.0 ], [ 103.688858993837755, 16.119844227336905, 0.0 ], [ 103.68885921105327, 16.119844275288735, 0.0 ], [ 103.688859423118771, 16.119844341358444, 0.0 ], [ 103.688859628420346, 16.11984442504324, 0.0 ], [ 103.688859825395511, 16.119844525706199, 0.0 ], [ 103.688860012545149, 16.119844642581239, 0.0 ], [ 103.688860188444963, 16.119844774778855, 0.0 ], [ 103.688860351756247, 16.119844921292955, 0.0 ], [ 103.688860501236078, 16.119845081008478, 0.0 ], [ 103.688860635746849, 16.119845252709872, 0.0 ], [ 103.688860754264851, 16.119845435090408, 0.0 ], [ 103.68886085588808, 16.119845626762057, 0.0 ], [ 103.688860939843124, 16.119845826266072, 0.0 ], [ 103.688861005491034, 16.119846032084119, 0.0 ], [ 103.688861052332214, 16.119846242649785, 0.0 ], [ 103.688861080010128, 16.119846456360545, 0.0 ], [ 103.688861088314169, 16.119846671589933, 0.0 ] ] } },
{ "type": "Feature", "properties": { }, "geometry": { "type": "LineString", "coordinates": [ [ 103.688836982915305, 16.119898129815915, 0.0 ], [ 103.688836971782209, 16.119898344925904, 0.0 ], [ 103.688836941296771, 16.11989855827936, 0.0 ], [ 103.688836891690983, 16.119898768252572, 0.0 ], [ 103.688836823342371, 16.119898973247476, 0.0 ], [ 103.688836736771123, 16.119899171703963, 0.0 ], [ 103.688836632636082, 16.119899362111649, 0.0 ], [ 103.688836511729775, 16.119899543021422, 0.0 ], [ 103.688836374972396, 16.119899713056441, 0.0 ], [ 103.688836223404749, 16.119899870922644, 0.0 ], [ 103.688836058180328, 16.119900015418569, 0.0 ], [ 103.68883588055661, 16.119900145444525, 0.0 ], [ 103.688835691885416, 16.119900260010919, 0.0 ], [ 103.688835493602653, 16.119900358245847, 0.0 ], [ 103.688835287217387, 16.119900439401672, 0.0 ], [ 103.688835074300286, 16.119900502860752, 0.0 ], [ 103.688834856471814, 16.11990054814013, 0.0 ], [ 103.688834635389767, 16.119900574895198, 0.0 ], [ 103.688834412736739, 16.119900582922334, 0.0 ], [ 103.688834190207203, 16.119900572160439, 0.0 ], [ 103.68883396949478, 16.119900542691436, 0.0 ], [ 103.688833752279223, 16.119900494739582, 0.0 ], [ 103.688833540213665, 16.119900428669833, 0.0 ], [ 103.688833334912061, 16.119900344985023, 0.0 ], [ 103.688833137936854, 16.119900244322032, 0.0 ], [ 103.688832950787173, 16.119900127446964, 0.0 ], [ 103.688832774887345, 16.11989999524932, 0.0 ], [ 103.688832611576046, 16.119899848735205, 0.0 ], [ 103.688832462096201, 16.119899689019675, 0.0 ], [ 103.688832327585416, 16.119899517318245, 0.0 ], [ 103.688832209067414, 16.119899334937699, 0.0 ], [ 103.688832107444185, 16.119899143266043, 0.0 ], [ 103.688832023489141, 16.11989894376201, 0.0 ], [ 103.688831957841245, 16.119898737943959, 0.0 ], [ 103.688831911000122, 16.119898527378286, 0.0 ], [ 103.688831883322223, 16.119898313667527, 0.0 ], [ 103.688831875018224, 16.119898098438139, 0.0 ], [ 103.688831886151306, 16.119897883328154, 0.0 ], [ 103.688831916636744, 16.119897669974687, 0.0 ], [ 103.688831966242546, 16.119897460001486, 0.0 ], [ 103.688832034591172, 16.119897255006585, 0.0 ], [ 103.688832121162434, 16.119897056550094, 0.0 ], [ 103.68883222529746, 16.119896866142415, 0.0 ], [ 103.688832346203753, 16.119896685232643, 0.0 ], [ 103.688832482961146, 16.119896515197627, 0.0 ], [ 103.688832634528808, 16.119896357331431, 0.0 ], [ 103.688832799753214, 16.119896212835499, 0.0 ], [ 103.688832977376919, 16.119896082809557, 0.0 ], [ 103.688833166048113, 16.11989596824316, 0.0 ], [ 103.688833364330875, 16.119895870008236, 0.0 ], [ 103.688833570716156, 16.119895788852411, 0.0 ], [ 103.688833783633243, 16.119895725393324, 0.0 ], [ 103.6888340014617, 16.119895680113952, 0.0 ], [ 103.688834222543733, 16.119895653358888, 0.0 ], [ 103.688834445196775, 16.119895645331752, 0.0 ], [ 103.688834667726312, 16.119895656093636, 0.0 ], [ 103.688834888438706, 16.11989568556265, 0.0 ], [ 103.688835105654277, 16.119895733514493, 0.0 ], [ 103.688835317719835, 16.119895799584235, 0.0 ], [ 103.688835523021439, 16.119895883269049, 0.0 ], [ 103.688835719996632, 16.119895983932043, 0.0 ], [ 103.688835907146299, 16.1198961008071, 0.0 ], [ 103.688836083046141, 16.119896233004745, 0.0 ], [ 103.68883624635744, 16.11989637951886, 0.0 ], [ 103.688836395837285, 16.119896539234393, 0.0 ], [ 103.68883653034807, 16.119896710935809, 0.0 ], [ 103.688836648866072, 16.119896893316355, 0.0 ], [ 103.688836750489315, 16.119897084988018, 0.0 ], [ 103.688836834444331, 16.119897284492048, 0.0 ], [ 103.688836900092241, 16.119897490310084, 0.0 ], [ 103.688836946933392, 16.119897700875761, 0.0 ], [ 103.688836974611291, 16.119897914586524, 0.0 ], [ 103.688836982915305, 16.119898129815915, 0.0 ] ] } },
{ "type": "Feature", "properties": { }, "geometry": { "type": "LineString", "coordinates": [ [ 103.688901936704795, 16.11975401380537, 0.0 ], [ 103.688886491525167, 16.119786984946302, 0.0 ] ] } },
{ "type": "Feature", "properties": { }, "geometry": { "type": "LineString", "coordinates": [ [ 103.688859695207626, 16.119844187562194, 0.0 ], [ 103.688928732996487, 16.11969681118191, 0.0 ] ] } },
{ "type": "Feature", "properties": { }, "geometry": { "type": "LineString", "coordinates": [ [ 103.688949174497381, 16.119705759019258, 0.0 ], [ 103.68890829149754, 16.11968786334273, 0.0 ] ] } },
{ "type": "Feature", "properties": { }, "geometry": { "type": "LineString", "coordinates": [ [ 103.688950331554182, 16.119703289023658, 0.0 ], [ 103.68890944855471, 16.119685393347385, 0.0 ] ] } },
{ "type": "Feature", "properties": { }, "geometry": { "type": "LineString", "coordinates": [ [ 103.688878979660814, 16.11985560540197, 0.0 ], [ 103.688950331554182, 16.119703289023658, 0.0 ] ] } },
{ "type": "Feature", "properties": { }, "geometry": { "type": "LineString", "coordinates": [ [ 103.68883809663869, 16.119837709710442, 0.0 ], [ 103.68879670304247, 16.119878623909418, 0.0 ], [ 103.688789974908858, 16.119875678806931, 0.0 ] ] } },
{ "type": "Feature", "properties": { }, "geometry": { "type": "LineString", "coordinates": [ [ 103.688839003030338, 16.119838106464627, 0.0 ], [ 103.688796913743388, 16.119879708297308, 0.0 ], [ 103.688789589222225, 16.119876502138425, 0.0 ] ] } },
{ "type": "Feature", "properties": { }, "geometry": { "type": "LineString", "coordinates": [ [ 103.688840815813663, 16.11983889997299, 0.0 ], [ 103.688797335145182, 16.11988187707308, 0.0 ], [ 103.688788817848973, 16.119878148801394, 0.0 ], [ 103.688789589222225, 16.119876502138421, 0.0 ], [ 103.688789974908858, 16.119875678806931, 0.0 ] ] } },
{ "type": "Feature", "properties": { }, "geometry": { "type": "LineString", "coordinates": [ [ 103.688878979660814, 16.11985560540197, 0.0 ], [ 103.688874476582114, 16.119912667659989, 0.0 ], [ 103.688881204718413, 16.119915612759993, 0.0 ] ] } },
{ "type": "Feature", "properties": { }, "geometry": { "type": "LineString", "coordinates": [ [ 103.688878073269009, 16.119855208647948, 0.0 ], [ 103.688873494508016, 16.119913229935467, 0.0 ], [ 103.68888081903205, 16.119916436091664, 0.0 ] ] } },
{ "type": "Feature", "properties": { }, "geometry": { "type": "LineString", "coordinates": [ [ 103.688876260485358, 16.119854415139873, 0.0 ], [ 103.688871530359805, 16.119914354486404, 0.0 ], [ 103.688880047659339, 16.119918082755007, 0.0 ], [ 103.68888081903205, 16.119916436091664, 0.0 ], [ 103.688881204718413, 16.119915612759986, 0.0 ] ] } },
{ "type": "Feature", "properties": { }, "geometry": { "type": "LineString", "coordinates": [ [ 103.688842526837803, 16.119839648938356, 0.0 ], [ 103.688797981507435, 16.119882160004892, 0.0 ] ] } },
{ "type": "Feature", "properties": { }, "geometry": { "type": "LineString", "coordinates": [ [ 103.688878979660814, 16.11985560540197, 0.0 ], [ 103.68883809663869, 16.119837709710442, 0.0 ] ] } },
{ "type": "Feature", "properties": { }, "geometry": { "type": "LineString", "coordinates": [ [ 103.688871530359805, 16.119914354486404, 0.0 ], [ 103.688796149935186, 16.119881358271751, 0.0 ] ] } },
{ "type": "Feature", "properties": { }, "geometry": { "type": "LineString", "coordinates": [ [ 103.688874564591003, 16.119853672797621, 0.0 ], [ 103.688870899127394, 16.119914078177697, 0.0 ] ] } },
{ "type": "Feature", "properties": { }, "geometry": { "type": "LineString", "coordinates": [ [ 103.68890944855471, 16.119685393347385, 0.0 ], [ 103.688913951613188, 16.119628331086322, 0.0 ], [ 103.688907223485685, 16.119625385987963, 0.0 ] ] } },
{ "type": "Feature", "properties": { }, "geometry": { "type": "LineString", "coordinates": [ [ 103.688910354945861, 16.119685790101233, 0.0 ], [ 103.688914933685709, 16.119627768810542, 0.0 ], [ 103.688907609171267, 16.11962456265617, 0.0 ] ] } },
{ "type": "Feature", "properties": { }, "geometry": { "type": "LineString", "coordinates": [ [ 103.688912167728176, 16.119686583608921, 0.0 ], [ 103.688916897830751, 16.119626644258936, 0.0 ], [ 103.688908380542429, 16.119622915992579, 0.0 ], [ 103.688907609171267, 16.11962456265617, 0.0 ], [ 103.688907223485685, 16.119625385987963, 0.0 ] ] } },
{ "type": "Feature", "properties": { }, "geometry": { "type": "LineString", "coordinates": [ [ 103.688950331554182, 16.119703289023658, 0.0 ], [ 103.688991725081976, 16.1196623747892, 0.0 ], [ 103.688998453212136, 16.119665319885069, 0.0 ] ] } },
{ "type": "Feature", "properties": { }, "geometry": { "type": "LineString", "coordinates": [ [ 103.688949425162861, 16.119702892269963, 0.0 ], [ 103.688991514380135, 16.119661290401417, 0.0 ], [ 103.688998838897447, 16.119664496553089, 0.0 ] ] } },
{ "type": "Feature", "properties": { }, "geometry": { "type": "LineString", "coordinates": [ [ 103.688947612380247, 16.119702098762577, 0.0 ], [ 103.688991092976465, 16.119659121625858, 0.0 ], [ 103.68899961026807, 16.119662849889131, 0.0 ], [ 103.688998838897447, 16.119664496553096, 0.0 ], [ 103.688998453212136, 16.119665319885069, 0.0 ] ] } },
{ "type": "Feature", "properties": { }, "geometry": { "type": "LineString", "coordinates": [ [ 103.688929890053473, 16.119694341186438, 0.0 ], [ 103.688858538148779, 16.119846657557126, 0.0 ] ] } },
{ "type": "Feature", "properties": { }, "geometry": { "type": "LineString", "coordinates": [ [ 103.688950331554182, 16.119703289023658, 0.0 ], [ 103.68890944855471, 16.119685393347385, 0.0 ] ] } },
{ "type": "Feature", "properties": { }, "geometry": { "type": "LineString", "coordinates": [ [ 103.688991092976465, 16.119659121625858, 0.0 ], [ 103.688916897830751, 16.119626644258936, 0.0 ] ] } },
{ "type": "Feature", "properties": { }, "geometry": { "type": "LineString", "coordinates": [ [ 103.688945916486816, 16.119701356420958, 0.0 ], [ 103.688990461744638, 16.11965884531752, 0.0 ] ] } },
{ "type": "Feature", "properties": { }, "geometry": { "type": "LineString", "coordinates": [ [ 103.688876729800697, 16.119851644099587, 0.0 ], [ 103.688946924637264, 16.119701797717589, 0.0 ] ] } },
{ "type": "Feature", "properties": { }, "geometry": { "type": "LineString", "coordinates": [ [ 103.688878979660814, 16.11985560540197, 0.0 ], [ 103.688950331554182, 16.119703289023658, 0.0 ] ] } },
{ "type": "Feature", "properties": { }, "geometry": { "type": "LineString", "coordinates": [ [ 103.688839253697708, 16.119835239715631, 0.0 ], [ 103.688880136719476, 16.11985313540692, 0.0 ] ] } },
{ "type": "Feature", "properties": { }, "geometry": { "type": "LineString", "coordinates": [ [ 103.68883809663869, 16.119837709710442, 0.0 ], [ 103.688878979660814, 16.11985560540197, 0.0 ] ] } },
{ "type": "Feature", "properties": { }, "geometry": { "type": "LineString", "coordinates": [ [ 103.68890944855471, 16.119685393347385, 0.0 ], [ 103.68883809663869, 16.119837709710442, 0.0 ] ] } },
{ "type": "Feature", "properties": { }, "geometry": { "type": "LineString", "coordinates": [ [ 103.68884266061589, 16.119836731023522, 0.0 ], [ 103.688912855471031, 16.119686884654023, 0.0 ] ] } },
{ "type": "Feature", "properties": { }, "geometry": { "type": "LineString", "coordinates": [ [ 103.662456265407059, 16.114486501830843, 0.0 ], [ 103.662377527327095, 16.114473181142763, 0.0 ] ] } },
{ "type": "Feature", "properties": { }, "geometry": { "type": "LineString", "coordinates": [ [ 103.662449556158464, 16.114425267970027, 0.0 ], [ 103.662405350389093, 16.114417789362673, 0.0 ] ] } },
{ "type": "Feature", "properties": { }, "geometry": { "type": "LineString", "coordinates": [ [ 103.662408542501566, 16.114421082012889, 0.0 ], [ 103.662377519147213, 16.114473179758921, 0.0 ], [ 103.66236830961023, 16.114471621713228, 0.0 ], [ 103.662368631958444, 16.11446984116904, 0.0 ] ] } },
{ "type": "Feature", "properties": { }, "geometry": { "type": "LineString", "coordinates": [ [ 103.662405602326828, 16.114420584602129, 0.0 ], [ 103.662376068093266, 16.114470181656031, 0.0 ], [ 103.662368793132558, 16.114468950896939, 0.0 ], [ 103.662368631958444, 16.11446984116904, 0.0 ], [ 103.662376551777911, 16.114471181023664, 0.0 ], [ 103.662406582385074, 16.114420750405721, 0.0 ] ] } },
{ "type": "Feature", "properties": { }, "geometry": { "type": "LineString", "coordinates": [ [ 103.662445388781251, 16.114427315562569, 0.0 ], [ 103.662456265407059, 16.114486501830843, 0.0 ], [ 103.662465474945705, 16.114488059872837, 0.0 ], [ 103.662465797293109, 16.114486279328435, 0.0 ] ] } },
{ "type": "Feature", "properties": { }, "geometry": { "type": "LineString", "coordinates": [ [ 103.662448328956216, 16.114427812972799, 0.0 ], [ 103.662458683504738, 16.114484158300112, 0.0 ], [ 103.662465958466797, 16.114485389056231, 0.0 ], [ 103.662465797293109, 16.114486279328435, 0.0 ], [ 103.662457877472193, 16.114484939477034, 0.0 ], [ 103.662447348897885, 16.114427647169393, 0.0 ] ] } },
{ "type": "Feature", "properties": { }, "geometry": { "type": "LineString", "coordinates": [ [ 103.662426969710083, 16.11442419947689, 0.0 ], [ 103.662416896344567, 16.114479841486808, 0.0 ] ] } },
{ "type": "Feature", "properties": { }, "geometry": { "type": "LineString", "coordinates": [ [ 103.66244907259555, 16.114427938779528, 0.0 ], [ 103.662404866825625, 16.114420460172038, 0.0 ] ] } },
{ "type": "Feature", "properties": { }, "geometry": { "type": "LineString", "coordinates": [ [ 103.662498170519626, 16.11425503105092, 0.0 ], [ 103.662419432525752, 16.114241710384714, 0.0 ] ] } },
{ "type": "Feature", "properties": { }, "geometry": { "type": "LineString", "coordinates": [ [ 103.662427453273267, 16.11442152866746, 0.0 ], [ 103.662448244677407, 16.114306683555149, 0.0 ] ] } },
{ "type": "Feature", "properties": { }, "geometry": { "type": "LineString", "coordinates": [ [ 103.66237760976972, 16.114353915004937, 0.0 ], [ 103.662509844510595, 16.114376286098487, 0.0 ] ] } },
{ "type": "Feature", "properties": { }, "geometry": { "type": "LineString", "coordinates": [ [ 103.662449556158464, 16.11442526797002, 0.0 ], [ 103.662405350389093, 16.114417789362669, 0.0 ] ] } },
{ "type": "Feature", "properties": { }, "geometry": { "type": "LineString", "coordinates": [ [ 103.66244907259555, 16.114427938779524, 0.0 ], [ 103.662404866825625, 16.114420460172035, 0.0 ] ] } },
{ "type": "Feature", "properties": { }, "geometry": { "type": "LineString", "coordinates": [ [ 103.66247034755061, 16.114310422854668, 0.0 ], [ 103.662426141805213, 16.114302944253403, 0.0 ] ] } },
{ "type": "Feature", "properties": { }, "geometry": { "type": "LineString", "coordinates": [ [ 103.662445388823059, 16.114427315569642, 0.0 ], [ 103.662467147258781, 16.114307128821551, 0.0 ] ] } },
{ "type": "Feature", "properties": { }, "geometry": { "type": "LineString", "coordinates": [ [ 103.662408550681448, 16.114421083396731, 0.0 ], [ 103.662430309138088, 16.114300896653951, 0.0 ] ] } },
{ "type": "Feature", "properties": { }, "geometry": { "type": "LineString", "coordinates": [ [ 103.66244907259555, 16.114427938779524, 0.0 ], [ 103.662404866825625, 16.114420460172035, 0.0 ] ] } },
{ "type": "Feature", "properties": { }, "geometry": { "type": "LineString", "coordinates": [ [ 103.662430300958206, 16.114300895270105, 0.0 ], [ 103.662419424345885, 16.114241709000861, 0.0 ], [ 103.662410214818962, 16.114240150957723, 0.0 ], [ 103.662409892471658, 16.114241931502072, 0.0 ] ] } },
{ "type": "Feature", "properties": { }, "geometry": { "type": "LineString", "coordinates": [ [ 103.662427360785145, 16.114300397859768, 0.0 ], [ 103.662417006250948, 16.114244052531376, 0.0 ], [ 103.662409731297998, 16.114242821774248, 0.0 ], [ 103.662409892471658, 16.114241931502072, 0.0 ], [ 103.662417812282598, 16.114243271354535, 0.0 ], [ 103.662428340842823, 16.114300563663221, 0.0 ] ] } },
{ "type": "Feature", "properties": { }, "geometry": { "type": "LineString", "coordinates": [ [ 103.662467147216972, 16.114307128814481, 0.0 ], [ 103.662498170519626, 16.11425503105092, 0.0 ], [ 103.662507380048211, 16.114256589090363, 0.0 ], [ 103.662507057701731, 16.114258369634914, 0.0 ] ] } },
{ "type": "Feature", "properties": { }, "geometry": { "type": "LineString", "coordinates": [ [ 103.662470087390275, 16.114307626224281, 0.0 ], [ 103.662499621574185, 16.114258029153053, 0.0 ], [ 103.662506896528484, 16.114259259907193, 0.0 ], [ 103.662507057701731, 16.114258369634914, 0.0 ], [ 103.662499137889327, 16.11425702978568, 0.0 ], [ 103.662469107332512, 16.114307460421021, 0.0 ] ] } },
{ "type": "Feature", "properties": { }, "geometry": { "type": "LineString", "coordinates": [ [ 103.662448728156264, 16.114304012731449, 0.0 ], [ 103.662458801500193, 16.114248370717807, 0.0 ] ] } },
{ "type": "Feature", "properties": { }, "geometry": { "type": "LineString", "coordinates": [ [ 103.662404866825625, 16.114420460172035, 0.0 ], [ 103.66244907259555, 16.114427938779524, 0.0 ] ] } },
{ "type": "Feature", "properties": { }, "geometry": { "type": "LineString", "coordinates": [ [ 103.662426625284354, 16.114300273429773, 0.0 ], [ 103.662404866825625, 16.114420460172035, 0.0 ] ] } },
{ "type": "Feature", "properties": { }, "geometry": { "type": "LineString", "coordinates": [ [ 103.662470831029196, 16.1143077520309, 0.0 ], [ 103.662426625284354, 16.114300273429773, 0.0 ] ] } },
{ "type": "Feature", "properties": { }, "geometry": { "type": "LineString", "coordinates": [ [ 103.66244907259555, 16.114427938779524, 0.0 ], [ 103.662470831029196, 16.1143077520309, 0.0 ] ] } },
{ "type": "Feature", "properties": { }, "geometry": { "type": "LineString", "coordinates": [ [ 103.619199130589095, 16.094215538606992, 0.0 ], [ 103.619119710762618, 16.094206861855, 0.0 ] ] } },
{ "type": "Feature", "properties": { }, "geometry": { "type": "LineString", "coordinates": [ [ 103.619188590728484, 16.094154812116919, 0.0 ], [ 103.619144002207904, 16.094149940745748, 0.0 ] ] } },
{ "type": "Feature", "properties": { }, "geometry": { "type": "LineString", "coordinates": [ [ 103.619188924458797, 16.094163034454525, 0.0 ], [ 103.619141778868837, 16.094157883719053, 0.0 ] ] } },
{ "type": "Feature", "properties": { }, "geometry": { "type": "LineString", "coordinates": [ [ 103.619188225073287, 16.09416022941987, 0.0 ], [ 103.619143108095798, 16.094155300313794, 0.0 ] ] } },
{ "type": "Feature", "properties": { }, "geometry": { "type": "LineString", "coordinates": [ [ 103.619197731817579, 16.094209928537737, 0.0 ], [ 103.619122360967083, 16.09420169414345, 0.0 ] ] } },
{ "type": "Feature", "properties": { }, "geometry": { "type": "LineString", "coordinates": [ [ 103.619198431203316, 16.094212733572366, 0.0 ], [ 103.619121031739525, 16.094204277548524, 0.0 ] ] } },
{ "type": "Feature", "properties": { }, "geometry": { "type": "LineString", "coordinates": [ [ 103.619147394746165, 16.094153040012316, 0.0 ], [ 103.619119702511924, 16.094206860953594, 0.0 ], [ 103.619110413234765, 16.094205846082204, 0.0 ], [ 103.619110623182493, 16.094204049935598, 0.0 ] ] } },
{ "type": "Feature", "properties": { }, "geometry": { "type": "LineString", "coordinates": [ [ 103.619144429114186, 16.094152716011724, 0.0 ], [ 103.61911806610685, 16.09420395354752, 0.0 ], [ 103.619110728156372, 16.094203151862303, 0.0 ], [ 103.619110623182493, 16.094204049935598, 0.0 ], [ 103.619118611575217, 16.094204922682881, 0.0 ], [ 103.619145417658174, 16.094152824011925, 0.0 ] ] } },
{ "type": "Feature", "properties": { }, "geometry": { "type": "LineString", "coordinates": [ [ 103.619184560055658, 16.094157100385175, 0.0 ], [ 103.619199130589095, 16.094215538606992, 0.0 ], [ 103.619208419867462, 16.094216553474599, 0.0 ], [ 103.619208629814366, 16.094214757327826, 0.0 ] ] } },
{ "type": "Feature", "properties": { }, "geometry": { "type": "LineString", "coordinates": [ [ 103.619187525687806, 16.094157424385209, 0.0 ], [ 103.619201396836345, 16.094213057572272, 0.0 ], [ 103.619208734787819, 16.094213859254445, 0.0 ], [ 103.619208629814366, 16.094214757327826, 0.0 ], [ 103.619200641420605, 16.094213884583851, 0.0 ], [ 103.619186537143747, 16.094157316385203, 0.0 ] ] } },
{ "type": "Feature", "properties": { }, "geometry": { "type": "LineString", "coordinates": [ [ 103.619165981504906, 16.09415507064794, 0.0 ], [ 103.619159420653602, 16.094211200232323, 0.0 ] ] } },
{ "type": "Feature", "properties": { }, "geometry": { "type": "LineString", "coordinates": [ [ 103.619188275765865, 16.09415750633244, 0.0 ], [ 103.619143687244701, 16.094152634961155, 0.0 ] ] } },
{ "type": "Feature", "properties": { }, "geometry": { "type": "LineString", "coordinates": [ [ 103.61923324690521, 16.093923664749056, 0.0 ], [ 103.619153827191212, 16.093914988018454, 0.0 ] ] } },
{ "type": "Feature", "properties": { }, "geometry": { "type": "LineString", "coordinates": [ [ 103.619165981547084, 16.09415507065254, 0.0 ], [ 103.619186976237771, 16.093975455977315, 0.0 ] ] } },
{ "type": "Feature", "properties": { }, "geometry": { "type": "LineString", "coordinates": [ [ 103.619188590728484, 16.094154812116912, 0.0 ], [ 103.619144002207904, 16.094149940745741, 0.0 ] ] } },
{ "type": "Feature", "properties": { }, "geometry": { "type": "LineString", "coordinates": [ [ 103.619188275765865, 16.094157506332433, 0.0 ], [ 103.619143687244701, 16.094152634961151, 0.0 ] ] } },
{ "type": "Feature", "properties": { }, "geometry": { "type": "LineString", "coordinates": [ [ 103.619208955559586, 16.093980585878352, 0.0 ], [ 103.619164367076721, 16.093975714514354, 0.0 ] ] } },
{ "type": "Feature", "properties": { }, "geometry": { "type": "LineString", "coordinates": [ [ 103.619184560097821, 16.094157100389783, 0.0 ], [ 103.619205554772307, 16.09397748571147, 0.0 ] ] } },
{ "type": "Feature", "properties": { }, "geometry": { "type": "LineString", "coordinates": [ [ 103.619147402996873, 16.094153040913717, 0.0 ], [ 103.619168389453037, 16.093973425340163, 0.0 ] ] } },
{ "type": "Feature", "properties": { }, "geometry": { "type": "LineString", "coordinates": [ [ 103.619211178809138, 16.093972642894645, 0.0 ], [ 103.619164033262734, 16.093967492167462, 0.0 ] ] } },
{ "type": "Feature", "properties": { }, "geometry": { "type": "LineString", "coordinates": [ [ 103.619209849584436, 16.09397522630054, 0.0 ], [ 103.619164732647448, 16.093970297202166, 0.0 ] ] } },
{ "type": "Feature", "properties": { }, "geometry": { "type": "LineString", "coordinates": [ [ 103.6192305884571, 16.093928831561215, 0.0 ], [ 103.619155217709405, 16.093920597186496, 0.0 ] ] } },
{ "type": "Feature", "properties": { }, "geometry": { "type": "LineString", "coordinates": [ [ 103.619231917681176, 16.093926248155135, 0.0 ], [ 103.619154518324947, 16.093917792151771, 0.0 ] ] } },
{ "type": "Feature", "properties": { }, "geometry": { "type": "LineString", "coordinates": [ [ 103.619188275765865, 16.094157506332433, 0.0 ], [ 103.619143687244701, 16.094152634961151, 0.0 ] ] } },
{ "type": "Feature", "properties": { }, "geometry": { "type": "LineString", "coordinates": [ [ 103.619168389453037, 16.093973425340163, 0.0 ], [ 103.619153818940518, 16.093914987117042, 0.0 ], [ 103.619144529676518, 16.093913972248149, 0.0 ], [ 103.619144319729585, 16.09391576839489, 0.0 ] ] } },
{ "type": "Feature", "properties": { }, "geometry": { "type": "LineString", "coordinates": [ [ 103.619165423823645, 16.093973101340062, 0.0 ], [ 103.619151552696422, 16.093917468151545, 0.0 ], [ 103.619144214756133, 16.093916666468257, 0.0 ], [ 103.619144319729585, 16.09391576839489, 0.0 ], [ 103.619152308111111, 16.093916641140051, 0.0 ], [ 103.619166412366781, 16.093973209340106, 0.0 ] ] } },
{ "type": "Feature", "properties": { }, "geometry": { "type": "LineString", "coordinates": [ [ 103.619205554730144, 16.093977485706873, 0.0 ], [ 103.61923324690521, 16.093923664749056, 0.0 ], [ 103.619242536170432, 16.093924679614151, 0.0 ], [ 103.619242326224366, 16.093926475761052, 0.0 ] ] } },
{ "type": "Feature", "properties": { }, "geometry": { "type": "LineString", "coordinates": [ [ 103.619208520359706, 16.09397780970642, 0.0 ], [ 103.619234883310057, 16.093926572154274, 0.0 ], [ 103.619242221251326, 16.093927373834497, 0.0 ], [ 103.619242326224366, 16.093926475761052, 0.0 ], [ 103.61923433784176, 16.093925603019205, 0.0 ], [ 103.619207531816514, 16.093977701706574, 0.0 ] ] } },
{ "type": "Feature", "properties": { }, "geometry": { "type": "LineString", "coordinates": [ [ 103.619186976195593, 16.093975455972704, 0.0 ], [ 103.61919353702595, 16.09391932638507, 0.0 ] ] } },
{ "type": "Feature", "properties": { }, "geometry": { "type": "LineString", "coordinates": [ [ 103.619143687244701, 16.094152634961151, 0.0 ], [ 103.619188275765865, 16.094157506332433, 0.0 ] ] } },
{ "type": "Feature", "properties": { }, "geometry": { "type": "LineString", "coordinates": [ [ 103.619164681954814, 16.093973020289617, 0.0 ], [ 103.619143687244701, 16.094152634961151, 0.0 ] ] } },
{ "type": "Feature", "properties": { }, "geometry": { "type": "LineString", "coordinates": [ [ 103.619209270437111, 16.093977891653505, 0.0 ], [ 103.619164681954814, 16.093973020289617, 0.0 ] ] } },
{ "type": "Feature", "properties": { }, "geometry": { "type": "LineString", "coordinates": [ [ 103.619188275765865, 16.094157506332433, 0.0 ], [ 103.619209270437111, 16.093977891653505, 0.0 ] ] } },
{ "type": "Feature", "properties": { }, "geometry": { "type": "LineString", "coordinates": [ [ 103.609909714808168, 16.094413834398875, 0.0 ], [ 103.609830301433973, 16.09442256438361, 0.0 ] ] } },
{ "type": "Feature", "properties": { }, "geometry": { "type": "LineString", "coordinates": [ [ 103.609885382627013, 16.094356929798668, 0.0 ], [ 103.609840797729404, 16.094361831058215, 0.0 ] ] } },
{ "type": "Feature", "properties": { }, "geometry": { "type": "LineString", "coordinates": [ [ 103.60984482174058, 16.094364117525544, 0.0 ], [ 103.609830293183933, 16.094422565290547, 0.0 ], [ 103.60982100466056, 16.094423586384409, 0.0 ], [ 103.609820793425413, 16.094421790385521, 0.0 ] ] } },
{ "type": "Feature", "properties": { }, "geometry": { "type": "LineString", "coordinates": [ [ 103.609841856349433, 16.094364443513467, 0.0 ], [ 103.609828025162898, 16.09442008578554, 0.0 ], [ 103.609820687807826, 16.094420892386079, 0.0 ], [ 103.609820793425413, 16.094421790385521, 0.0 ], [ 103.609828781169909, 16.094420912287216, 0.0 ], [ 103.609842844813144, 16.094364334850827, 0.0 ] ] } },
{ "type": "Feature", "properties": { }, "geometry": { "type": "LineString", "coordinates": [ [ 103.609881984030281, 16.094360032240264, 0.0 ], [ 103.609909714808168, 16.094413834398875, 0.0 ], [ 103.609919003330958, 16.094412813301087, 0.0 ], [ 103.60991879209493, 16.094411017302232, 0.0 ] ] } },
{ "type": "Feature", "properties": { }, "geometry": { "type": "LineString", "coordinates": [ [ 103.609884949421343, 16.094359706251758, 0.0 ], [ 103.609911349122328, 16.094410925906516, 0.0 ], [ 103.609918686476917, 16.094410119302804, 0.0 ], [ 103.60991879209493, 16.094411017302232, 0.0 ], [ 103.609910804350946, 16.094411895403976, 0.0 ], [ 103.609883960957646, 16.094359814914593, 0.0 ] ] } },
{ "type": "Feature", "properties": { }, "geometry": { "type": "LineString", "coordinates": [ [ 103.60986340698949, 16.094362074432574, 0.0 ], [ 103.609870008100543, 16.094418199397328, 0.0 ] ] } },
{ "type": "Feature", "properties": { }, "geometry": { "type": "LineString", "coordinates": [ [ 103.609885699438408, 16.094359623801601, 0.0 ], [ 103.609841114540203, 16.094364525061177, 0.0 ] ] } },
{ "type": "Feature", "properties": { }, "geometry": { "type": "LineString", "coordinates": [ [ 103.609882254155252, 16.094180354545632, 0.0 ], [ 103.609802840874423, 16.094189084527539, 0.0 ] ] } },
{ "type": "Feature", "properties": { }, "geometry": { "type": "LineString", "coordinates": [ [ 103.609885382627013, 16.094356929798664, 0.0 ], [ 103.609840797729404, 16.094361831058212, 0.0 ] ] } },
{ "type": "Feature", "properties": { }, "geometry": { "type": "LineString", "coordinates": [ [ 103.609885699438408, 16.094359623801601, 0.0 ], [ 103.609841114540203, 16.09436452506117, 0.0 ] ] } },
{ "type": "Feature", "properties": { }, "geometry": { "type": "LineString", "coordinates": [ [ 103.609871757928616, 16.094241087871158, 0.0 ], [ 103.609827173057013, 16.094245989129931, 0.0 ] ] } },
{ "type": "Feature", "properties": { }, "geometry": { "type": "LineString", "coordinates": [ [ 103.609881984072459, 16.094360032235624, 0.0 ], [ 103.609867725669417, 16.094238802311423, 0.0 ] ] } },
{ "type": "Feature", "properties": { }, "geometry": { "type": "LineString", "coordinates": [ [ 103.609844829990621, 16.0943641166186, 0.0 ], [ 103.60983057161026, 16.094242886693717, 0.0 ] ] } },
{ "type": "Feature", "properties": { }, "geometry": { "type": "LineString", "coordinates": [ [ 103.609885699438408, 16.094359623801601, 0.0 ], [ 103.609841114540203, 16.09436452506117, 0.0 ] ] } },
{ "type": "Feature", "properties": { }, "geometry": { "type": "LineString", "coordinates": [ [ 103.609830563360234, 16.094242887600643, 0.0 ], [ 103.609802832624396, 16.094189085434465, 0.0 ], [ 103.609793544111923, 16.094190106528, 0.0 ], [ 103.609793755346772, 16.094191902526898, 0.0 ] ] } },
{ "type": "Feature", "properties": { }, "geometry": { "type": "LineString", "coordinates": [ [ 103.609827597970892, 16.094243213588527, 0.0 ], [ 103.609801198310805, 16.094191993926071, 0.0 ], [ 103.609793860964189, 16.094192800526351, 0.0 ], [ 103.609793755346772, 16.094191902526898, 0.0 ], [ 103.609801743082016, 16.094191024428874, 0.0 ], [ 103.609828586434006, 16.094243104925905, 0.0 ] ] } },
{ "type": "Feature", "properties": { }, "geometry": { "type": "LineString", "coordinates": [ [ 103.60986772562724, 16.09423880231607, 0.0 ], [ 103.609882254155252, 16.094180354545632, 0.0 ], [ 103.609891542667143, 16.094179333448171, 0.0 ], [ 103.609891753902843, 16.094181129447055, 0.0 ] ] } },
{ "type": "Feature", "properties": { }, "geometry": { "type": "LineString", "coordinates": [ [ 103.609870691016496, 16.094238476327622, 0.0 ], [ 103.609884522174553, 16.094182834049942, 0.0 ], [ 103.609891859520715, 16.09418202744649, 0.0 ], [ 103.609891753902843, 16.094181129447055, 0.0 ], [ 103.609883766168124, 16.094182007548508, 0.0 ], [ 103.609869702553425, 16.094238584990439, 0.0 ] ] } },
{ "type": "Feature", "properties": { }, "geometry": { "type": "LineString", "coordinates": [ [ 103.609849148597789, 16.094240844508029, 0.0 ], [ 103.60984254749431, 16.094184719542657, 0.0 ] ] } },
{ "type": "Feature", "properties": { }, "geometry": { "type": "LineString", "coordinates": [ [ 103.609841114540203, 16.09436452506117, 0.0 ], [ 103.609885699438408, 16.094359623801601, 0.0 ] ] } },
{ "type": "Feature", "properties": { }, "geometry": { "type": "LineString", "coordinates": [ [ 103.609826856162115, 16.09424329513622, 0.0 ], [ 103.609841114540203, 16.09436452506117, 0.0 ] ] } },
{ "type": "Feature", "properties": { }, "geometry": { "type": "LineString", "coordinates": [ [ 103.609871441033107, 16.094238393877472, 0.0 ], [ 103.609826856162115, 16.09424329513622, 0.0 ] ] } },
{ "type": "Feature", "properties": { }, "geometry": { "type": "LineString", "coordinates": [ [ 103.609885699438408, 16.094359623801601, 0.0 ], [ 103.609871441033107, 16.094238393877472, 0.0 ] ] } },
{ "type": "Feature", "properties": { }, "geometry": { "type": "LineString", "coordinates": [ [ 103.592646044227322, 16.096265327239824, 0.0 ], [ 103.5925501431187, 16.096130334991191, 0.0 ] ] } },
{ "type": "Feature", "properties": { }, "geometry": { "type": "LineString", "coordinates": [ [ 103.592671292316908, 16.096262553968053, 0.0 ], [ 103.592620796137282, 16.096268100508542, 0.0 ] ] } },
{ "type": "Feature", "properties": { }, "geometry": { "type": "LineString", "coordinates": [ [ 103.592671292316908, 16.096262553968053, 0.0 ], [ 103.592620796137282, 16.096268100508542, 0.0 ] ] } },
{ "type": "Feature", "properties": { }, "geometry": { "type": "LineString", "coordinates": [ [ 103.592620796137282, 16.096268100508542, 0.0 ], [ 103.592671292316908, 16.096262553968053, 0.0 ] ] } },
{ "type": "Feature", "properties": { }, "geometry": { "type": "LineString", "coordinates": [ [ 103.592620796137282, 16.096268100508542, 0.0 ], [ 103.592671292316908, 16.096262553968053, 0.0 ] ] } },
{ "type": "Feature", "properties": { }, "geometry": { "type": "LineString", "coordinates": [ [ 103.592782219951786, 16.0963413289901, 0.0 ], [ 103.592600328171002, 16.096361308151753, 0.0 ] ] } },
{ "type": "Feature", "properties": { }, "geometry": { "type": "LineString", "coordinates": [ [ 103.592781595117103, 16.096338668839461, 0.0 ], [ 103.592791191994166, 16.096337614705153, 0.0 ] ] } },
{ "type": "Feature", "properties": { }, "geometry": { "type": "LineString", "coordinates": [ [ 103.59278180339534, 16.096339555556341, 0.0 ], [ 103.592791297528393, 16.096338512707572, 0.0 ] ] } },
{ "type": "Feature", "properties": { }, "geometry": { "type": "LineString", "coordinates": [ [ 103.592791508596832, 16.096340308712424, 0.0 ], [ 103.592791191994166, 16.096337614705153, 0.0 ] ] } },
{ "type": "Feature", "properties": { }, "geometry": { "type": "LineString", "coordinates": [ [ 103.592782219951786, 16.0963413289901, 0.0 ], [ 103.592791508596832, 16.096340308712424, 0.0 ] ] } },
{ "type": "Feature", "properties": { }, "geometry": { "type": "LineString", "coordinates": [ [ 103.592670363452754, 16.096262655995346, 0.0 ], [ 103.59278180339534, 16.096339555556341, 0.0 ] ] } },
{ "type": "Feature", "properties": { }, "geometry": { "type": "LineString", "coordinates": [ [ 103.592668505724433, 16.096262860049912, 0.0 ], [ 103.592782219951786, 16.0963413289901, 0.0 ] ] } },
{ "type": "Feature", "properties": { }, "geometry": { "type": "LineString", "coordinates": [ [ 103.592671292316908, 16.096262553968053, 0.0 ], [ 103.592781595117103, 16.096338668839461, 0.0 ] ] } },
{ "type": "Feature", "properties": { }, "geometry": { "type": "LineString", "coordinates": [ [ 103.592598935533189, 16.096359641931194, 0.0 ], [ 103.592590828458057, 16.096360532416064, 0.0 ] ] } },
{ "type": "Feature", "properties": { }, "geometry": { "type": "LineString", "coordinates": [ [ 103.592598239214283, 16.096358808820913, 0.0 ], [ 103.592590722924726, 16.09635963441362, 0.0 ] ] } },
{ "type": "Feature", "properties": { }, "geometry": { "type": "LineString", "coordinates": [ [ 103.592591039524692, 16.096362328420962, 0.0 ], [ 103.592590722924726, 16.09635963441362, 0.0 ] ] } },
{ "type": "Feature", "properties": { }, "geometry": { "type": "LineString", "coordinates": [ [ 103.592591039524692, 16.096362328420962, 0.0 ], [ 103.592590722924726, 16.09635963441362, 0.0 ] ] } },
{ "type": "Feature", "properties": { }, "geometry": { "type": "LineString", "coordinates": [ [ 103.592600328171002, 16.096361308151753, 0.0 ], [ 103.592591039524692, 16.096362328420962, 0.0 ] ] } },
{ "type": "Feature", "properties": { }, "geometry": { "type": "LineString", "coordinates": [ [ 103.592621725001479, 16.096267998481473, 0.0 ], [ 103.592598935533189, 16.096359641931194, 0.0 ] ] } },
{ "type": "Feature", "properties": { }, "geometry": { "type": "LineString", "coordinates": [ [ 103.592623582729857, 16.096267794427327, 0.0 ], [ 103.592600328171002, 16.096361308151753, 0.0 ] ] } },
{ "type": "Feature", "properties": { }, "geometry": { "type": "LineString", "coordinates": [ [ 103.592620796137282, 16.096268100508542, 0.0 ], [ 103.592598239214283, 16.096358808820913, 0.0 ] ] } },
{ "type": "Feature", "properties": { }, "geometry": { "type": "LineString", "coordinates": [ [ 103.592575391191431, 16.096127561729471, 0.0 ], [ 103.592524895045543, 16.096133108249862, 0.0 ] ] } },
{ "type": "Feature", "properties": { }, "geometry": { "type": "LineString", "coordinates": [ [ 103.592575391191431, 16.096127561729471, 0.0 ], [ 103.592524895045543, 16.096133108249862, 0.0 ] ] } },
{ "type": "Feature", "properties": { }, "geometry": { "type": "LineString", "coordinates": [ [ 103.592625004152325, 16.096267638297306, 0.0 ], [ 103.592529103057771, 16.096132646040292, 0.0 ] ] } },
{ "type": "Feature", "properties": { }, "geometry": { "type": "LineString", "coordinates": [ [ 103.592667084302008, 16.096263016180227, 0.0 ], [ 103.592571183179331, 16.096128023939965, 0.0 ] ] } },
{ "type": "Feature", "properties": { }, "geometry": { "type": "LineString", "coordinates": [ [ 103.592524924027828, 16.096205868105187, 0.0 ], [ 103.592671263283023, 16.096189794108884, 0.0 ] ] } },
{ "type": "Feature", "properties": { }, "geometry": { "type": "LineString", "coordinates": [ [ 103.592414592461338, 16.096056993261318, 0.0 ], [ 103.592404995597349, 16.096058047379653, 0.0 ] ] } },
{ "type": "Feature", "properties": { }, "geometry": { "type": "LineString", "coordinates": [ [ 103.592414384184963, 16.096056106544207, 0.0 ], [ 103.592404890064913, 16.09605714937717, 0.0 ] ] } },
{ "type": "Feature", "properties": { }, "geometry": { "type": "LineString", "coordinates": [ [ 103.592404679000069, 16.096055353372197, 0.0 ], [ 103.592404995597349, 16.096058047379653, 0.0 ] ] } },
{ "type": "Feature", "properties": { }, "geometry": { "type": "LineString", "coordinates": [ [ 103.592413967632226, 16.096054333109993, 0.0 ], [ 103.592404679000069, 16.096055353372197, 0.0 ] ] } },
{ "type": "Feature", "properties": { }, "geometry": { "type": "LineString", "coordinates": [ [ 103.59259725177165, 16.096036020306144, 0.0 ], [ 103.592605358833481, 16.096035129819953, 0.0 ] ] } },
{ "type": "Feature", "properties": { }, "geometry": { "type": "LineString", "coordinates": [ [ 103.592597948089534, 16.096036853416361, 0.0 ], [ 103.592605464366827, 16.096036027822414, 0.0 ] ] } },
{ "type": "Feature", "properties": { }, "geometry": { "type": "LineString", "coordinates": [ [ 103.592605147766818, 16.096033333815029, 0.0 ], [ 103.592605464366827, 16.096036027822414, 0.0 ] ] } },
{ "type": "Feature", "properties": { }, "geometry": { "type": "LineString", "coordinates": [ [ 103.592605147766818, 16.096033333815029, 0.0 ], [ 103.592605464366827, 16.096036027822414, 0.0 ] ] } },
{ "type": "Feature", "properties": { }, "geometry": { "type": "LineString", "coordinates": [ [ 103.592595859135898, 16.096034354085695, 0.0 ], [ 103.592605147766818, 16.096033333815029, 0.0 ] ] } },
{ "type": "Feature", "properties": { }, "geometry": { "type": "LineString", "coordinates": [ [ 103.592525823909114, 16.096133006223166, 0.0 ], [ 103.592414384184963, 16.096056106544207, 0.0 ] ] } },
{ "type": "Feature", "properties": { }, "geometry": { "type": "LineString", "coordinates": [ [ 103.592527681636241, 16.096132802169759, 0.0 ], [ 103.592413967632226, 16.096054333109993, 0.0 ] ] } },
{ "type": "Feature", "properties": { }, "geometry": { "type": "LineString", "coordinates": [ [ 103.592574462327889, 16.096127663756395, 0.0 ], [ 103.59259725177165, 16.096036020306144, 0.0 ] ] } },
{ "type": "Feature", "properties": { }, "geometry": { "type": "LineString", "coordinates": [ [ 103.592572604600818, 16.096127867810214, 0.0 ], [ 103.592595859135898, 16.096034354085695, 0.0 ] ] } },
{ "type": "Feature", "properties": { }, "geometry": { "type": "LineString", "coordinates": [ [ 103.592524895045543, 16.096133108249862, 0.0 ], [ 103.592414592461338, 16.096056993261318, 0.0 ] ] } },
{ "type": "Feature", "properties": { }, "geometry": { "type": "LineString", "coordinates": [ [ 103.592575391191431, 16.096127561729471, 0.0 ], [ 103.592597948089534, 16.096036853416361, 0.0 ] ] } },
{ "type": "Feature", "properties": { }, "geometry": { "type": "LineString", "coordinates": [ [ 103.592404679000069, 16.096055353372197, 0.0 ], [ 103.592605147766818, 16.096033333815029, 0.0 ] ] } },
{ "type": "Feature", "properties": { }, "geometry": { "type": "LineString", "coordinates": [ [ 103.592524895045543, 16.096133108249862, 0.0 ], [ 103.592575391191431, 16.096127561729471, 0.0 ] ] } },
{ "type": "Feature", "properties": { }, "geometry": { "type": "LineString", "coordinates": [ [ 103.592524895045543, 16.096133108249862, 0.0 ], [ 103.592575391191431, 16.096127561729471, 0.0 ] ] } },
{ "type": "Feature", "properties": { }, "geometry": { "type": "LineString", "coordinates": [ [ 103.592671292316908, 16.096262553968053, 0.0 ], [ 103.592575391191431, 16.096127561729471, 0.0 ] ] } },
{ "type": "Feature", "properties": { }, "geometry": { "type": "LineString", "coordinates": [ [ 103.592620796137282, 16.096268100508542, 0.0 ], [ 103.592524895045543, 16.096133108249862, 0.0 ] ] } },
{ "type": "Feature", "properties": { }, "geometry": { "type": "LineString", "coordinates": [ [ 103.592620796137282, 16.096268100508542, 0.0 ], [ 103.592671292316908, 16.096262553968053, 0.0 ] ] } },
{ "type": "Feature", "properties": { }, "geometry": { "type": "LineString", "coordinates": [ [ 103.576146971740727, 16.098151528168565, 0.0 ], [ 103.576139634211231, 16.098152333603323, 0.0 ] ] } },
{ "type": "Feature", "properties": { }, "geometry": { "type": "LineString", "coordinates": [ [ 103.576169535448898, 16.098060822033499, 0.0 ], [ 103.576146971740712, 16.098151528168565, 0.0 ] ] } },
{ "type": "Feature", "properties": { }, "geometry": { "type": "LineString", "coordinates": [ [ 103.57614772761255, 16.098152354777831, 0.0 ], [ 103.576139739678169, 16.098153231607029, 0.0 ] ] } },
{ "type": "Feature", "properties": { }, "geometry": { "type": "LineString", "coordinates": [ [ 103.576170523935943, 16.09806071352785, 0.0 ], [ 103.57614772761255, 16.098152354777831, 0.0 ] ] } },
{ "type": "Feature", "properties": { }, "geometry": { "type": "LineString", "coordinates": [ [ 103.576139739678169, 16.098153231607021, 0.0 ], [ 103.576139634211231, 16.098152333603316, 0.0 ] ] } },
{ "type": "Feature", "properties": { }, "geometry": { "type": "LineString", "coordinates": [ [ 103.576139950612031, 16.098155027614439, 0.0 ], [ 103.576139739678169, 16.098153231607021, 0.0 ] ] } },
{ "type": "Feature", "properties": { }, "geometry": { "type": "LineString", "coordinates": [ [ 103.576149239356212, 16.098154007996364, 0.0 ], [ 103.576139950612031, 16.098155027614439, 0.0 ] ] } },
{ "type": "Feature", "properties": { }, "geometry": { "type": "LineString", "coordinates": [ [ 103.576172500910019, 16.098060496516549, 0.0 ], [ 103.576149239356212, 16.098154007996364, 0.0 ] ] } },
{ "type": "Feature", "properties": { }, "geometry": { "type": "LineString", "coordinates": [ [ 103.576149239356212, 16.098154007996364, 0.0 ], [ 103.576255510926927, 16.098142342620694, 0.0 ] ] } },
{ "type": "Feature", "properties": { }, "geometry": { "type": "LineString", "coordinates": [ [ 103.576257145738992, 16.09813943442531, 0.0 ], [ 103.576264483267877, 16.098138628986433, 0.0 ] ] } },
{ "type": "Feature", "properties": { }, "geometry": { "type": "LineString", "coordinates": [ [ 103.576214121399033, 16.098055927855032, 0.0 ], [ 103.576257145738992, 16.09813943442531, 0.0 ] ] } },
{ "type": "Feature", "properties": { }, "geometry": { "type": "LineString", "coordinates": [ [ 103.576256600801642, 16.098140403823773, 0.0 ], [ 103.57626458873537, 16.098139526990128, 0.0 ] ] } },
{ "type": "Feature", "properties": { }, "geometry": { "type": "LineString", "coordinates": [ [ 103.576213132912017, 16.098056036360884, 0.0 ], [ 103.576256600801642, 16.098140403823773, 0.0 ] ] } },
{ "type": "Feature", "properties": { }, "geometry": { "type": "LineString", "coordinates": [ [ 103.576264588735356, 16.098139526990124, 0.0 ], [ 103.576264483267877, 16.09813862898643, 0.0 ] ] } },
{ "type": "Feature", "properties": { }, "geometry": { "type": "LineString", "coordinates": [ [ 103.576264799670355, 16.098141322997503, 0.0 ], [ 103.576264588735356, 16.098139526990124, 0.0 ] ] } },
{ "type": "Feature", "properties": { }, "geometry": { "type": "LineString", "coordinates": [ [ 103.576255510926927, 16.098142342620694, 0.0 ], [ 103.576264799670355, 16.098141322997503, 0.0 ] ] } },
{ "type": "Feature", "properties": { }, "geometry": { "type": "LineString", "coordinates": [ [ 103.576211155937997, 16.098056253372576, 0.0 ], [ 103.576255510926927, 16.098142342620694, 0.0 ] ] } },
{ "type": "Feature", "properties": { }, "geometry": { "type": "LineString", "coordinates": [ [ 103.576213804997266, 16.098053233843938, 0.0 ], [ 103.576169219047756, 16.098058128022391, 0.0 ] ] } },
{ "type": "Feature", "properties": { }, "geometry": { "type": "LineString", "coordinates": [ [ 103.576214121399033, 16.098055927855032, 0.0 ], [ 103.576169535448898, 16.098060822033499, 0.0 ] ] } },
{ "type": "Feature", "properties": { }, "geometry": { "type": "LineString", "coordinates": [ [ 103.576112800476366, 16.097860574966283, 0.0 ], [ 103.576105462957628, 16.09786138040074, 0.0 ] ] } },
{ "type": "Feature", "properties": { }, "geometry": { "type": "LineString", "coordinates": [ [ 103.576155824737128, 16.097944081551642, 0.0 ], [ 103.576112800476352, 16.097860574966283, 0.0 ] ] } },
{ "type": "Feature", "properties": { }, "geometry": { "type": "LineString", "coordinates": [ [ 103.576113345413503, 16.097859605568161, 0.0 ], [ 103.576105357490903, 16.097860482397021, 0.0 ] ] } },
{ "type": "Feature", "properties": { }, "geometry": { "type": "LineString", "coordinates": [ [ 103.576156813223577, 16.097943973046014, 0.0 ], [ 103.576113345413503, 16.097859605568161, 0.0 ] ] } },
{ "type": "Feature", "properties": { }, "geometry": { "type": "LineString", "coordinates": [ [ 103.576105357490903, 16.097860482397024, 0.0 ], [ 103.576105462957628, 16.097861380400744, 0.0 ] ] } },
{ "type": "Feature", "properties": { }, "geometry": { "type": "LineString", "coordinates": [ [ 103.576105146557438, 16.097858686389579, 0.0 ], [ 103.576105357490903, 16.097860482397024, 0.0 ] ] } },
{ "type": "Feature", "properties": { }, "geometry": { "type": "LineString", "coordinates": [ [ 103.576114435287764, 16.097857666771894, 0.0 ], [ 103.576105146557438, 16.097858686389579, 0.0 ] ] } },
{ "type": "Feature", "properties": { }, "geometry": { "type": "LineString", "coordinates": [ [ 103.576158790196487, 16.097943756034741, 0.0 ], [ 103.576114435287764, 16.097857666771894, 0.0 ] ] } },
{ "type": "Feature", "properties": { }, "geometry": { "type": "LineString", "coordinates": [ [ 103.576114435287764, 16.097857666771894, 0.0 ], [ 103.576220706699786, 16.097846001400701, 0.0 ] ] } },
{ "type": "Feature", "properties": { }, "geometry": { "type": "LineString", "coordinates": [ [ 103.576200727062556, 16.097941881385033, 0.0 ], [ 103.576200410661031, 16.097939187373917, 0.0 ] ] } },
{ "type": "Feature", "properties": { }, "geometry": { "type": "LineString", "coordinates": [ [ 103.576214121399033, 16.098055927855032, 0.0 ], [ 103.576200410661031, 16.097939187373917, 0.0 ] ] } },
{ "type": "Feature", "properties": { }, "geometry": { "type": "LineString", "coordinates": [ [ 103.576214121399033, 16.098055927855032, 0.0 ], [ 103.576213804997266, 16.098053233843938, 0.0 ] ] } },
{ "type": "Feature", "properties": { }, "geometry": { "type": "LineString", "coordinates": [ [ 103.576222974313126, 16.097848481227576, 0.0 ], [ 103.576230311831239, 16.097847675789009, 0.0 ] ] } },
{ "type": "Feature", "properties": { }, "geometry": { "type": "LineString", "coordinates": [ [ 103.576200410661031, 16.097939187373917, 0.0 ], [ 103.576222974313126, 16.097848481227576, 0.0 ] ] } },
{ "type": "Feature", "properties": { }, "geometry": { "type": "LineString", "coordinates": [ [ 103.576222218441998, 16.097847654618622, 0.0 ], [ 103.576230206363945, 16.097846777785303, 0.0 ] ] } },
{ "type": "Feature", "properties": { }, "geometry": { "type": "LineString", "coordinates": [ [ 103.576199422174597, 16.097939295879755, 0.0 ], [ 103.576222218441998, 16.097847654618622, 0.0 ] ] } },
{ "type": "Feature", "properties": { }, "geometry": { "type": "LineString", "coordinates": [ [ 103.576230206363945, 16.097846777785314, 0.0 ], [ 103.576230311831239, 16.097847675789016, 0.0 ] ] } },
{ "type": "Feature", "properties": { }, "geometry": { "type": "LineString", "coordinates": [ [ 103.576229995429344, 16.0978449817779, 0.0 ], [ 103.576230206363945, 16.097846777785314, 0.0 ] ] } },
{ "type": "Feature", "properties": { }, "geometry": { "type": "LineString", "coordinates": [ [ 103.576220706699786, 16.097846001400701, 0.0 ], [ 103.576229995429344, 16.0978449817779, 0.0 ] ] } },
{ "type": "Feature", "properties": { }, "geometry": { "type": "LineString", "coordinates": [ [ 103.576197445201757, 16.097939512891408, 0.0 ], [ 103.576220706699786, 16.097846001400701, 0.0 ] ] } },
{ "type": "Feature", "properties": { }, "geometry": { "type": "LineString", "coordinates": [ [ 103.576191512022689, 16.098055680934348, 0.0 ], [ 103.576202375142557, 16.098148175315266, 0.0 ] ] } },
{ "type": "Feature", "properties": { }, "geometry": { "type": "LineString", "coordinates": [ [ 103.576178117699243, 16.097941634463965, 0.0 ], [ 103.576191828424143, 16.098058374945449, 0.0 ] ] } },
{ "type": "Feature", "properties": { }, "geometry": { "type": "LineString", "coordinates": [ [ 103.576167233140808, 16.097851871179131, 0.0 ], [ 103.576177779845139, 16.097941671550075, 0.0 ] ] } },
{ "type": "Feature", "properties": { }, "geometry": { "type": "LineString", "coordinates": [ [ 103.576118287064702, 16.098007324785552, 0.0 ], [ 103.576251659053014, 16.097992684602854, 0.0 ] ] } },
{ "type": "Feature", "properties": { }, "geometry": { "type": "LineString", "coordinates": [ [ 103.576200727062556, 16.097941881385033, 0.0 ], [ 103.576156141138057, 16.097946775562772, 0.0 ] ] } },
{ "type": "Feature", "properties": { }, "geometry": { "type": "LineString", "coordinates": [ [ 103.576200410661031, 16.097939187373917, 0.0 ], [ 103.576155824737128, 16.097944081551642, 0.0 ] ] } },
{ "type": "Feature", "properties": { }, "geometry": { "type": "LineString", "coordinates": [ [ 103.57620854815535, 16.098056539627859, 0.0 ], [ 103.576194837420616, 16.097939799146648, 0.0 ] ] } },
{ "type": "Feature", "properties": { }, "geometry": { "type": "LineString", "coordinates": [ [ 103.57621040590324, 16.0980563357036, 0.0 ], [ 103.576196695167411, 16.097939595222428, 0.0 ] ] } },
{ "type": "Feature", "properties": { }, "geometry": { "type": "LineString", "coordinates": [ [ 103.576200727062556, 16.097941881385033, 0.0 ], [ 103.576200410661031, 16.097939187373917, 0.0 ] ] } },
{ "type": "Feature", "properties": { }, "geometry": { "type": "LineString", "coordinates": [ [ 103.576214121399033, 16.098055927855032, 0.0 ], [ 103.576200410661031, 16.097939187373917, 0.0 ] ] } },
{ "type": "Feature", "properties": { }, "geometry": { "type": "LineString", "coordinates": [ [ 103.576214121399033, 16.098055927855032, 0.0 ], [ 103.576213804997266, 16.098053233843938, 0.0 ] ] } },
{ "type": "Feature", "properties": { }, "geometry": { "type": "LineString", "coordinates": [ [ 103.576169219047756, 16.098058128022391, 0.0 ], [ 103.576169535448898, 16.098060822033499, 0.0 ] ] } },
{ "type": "Feature", "properties": { }, "geometry": { "type": "LineString", "coordinates": [ [ 103.576155824737128, 16.097944081551642, 0.0 ], [ 103.576169535448898, 16.098060822033499, 0.0 ] ] } },
{ "type": "Feature", "properties": { }, "geometry": { "type": "LineString", "coordinates": [ [ 103.576155824737128, 16.097944081551642, 0.0 ], [ 103.576156141138057, 16.097946775562772, 0.0 ] ] } },
{ "type": "Feature", "properties": { }, "geometry": { "type": "LineString", "coordinates": [ [ 103.576175108692738, 16.098060210261707, 0.0 ], [ 103.576161397977685, 16.097943469779949, 0.0 ] ] } },
{ "type": "Feature", "properties": { }, "geometry": { "type": "LineString", "coordinates": [ [ 103.576173250944805, 16.09806041418565, 0.0 ], [ 103.576159540230833, 16.097943673703863, 0.0 ] ] } },
{ "type": "Feature", "properties": { }, "geometry": { "type": "LineString", "coordinates": [ [ 103.565324066528888, 16.099310068663414, 0.0 ], [ 103.565244650595275, 16.099318781235066, 0.0 ] ] } },
{ "type": "Feature", "properties": { }, "geometry": { "type": "LineString", "coordinates": [ [ 103.565299747412851, 16.099253159817529, 0.0 ], [ 103.565255161078341, 16.099258051300929, 0.0 ] ] } },
{ "type": "Feature", "properties": { }, "geometry": { "type": "LineString", "coordinates": [ [ 103.565259184584875, 16.099260338600686, 0.0 ], [ 103.565244642344965, 16.099318782140198, 0.0 ], [ 103.56523535352224, 16.09931980119735, 0.0 ], [ 103.565235142703159, 16.09931800518542, 0.0 ] ] } },
{ "type": "Feature", "properties": { }, "geometry": { "type": "LineString", "coordinates": [ [ 103.56525621909816, 16.099260663938399, 0.0 ], [ 103.565242374885159, 16.099316302187791, 0.0 ], [ 103.565235037293633, 16.099317107179459, 0.0 ], [ 103.565235142703159, 16.09931800518542, 0.0 ], [ 103.565243130705085, 16.099317128838599, 0.0 ], [ 103.565257207593731, 16.099260555492499, 0.0 ] ] } },
{ "type": "Feature", "properties": { }, "geometry": { "type": "LineString", "coordinates": [ [ 103.565296348072266, 16.099256261463999, 0.0 ], [ 103.565324066528888, 16.099310068663414, 0.0 ], [ 103.565333355351044, 16.099309049602333, 0.0 ], [ 103.565333144531081, 16.099307253590425, 0.0 ] ] } },
{ "type": "Feature", "properties": { }, "geometry": { "type": "LineString", "coordinates": [ [ 103.565299313558896, 16.099255936125733, 0.0 ], [ 103.565325701530043, 16.099307160579315, 0.0 ], [ 103.5653330391211, 16.099306355584481, 0.0 ], [ 103.565333144531081, 16.099307253590425, 0.0 ], [ 103.565325156529667, 16.099308129940681, 0.0 ], [ 103.565298325063353, 16.099256044571828, 0.0 ] ] } },
{ "type": "Feature", "properties": { }, "geometry": { "type": "LineString", "coordinates": [ [ 103.565277770432758, 16.099258299582917, 0.0 ], [ 103.565284358541547, 16.099314424955324, 0.0 ] ] } },
{ "type": "Feature", "properties": { }, "geometry": { "type": "LineString", "coordinates": [ [ 103.565300063600134, 16.099255853840027, 0.0 ], [ 103.565255477265012, 16.099260745323441, 0.0 ] ] } },
{ "type": "Feature", "properties": { }, "geometry": { "type": "LineString", "coordinates": [ [ 103.565296659965071, 16.09907658711429, 0.0 ], [ 103.565217244124881, 16.09908529968337, 0.0 ] ] } },
{ "type": "Feature", "properties": { }, "geometry": { "type": "LineString", "coordinates": [ [ 103.565209897510826, 16.09920434979405, 0.0 ], [ 103.565343270648725, 16.099189717669432, 0.0 ] ] } },
{ "type": "Feature", "properties": { }, "geometry": { "type": "LineString", "coordinates": [ [ 103.565299747412851, 16.099253159817525, 0.0 ], [ 103.565255161078326, 16.099258051300922, 0.0 ] ] } },
{ "type": "Feature", "properties": { }, "geometry": { "type": "LineString", "coordinates": [ [ 103.565300063600134, 16.099255853840024, 0.0 ], [ 103.565255477265012, 16.099260745323438, 0.0 ] ] } },
{ "type": "Feature", "properties": { }, "geometry": { "type": "LineString", "coordinates": [ [ 103.565286149550957, 16.09913731704864, 0.0 ], [ 103.565241563242481, 16.099142208531319, 0.0 ] ] } },
{ "type": "Feature", "properties": { }, "geometry": { "type": "LineString", "coordinates": [ [ 103.565296348114444, 16.099256261459381, 0.0 ], [ 103.56528211779613, 16.099135030654676, 0.0 ] ] } },
{ "type": "Feature", "properties": { }, "geometry": { "type": "LineString", "coordinates": [ [ 103.565259192835171, 16.099260337695554, 0.0 ], [ 103.565244962539566, 16.099139106890217, 0.0 ] ] } },
{ "type": "Feature", "properties": { }, "geometry": { "type": "LineString", "coordinates": [ [ 103.565300063600134, 16.099255853840024, 0.0 ], [ 103.565255477265012, 16.099260745323438, 0.0 ] ] } },
{ "type": "Feature", "properties": { }, "geometry": { "type": "LineString", "coordinates": [ [ 103.56524495428927, 16.099139107795345, 0.0 ], [ 103.565217235874599, 16.099085300588492, 0.0 ], [ 103.565207947062802, 16.099086319645341, 0.0 ], [ 103.565208157881571, 16.099088115657292, 0.0 ] ] } },
{ "type": "Feature", "properties": { }, "geometry": { "type": "LineString", "coordinates": [ [ 103.565241988804374, 16.099139433133001, 0.0 ], [ 103.565215600874055, 16.099088208671837, 0.0 ], [ 103.565208263290955, 16.099089013663267, 0.0 ], [ 103.565208157881571, 16.099088115657292, 0.0 ], [ 103.565216145874231, 16.09908723931072, 0.0 ], [ 103.565242977299334, 16.099139324687123, 0.0 ] ] } },
{ "type": "Feature", "properties": { }, "geometry": { "type": "LineString", "coordinates": [ [ 103.565282117753966, 16.099135030659301, 0.0 ], [ 103.565296659965071, 16.09907658711429, 0.0 ], [ 103.565305948776285, 16.099075568053511, 0.0 ], [ 103.565306159595949, 16.099077364065433, 0.0 ] ] } },
{ "type": "Feature", "properties": { }, "geometry": { "type": "LineString", "coordinates": [ [ 103.565285083238777, 16.09913470532107, 0.0 ], [ 103.565298927423129, 16.099079067066008, 0.0 ], [ 103.565306265005759, 16.099078262071401, 0.0 ], [ 103.565306159595949, 16.099077364065433, 0.0 ], [ 103.565298171603771, 16.099078240415437, 0.0 ], [ 103.565284094743831, 16.099134813767151, 0.0 ] ] } },
{ "type": "Feature", "properties": { }, "geometry": { "type": "LineString", "coordinates": [ [ 103.565255477265012, 16.099260745323438, 0.0 ], [ 103.565300063600134, 16.099255853840024, 0.0 ] ] } },
{ "type": "Feature", "properties": { }, "geometry": { "type": "LineString", "coordinates": [ [ 103.565241246971681, 16.09913951451804, 0.0 ], [ 103.565255477265012, 16.099260745323438, 0.0 ] ] } },
{ "type": "Feature", "properties": { }, "geometry": { "type": "LineString", "coordinates": [ [ 103.56528583327956, 16.099134623035379, 0.0 ], [ 103.565241246971681, 16.09913951451804, 0.0 ] ] } },
{ "type": "Feature", "properties": { }, "geometry": { "type": "LineString", "coordinates": [ [ 103.565300063600134, 16.099255853840024, 0.0 ], [ 103.56528583327956, 16.099134623035379, 0.0 ] ] } },
{ "type": "Feature", "properties": { }, "geometry": { "type": "LineString", "coordinates": [ [ 103.555273533965234, 16.101475458975933, 0.0 ], [ 103.555183521625082, 16.101509025718229, 0.0 ] ] } },
{ "type": "Feature", "properties": { }, "geometry": { "type": "LineString", "coordinates": [ [ 103.555196186101441, 16.101443760940796, 0.0 ], [ 103.555202912863123, 16.101480292874086, 0.0 ] ] } },
{ "type": "Feature", "properties": { }, "geometry": { "type": "LineString", "coordinates": [ [ 103.555183089977803, 16.101507249339747, 0.0 ], [ 103.555175064144976, 16.101510242272063, 0.0 ] ] } },
{ "type": "Feature", "properties": { }, "geometry": { "type": "LineString", "coordinates": [ [ 103.555182405399407, 16.101506535954957, 0.0 ], [ 103.555174727699963, 16.101509399064035, 0.0 ] ] } },
{ "type": "Feature", "properties": { }, "geometry": { "type": "LineString", "coordinates": [ [ 103.555175737035029, 16.101511928688129, 0.0 ], [ 103.555174727699963, 16.101509399064035, 0.0 ] ] } },
{ "type": "Feature", "properties": { }, "geometry": { "type": "LineString", "coordinates": [ [ 103.55518445913458, 16.101508676109319, 0.0 ], [ 103.555175737035029, 16.101511928688129, 0.0 ] ] } },
{ "type": "Feature", "properties": { }, "geometry": { "type": "LineString", "coordinates": [ [ 103.555194441682147, 16.10144441145674, 0.0 ], [ 103.555183089977803, 16.101507249339747, 0.0 ] ] } },
{ "type": "Feature", "properties": { }, "geometry": { "type": "LineString", "coordinates": [ [ 103.555196186101441, 16.101443760940796, 0.0 ], [ 103.55518445913458, 16.101508676109319, 0.0 ] ] } },
{ "type": "Feature", "properties": { }, "geometry": { "type": "LineString", "coordinates": [ [ 103.555193569472522, 16.101444736714704, 0.0 ], [ 103.555182405399407, 16.101506535954957, 0.0 ] ] } },
{ "type": "Feature", "properties": { }, "geometry": { "type": "LineString", "coordinates": [ [ 103.555231727479935, 16.101430507108503, 0.0 ], [ 103.555238232461022, 16.101465834554187, 0.0 ] ] } },
{ "type": "Feature", "properties": { }, "geometry": { "type": "LineString", "coordinates": [ [ 103.555231727479935, 16.101430507108503, 0.0 ], [ 103.555250338438938, 16.101461553190983, 0.0 ] ] } },
{ "type": "Feature", "properties": { }, "geometry": { "type": "LineString", "coordinates": [ [ 103.555273033067849, 16.101473708421537, 0.0 ], [ 103.555280645661853, 16.101470869586432, 0.0 ] ] } },
{ "type": "Feature", "properties": { }, "geometry": { "type": "LineString", "coordinates": [ [ 103.555273251373777, 16.101472658339677, 0.0 ], [ 103.555280309216428, 16.101470026378536, 0.0 ] ] } },
{ "type": "Feature", "properties": { }, "geometry": { "type": "LineString", "coordinates": [ [ 103.555281318552716, 16.101472556002232, 0.0 ], [ 103.555280309216428, 16.101470026378536, 0.0 ] ] } },
{ "type": "Feature", "properties": { }, "geometry": { "type": "LineString", "coordinates": [ [ 103.555272596456021, 16.101475808585263, 0.0 ], [ 103.555281318552716, 16.101472556002232, 0.0 ] ] } },
{ "type": "Feature", "properties": { }, "geometry": { "type": "LineString", "coordinates": [ [ 103.555233471898987, 16.10142985659224, 0.0 ], [ 103.555273033067849, 16.101473708421537, 0.0 ] ] } },
{ "type": "Feature", "properties": { }, "geometry": { "type": "LineString", "coordinates": [ [ 103.555231727479935, 16.101430507108503, 0.0 ], [ 103.555272596456021, 16.101475808585263, 0.0 ] ] } },
{ "type": "Feature", "properties": { }, "geometry": { "type": "LineString", "coordinates": [ [ 103.555234344108499, 16.101429531334102, 0.0 ], [ 103.555273251373777, 16.101472658339677, 0.0 ] ] } },
{ "type": "Feature", "properties": { }, "geometry": { "type": "LineString", "coordinates": [ [ 103.555169890094518, 16.101300951563832, 0.0 ], [ 103.555163385128509, 16.101265624116976, 0.0 ] ] } },
{ "type": "Feature", "properties": { }, "geometry": { "type": "LineString", "coordinates": [ [ 103.555168952586001, 16.101301301172771, 0.0 ], [ 103.555150341653047, 16.101270255085002, 0.0 ] ] } },
{ "type": "Feature", "properties": { }, "geometry": { "type": "LineString", "coordinates": [ [ 103.555205431448115, 16.101287697733824, 0.0 ], [ 103.555198704689388, 16.10125116580047, 0.0 ] ] } },
{ "type": "Feature", "properties": { }, "geometry": { "type": "LineString", "coordinates": [ [ 103.555128584563136, 16.101257750234922, 0.0 ], [ 103.555120971975839, 16.101260589065152, 0.0 ] ] } },
{ "type": "Feature", "properties": { }, "geometry": { "type": "LineString", "coordinates": [ [ 103.55512836625681, 16.101258800316611, 0.0 ], [ 103.555121308420311, 16.101261432273233, 0.0 ] ] } },
{ "type": "Feature", "properties": { }, "geometry": { "type": "LineString", "coordinates": [ [ 103.555120299086937, 16.101258902648979, 0.0 ], [ 103.555121308420311, 16.101261432273233, 0.0 ] ] } },
{ "type": "Feature", "properties": { }, "geometry": { "type": "LineString", "coordinates": [ [ 103.555129021175773, 16.10125565007154, 0.0 ], [ 103.555120299086937, 16.101258902648979, 0.0 ] ] } },
{ "type": "Feature", "properties": { }, "geometry": { "type": "LineString", "coordinates": [ [ 103.555168145676447, 16.101301602079669, 0.0 ], [ 103.555128584563136, 16.101257750234922, 0.0 ] ] } },
{ "type": "Feature", "properties": { }, "geometry": { "type": "LineString", "coordinates": [ [ 103.555169890094518, 16.101300951563832, 0.0 ], [ 103.555129021175773, 16.10125565007154, 0.0 ] ] } },
{ "type": "Feature", "properties": { }, "geometry": { "type": "LineString", "coordinates": [ [ 103.555167273467418, 16.101301927337577, 0.0 ], [ 103.55512836625681, 16.101258800316611, 0.0 ] ] } },
{ "type": "Feature", "properties": { }, "geometry": { "type": "LineString", "coordinates": [ [ 103.555218527544255, 16.101224209330478, 0.0 ], [ 103.55522655336469, 16.101221216395466, 0.0 ] ] } },
{ "type": "Feature", "properties": { }, "geometry": { "type": "LineString", "coordinates": [ [ 103.555219212121898, 16.101224922715105, 0.0 ], [ 103.55522688980956, 16.101222059603419, 0.0 ] ] } },
{ "type": "Feature", "properties": { }, "geometry": { "type": "LineString", "coordinates": [ [ 103.555225880474964, 16.10121952997957, 0.0 ], [ 103.55522688980956, 16.101222059603419, 0.0 ] ] } },
{ "type": "Feature", "properties": { }, "geometry": { "type": "LineString", "coordinates": [ [ 103.555207175865945, 16.101287047217667, 0.0 ], [ 103.555218527544255, 16.101224209330478, 0.0 ] ] } },
{ "type": "Feature", "properties": { }, "geometry": { "type": "LineString", "coordinates": [ [ 103.555205431448115, 16.101287697733824, 0.0 ], [ 103.555217158388984, 16.10122278256123, 0.0 ] ] } },
{ "type": "Feature", "properties": { }, "geometry": { "type": "LineString", "coordinates": [ [ 103.55520804807486, 16.101286721959585, 0.0 ], [ 103.555219212121898, 16.101224922715105, 0.0 ] ] } },
{ "type": "Feature", "properties": { }, "geometry": { "type": "LineString", "coordinates": [ [ 103.555208985583235, 16.101286372350472, 0.0 ], [ 103.555166335958916, 16.101302276946491, 0.0 ] ] } },
{ "type": "Feature", "properties": { }, "geometry": { "type": "LineString", "coordinates": [ [ 103.555196186101441, 16.101443760940796, 0.0 ], [ 103.555169890094518, 16.101300951563832, 0.0 ] ] } },
{ "type": "Feature", "properties": { }, "geometry": { "type": "LineString", "coordinates": [ [ 103.555231727479935, 16.101430507108503, 0.0 ], [ 103.555205431448115, 16.101287697733824, 0.0 ] ] } },
{ "type": "Feature", "properties": { }, "geometry": { "type": "LineString", "coordinates": [ [ 103.555120299086937, 16.101258902648979, 0.0 ], [ 103.555225880474964, 16.101219529979574, 0.0 ] ] } },
{ "type": "Feature", "properties": { }, "geometry": { "type": "LineString", "coordinates": [ [ 103.555166335958916, 16.101302276946491, 0.0 ], [ 103.555208985583235, 16.101286372350472, 0.0 ] ] } },
{ "type": "Feature", "properties": { }, "geometry": { "type": "LineString", "coordinates": [ [ 103.555235281617556, 16.101429181724932, 0.0 ], [ 103.555208985583235, 16.101286372350472, 0.0 ] ] } },
{ "type": "Feature", "properties": { }, "geometry": { "type": "LineString", "coordinates": [ [ 103.555224388338956, 16.101493786009048, 0.0 ], [ 103.555177229240186, 16.101237672664894, 0.0 ] ] } },
{ "type": "Feature", "properties": { }, "geometry": { "type": "LineString", "coordinates": [ [ 103.555192631963351, 16.101445086323675, 0.0 ], [ 103.555166335958916, 16.101302276946491, 0.0 ] ] } },
{ "type": "Feature", "properties": { }, "geometry": { "type": "LineString", "coordinates": [ [ 103.555192631963351, 16.101445086323675, 0.0 ], [ 103.555235281617556, 16.101429181724932, 0.0 ] ] } },
{ "type": "Feature", "properties": { }, "geometry": { "type": "LineString", "coordinates": [ [ 103.535523128673091, 16.109629769431294, 0.0 ], [ 103.535564266470288, 16.109612439083598, 0.0 ] ] } },
{ "type": "Feature", "properties": { }, "geometry": { "type": "LineString", "coordinates": [ [ 103.535543697572521, 16.109621104258515, 0.0 ], [ 103.535570775065011, 16.109681170922794, 0.0 ] ] } },
{ "type": "Feature", "properties": { }, "geometry": { "type": "LineString", "coordinates": [ [ 103.535536219332343, 16.109604515089011, 0.0 ], [ 103.535551175813836, 16.109637693427828, 0.0 ] ] } },
{ "type": "Feature", "properties": { }, "geometry": { "type": "LineString", "coordinates": [ [ 103.535577124272322, 16.109695255519586, 0.0 ], [ 103.535510270895585, 16.10954695299376, 0.0 ] ] } },
{ "type": "Feature", "properties": { }, "geometry": { "type": "LineString", "coordinates": [ [ 103.5355383094346, 16.109554857936249, 0.0 ], [ 103.535497171647904, 16.109572188279834, 0.0 ] ] } },
{ "type": "Feature", "properties": { }, "geometry": { "type": "LineString", "coordinates": [ [ 103.53553718898732, 16.109552372419053, 0.0 ], [ 103.535496051201093, 16.10956970276246, 0.0 ] ] } },
{ "type": "Feature", "properties": { }, "geometry": { "type": "LineString", "coordinates": [ [ 103.535591343968264, 16.109672505745728, 0.0 ], [ 103.53553718898732, 16.109552372419053, 0.0 ] ] } },
{ "type": "Feature", "properties": { }, "geometry": { "type": "LineString", "coordinates": [ [ 103.53555020616011, 16.109689836097726, 0.0 ], [ 103.535553868174617, 16.10974695114626, 0.0 ], [ 103.53554709810804, 16.109749803207688, 0.0 ] ] } },
{ "type": "Feature", "properties": { }, "geometry": { "type": "LineString", "coordinates": [ [ 103.53555111820063, 16.109689451877497, 0.0 ], [ 103.535554841761879, 16.109747526842817, 0.0 ], [ 103.535547471590803, 16.109750631713421, 0.0 ] ] } },
{ "type": "Feature", "properties": { }, "geometry": { "type": "LineString", "coordinates": [ [ 103.535552942281626, 16.109688683437028, 0.0 ], [ 103.535556788936375, 16.109748678235924, 0.0 ], [ 103.535548218556329, 16.109752288724895, 0.0 ], [ 103.535547471590803, 16.109750631713421, 0.0 ], [ 103.53554709810804, 16.109749803207688, 0.0 ] ] } },
{ "type": "Feature", "properties": { }, "geometry": { "type": "LineString", "coordinates": [ [ 103.535591343968264, 16.109672505745728, 0.0 ], [ 103.535632126407833, 16.109713982867969, 0.0 ], [ 103.535638896472179, 16.109711130803625, 0.0 ] ] } },
{ "type": "Feature", "properties": { }, "geometry": { "type": "LineString", "coordinates": [ [ 103.535590431927886, 16.109672889966141, 0.0 ], [ 103.535631899786623, 16.109715064182971, 0.0 ], [ 103.535639269955269, 16.109711959309227, 0.0 ] ] } },
{ "type": "Feature", "properties": { }, "geometry": { "type": "LineString", "coordinates": [ [ 103.535588607847146, 16.109673658406958, 0.0 ], [ 103.535631446544201, 16.109717226813007, 0.0 ], [ 103.535640016921477, 16.109713616320434, 0.0 ], [ 103.535639269955269, 16.109711959309223, 0.0 ], [ 103.535638896472179, 16.109711130803618, 0.0 ] ] } },
{ "type": "Feature", "properties": { }, "geometry": { "type": "LineString", "coordinates": [ [ 103.535591343968264, 16.109672505745728, 0.0 ], [ 103.53555020616011, 16.109689836097726, 0.0 ] ] } },
{ "type": "Feature", "properties": { }, "geometry": { "type": "LineString", "coordinates": [ [ 103.535631446544201, 16.109717226813007, 0.0 ], [ 103.535555596339634, 16.109749180647444, 0.0 ] ] } },
{ "type": "Feature", "properties": { }, "geometry": { "type": "LineString", "coordinates": [ [ 103.535496051201093, 16.10956970276246, 0.0 ], [ 103.535455268818964, 16.109528225618458, 0.0 ], [ 103.535448498758939, 16.109531077677318, 0.0 ] ] } },
{ "type": "Feature", "properties": { }, "geometry": { "type": "LineString", "coordinates": [ [ 103.535496963241116, 16.10956931854242, 0.0 ], [ 103.5354554954408, 16.109527144303673, 0.0 ], [ 103.535448125276929, 16.109530249171456, 0.0 ] ] } },
{ "type": "Feature", "properties": { }, "geometry": { "type": "LineString", "coordinates": [ [ 103.53549878732116, 16.109568550102335, 0.0 ], [ 103.535455948684486, 16.109524981674106, 0.0 ], [ 103.535447378312938, 16.109528592159741, 0.0 ], [ 103.535448125276929, 16.109530249171456, 0.0 ], [ 103.535448498758939, 16.109531077677318, 0.0 ] ] } },
{ "type": "Feature", "properties": { }, "geometry": { "type": "LineString", "coordinates": [ [ 103.53553718898732, 16.109552372419053, 0.0 ], [ 103.535533526976266, 16.109495257369911, 0.0 ], [ 103.535540297034046, 16.109492405308149, 0.0 ] ] } },
{ "type": "Feature", "properties": { }, "geometry": { "type": "LineString", "coordinates": [ [ 103.53553627694744, 16.109552756639275, 0.0 ], [ 103.535532553390254, 16.10949468167335, 0.0 ], [ 103.535539923551696, 16.109491576802423, 0.0 ] ] } },
{ "type": "Feature", "properties": { }, "geometry": { "type": "LineString", "coordinates": [ [ 103.535534452867665, 16.109553525079704, 0.0 ], [ 103.535530606218245, 16.109493530280211, 0.0 ], [ 103.535539176587022, 16.109489919790967, 0.0 ], [ 103.535539923551696, 16.109491576802426, 0.0 ], [ 103.535540297034046, 16.109492405308149, 0.0 ] ] } },
{ "type": "Feature", "properties": { }, "geometry": { "type": "LineString", "coordinates": [ [ 103.53553718898732, 16.109552372419053, 0.0 ], [ 103.535496051201093, 16.10956970276246, 0.0 ] ] } },
{ "type": "Feature", "properties": { }, "geometry": { "type": "LineString", "coordinates": [ [ 103.535530606218245, 16.109493530280211, 0.0 ], [ 103.535455948684486, 16.109524981674099, 0.0 ] ] } },
{ "type": "Feature", "properties": { }, "geometry": { "type": "LineString", "coordinates": [ [ 103.535586795369383, 16.109671464425031, 0.0 ], [ 103.535534881285955, 16.109556302131882, 0.0 ] ] } },
{ "type": "Feature", "properties": { }, "geometry": { "type": "LineString", "coordinates": [ [ 103.535591343968264, 16.109672505745728, 0.0 ], [ 103.53553718898732, 16.109552372419053, 0.0 ] ] } },
{ "type": "Feature", "properties": { }, "geometry": { "type": "LineString", "coordinates": [ [ 103.535549085712091, 16.109687350580543, 0.0 ], [ 103.535590223519762, 16.109670020228723, 0.0 ] ] } },
{ "type": "Feature", "properties": { }, "geometry": { "type": "LineString", "coordinates": [ [ 103.53555020616011, 16.109689836097726, 0.0 ], [ 103.535591343968264, 16.109672505745728, 0.0 ] ] } },
{ "type": "Feature", "properties": { }, "geometry": { "type": "LineString", "coordinates": [ [ 103.535496051201093, 16.10956970276246, 0.0 ], [ 103.53555020616011, 16.109689836097726, 0.0 ] ] } },
{ "type": "Feature", "properties": { }, "geometry": { "type": "LineString", "coordinates": [ [ 103.535552513862982, 16.109685906384883, 0.0 ], [ 103.535500599797061, 16.109570744084859, 0.0 ] ] } },
{ "type": "Feature", "properties": { }, "geometry": { "type": "LineString", "coordinates": [ [ 103.529783822925296, 16.112175645464816, 0.0 ], [ 103.529710547758214, 16.112206511651504, 0.0 ] ] } },
{ "type": "Feature", "properties": { }, "geometry": { "type": "LineString", "coordinates": [ [ 103.529743293002511, 16.112128146310969, 0.0 ], [ 103.529702154264413, 16.112145475455918, 0.0 ] ] } },
{ "type": "Feature", "properties": { }, "geometry": { "type": "LineString", "coordinates": [ [ 103.529706695264593, 16.112146520109636, 0.0 ], [ 103.529710540145857, 16.112206514858102, 0.0 ], [ 103.529701969572002, 16.112210125095668, 0.0 ], [ 103.529701222649123, 16.112208468067511, 0.0 ] ] } },
{ "type": "Feature", "properties": { }, "geometry": { "type": "LineString", "coordinates": [ [ 103.529703959081189, 16.112147672690075, 0.0 ], [ 103.529707619407361, 16.112204787690594, 0.0 ], [ 103.529700849187677, 16.112207639553436, 0.0 ], [ 103.529701222649123, 16.112208468067511, 0.0 ], [ 103.52970859298685, 16.112205363413096, 0.0 ], [ 103.529704871142329, 16.11214728849659, 0.0 ] ] } },
{ "type": "Feature", "properties": { }, "geometry": { "type": "LineString", "coordinates": [ [ 103.529740985120142, 16.112132075965146, 0.0 ], [ 103.529783822925296, 16.112175645464816, 0.0 ], [ 103.52979239349645, 16.112172035223701, 0.0 ], [ 103.529791646572889, 16.112170378195803, 0.0 ] ] } },
{ "type": "Feature", "properties": { }, "geometry": { "type": "LineString", "coordinates": [ [ 103.529743721303149, 16.112130923384203, 0.0 ], [ 103.529784502893634, 16.11217240154755, 0.0 ], [ 103.529791273111115, 16.112169549681859, 0.0 ], [ 103.529791646572889, 16.112170378195803, 0.0 ], [ 103.529784276237535, 16.112173482853304, 0.0 ], [ 103.529742809242151, 16.112131307577854, 0.0 ] ] } },
{ "type": "Feature", "properties": { }, "geometry": { "type": "LineString", "coordinates": [ [ 103.529723843979653, 16.112139296443033, 0.0 ], [ 103.529747185324922, 16.112191078569744, 0.0 ] ] } },
{ "type": "Feature", "properties": { }, "geometry": { "type": "LineString", "coordinates": [ [ 103.529744413348112, 16.112130631869402, 0.0 ], [ 103.529703274609574, 16.112147961014525, 0.0 ] ] } },
{ "type": "Feature", "properties": { }, "geometry": { "type": "LineString", "coordinates": [ [ 103.529686722967341, 16.111960231819637, 0.0 ], [ 103.52961344787029, 16.111991097978901, 0.0 ] ] } },
{ "type": "Feature", "properties": { }, "geometry": { "type": "LineString", "coordinates": [ [ 103.529722723634279, 16.112136810884508, 0.0 ], [ 103.52967454713405, 16.11202993256914, 0.0 ] ] } },
{ "type": "Feature", "properties": { }, "geometry": { "type": "LineString", "coordinates": [ [ 103.529743293002511, 16.112128146310962, 0.0 ], [ 103.529702154264413, 16.112145475455911, 0.0 ] ] } },
{ "type": "Feature", "properties": { }, "geometry": { "type": "LineString", "coordinates": [ [ 103.529744413348112, 16.112130631869398, 0.0 ], [ 103.529703274609574, 16.112147961014518, 0.0 ] ] } },
{ "type": "Feature", "properties": { }, "geometry": { "type": "LineString", "coordinates": [ [ 103.529695116492519, 16.112021267999417, 0.0 ], [ 103.529653977773933, 16.112038597136724, 0.0 ] ] } },
{ "type": "Feature", "properties": { }, "geometry": { "type": "LineString", "coordinates": [ [ 103.529740985159066, 16.112132075948757, 0.0 ], [ 103.529690567882881, 16.112020226552282, 0.0 ] ] } },
{ "type": "Feature", "properties": { }, "geometry": { "type": "LineString", "coordinates": [ [ 103.529706702876936, 16.112146516903032, 0.0 ], [ 103.529656285617762, 16.112034667499888, 0.0 ] ] } },
{ "type": "Feature", "properties": { }, "geometry": { "type": "LineString", "coordinates": [ [ 103.529744413348112, 16.112130631869398, 0.0 ], [ 103.529703274609574, 16.112147961014518, 0.0 ] ] } },
{ "type": "Feature", "properties": { }, "geometry": { "type": "LineString", "coordinates": [ [ 103.529656278005419, 16.112034670706489, 0.0 ], [ 103.529613440257947, 16.111991101185502, 0.0 ], [ 103.529604869692264, 16.111994711419861, 0.0 ], [ 103.529605616613679, 16.111996368448256, 0.0 ] ] } },
{ "type": "Feature", "properties": { }, "geometry": { "type": "LineString", "coordinates": [ [ 103.529653541823379, 16.112035823286394, 0.0 ], [ 103.529612760287762, 16.111994345102076, 0.0 ], [ 103.529605990074401, 16.111997196962449, 0.0 ], [ 103.529605616613679, 16.111996368448256, 0.0 ], [ 103.529612986944485, 16.11199326379656, 0.0 ], [ 103.529654453884064, 16.112035439093098, 0.0 ] ] } },
{ "type": "Feature", "properties": { }, "geometry": { "type": "LineString", "coordinates": [ [ 103.529690567843957, 16.112020226568678, 0.0 ], [ 103.529686722967341, 16.111960231819637, 0.0 ], [ 103.529695293530281, 16.111956621581729, 0.0 ], [ 103.529696040452379, 16.111958278609862, 0.0 ] ] } },
{ "type": "Feature", "properties": { }, "geometry": { "type": "LineString", "coordinates": [ [ 103.529693304025599, 16.112019073988257, 0.0 ], [ 103.529689643702241, 16.111961958987159, 0.0 ], [ 103.529696413913427, 16.111959107123937, 0.0 ], [ 103.529696040452379, 16.111958278609862, 0.0 ], [ 103.529688670123946, 16.111961383264653, 0.0 ], [ 103.529692391965057, 16.112019458181731, 0.0 ] ] } },
{ "type": "Feature", "properties": { }, "geometry": { "type": "LineString", "coordinates": [ [ 103.52967342671198, 16.112027447043221, 0.0 ], [ 103.529650085401968, 16.111975664910855, 0.0 ] ] } },
{ "type": "Feature", "properties": { }, "geometry": { "type": "LineString", "coordinates": [ [ 103.529703274609574, 16.112147961014518, 0.0 ], [ 103.529744413348112, 16.112130631869398, 0.0 ] ] } },
{ "type": "Feature", "properties": { }, "geometry": { "type": "LineString", "coordinates": [ [ 103.52965285735209, 16.11203611161072, 0.0 ], [ 103.529703274609574, 16.112147961014518, 0.0 ] ] } },
{ "type": "Feature", "properties": { }, "geometry": { "type": "LineString", "coordinates": [ [ 103.529693996070222, 16.112018782473584, 0.0 ], [ 103.52965285735209, 16.11203611161072, 0.0 ] ] } },
{ "type": "Feature", "properties": { }, "geometry": { "type": "LineString", "coordinates": [ [ 103.529744413348112, 16.112130631869398, 0.0 ], [ 103.529693996070222, 16.112018782473584, 0.0 ] ] } },
{ "type": "Feature", "properties": { }, "geometry": { "type": "LineString", "coordinates": [ [ 103.506487953897746, 16.121986904299053, 0.0 ], [ 103.50641467209266, 16.122017761840908, 0.0 ] ] } },
{ "type": "Feature", "properties": { }, "geometry": { "type": "LineString", "coordinates": [ [ 103.506447428145393, 16.121939401052011, 0.0 ], [ 103.506406285680555, 16.121956725343516, 0.0 ] ] } },
{ "type": "Feature", "properties": { }, "geometry": { "type": "LineString", "coordinates": [ [ 103.506410826732917, 16.121957770501442, 0.0 ], [ 103.506414664479621, 16.122017765046618, 0.0 ], [ 103.506406093129357, 16.122021374273046, 0.0 ], [ 103.506405346378259, 16.122019717177785, 0.0 ] ] } },
{ "type": "Feature", "properties": { }, "geometry": { "type": "LineString", "coordinates": [ [ 103.506408090301647, 16.12195892275907, 0.0 ], [ 103.506411743835713, 16.122016037566052, 0.0 ], [ 103.506404973002702, 16.122018888630162, 0.0 ], [ 103.506405346378259, 16.122019717177785, 0.0 ], [ 103.506412717383668, 16.122016613392915, 0.0 ], [ 103.506409002445409, 16.121958538673198, 0.0 ] ] } },
{ "type": "Feature", "properties": { }, "geometry": { "type": "LineString", "coordinates": [ [ 103.506445119694789, 16.121943330402381, 0.0 ], [ 103.506487953897746, 16.121986904299053, 0.0 ], [ 103.506496525245296, 16.121983295069072, 0.0 ], [ 103.50649577849353, 16.121981637974077, 0.0 ] ] } },
{ "type": "Feature", "properties": { }, "geometry": { "type": "LineString", "coordinates": [ [ 103.506447856125646, 16.121942178144245, 0.0 ], [ 103.506488634286853, 16.121983660493544, 0.0 ], [ 103.506495405117647, 16.121980809426578, 0.0 ], [ 103.50649577849353, 16.121981637974077, 0.0 ], [ 103.50648840749048, 16.121984741762045, 0.0 ], [ 103.506446943982027, 16.121942562230288, 0.0 ] ] } },
{ "type": "Feature", "properties": { }, "geometry": { "type": "LineString", "coordinates": [ [ 103.506427977001479, 16.121950548857999, 0.0 ], [ 103.506451312978356, 16.122002333081571, 0.0 ] ] } },
{ "type": "Feature", "properties": { }, "geometry": { "type": "LineString", "coordinates": [ [ 103.506448548233308, 16.121941886711088, 0.0 ], [ 103.506407405768016, 16.121959211002771, 0.0 ] ] } },
{ "type": "Feature", "properties": { }, "geometry": { "type": "LineString", "coordinates": [ [ 103.506390876272107, 16.121771481930992, 0.0 ], [ 103.506317594537208, 16.121802339445502, 0.0 ] ] } },
{ "type": "Feature", "properties": { }, "geometry": { "type": "LineString", "coordinates": [ [ 103.506426856913791, 16.121948063198833, 0.0 ], [ 103.506378691493865, 16.121841180555585, 0.0 ] ] } },
{ "type": "Feature", "properties": { }, "geometry": { "type": "LineString", "coordinates": [ [ 103.506447428145378, 16.121939401052007, 0.0 ], [ 103.506406285680555, 16.121956725343509, 0.0 ] ] } },
{ "type": "Feature", "properties": { }, "geometry": { "type": "LineString", "coordinates": [ [ 103.506448548233308, 16.121941886711081, 0.0 ], [ 103.506407405768016, 16.121959211002764, 0.0 ] ] } },
{ "type": "Feature", "properties": { }, "geometry": { "type": "LineString", "coordinates": [ [ 103.506445119733698, 16.121943330385999, 0.0 ], [ 103.506394714053158, 16.12183147646034, 0.0 ] ] } },
{ "type": "Feature", "properties": { }, "geometry": { "type": "LineString", "coordinates": [ [ 103.506410834345957, 16.121957767295729, 0.0 ], [ 103.506360428682456, 16.12184591336343, 0.0 ] ] } },
{ "type": "Feature", "properties": { }, "geometry": { "type": "LineString", "coordinates": [ [ 103.506448548233308, 16.121941886711081, 0.0 ], [ 103.506407405768016, 16.121959211002764, 0.0 ] ] } },
{ "type": "Feature", "properties": { }, "geometry": { "type": "LineString", "coordinates": [ [ 103.506360421069431, 16.121845916569136, 0.0 ], [ 103.506317586924169, 16.121802342651197, 0.0 ], [ 103.506309015582104, 16.121805951874425, 0.0 ], [ 103.506309762331725, 16.121807608969917, 0.0 ] ] } },
{ "type": "Feature", "properties": { }, "geometry": { "type": "LineString", "coordinates": [ [ 103.506357684639525, 16.121847068826227, 0.0 ], [ 103.506316906533215, 16.121805586456027, 0.0 ], [ 103.506310135706542, 16.121808437517664, 0.0 ], [ 103.506309762331725, 16.121807608969917, 0.0 ], [ 103.506317133330199, 16.12180450518775, 0.0 ], [ 103.506358596782832, 16.121846684740536, 0.0 ] ] } },
{ "type": "Feature", "properties": { }, "geometry": { "type": "LineString", "coordinates": [ [ 103.506394714014235, 16.121831476476729, 0.0 ], [ 103.506390876272107, 16.121771481930992, 0.0 ], [ 103.506399447611443, 16.121767872704215, 0.0 ], [ 103.506400194361731, 16.12176952979944, 0.0 ] ] } },
{ "type": "Feature", "properties": { }, "geometry": { "type": "LineString", "coordinates": [ [ 103.506397450443757, 16.121830324219118, 0.0 ], [ 103.50639379691242, 16.121773209411558, 0.0 ], [ 103.50640056773689, 16.12177035834706, 0.0 ], [ 103.506400194361731, 16.12176952979944, 0.0 ], [ 103.506392823365658, 16.121772633584708, 0.0 ], [ 103.506396538300578, 16.121830708304994, 0.0 ] ] } },
{ "type": "Feature", "properties": { }, "geometry": { "type": "LineString", "coordinates": [ [ 103.506377571329466, 16.121838694929014, 0.0 ], [ 103.506354235387803, 16.121786910699832, 0.0 ] ] } },
{ "type": "Feature", "properties": { }, "geometry": { "type": "LineString", "coordinates": [ [ 103.506407405768016, 16.121959211002764, 0.0 ], [ 103.506448548233308, 16.121941886711081, 0.0 ] ] } },
{ "type": "Feature", "properties": { }, "geometry": { "type": "LineString", "coordinates": [ [ 103.50635700010622, 16.121847357069797, 0.0 ], [ 103.506407405768016, 16.121959211002764, 0.0 ] ] } },
{ "type": "Feature", "properties": { }, "geometry": { "type": "LineString", "coordinates": [ [ 103.506448548233308, 16.121941886711081, 0.0 ], [ 103.506398142551049, 16.12183003278609, 0.0 ] ] } },
{ "type": "Feature", "properties": { }, "geometry": { "type": "LineString", "coordinates": [ [ 103.457702477512484, 16.12559788748019, 0.0 ], [ 103.45774712971243, 16.125593556812607, 0.0 ] ] } },
{ "type": "Feature", "properties": { }, "geometry": { "type": "LineString", "coordinates": [ [ 103.457779737526877, 16.125737987202314, 0.0 ], [ 103.45770020424041, 16.125745700864702, 0.0 ] ] } },
{ "type": "Feature", "properties": { }, "geometry": { "type": "LineString", "coordinates": [ [ 103.457756183444772, 16.12568078033777, 0.0 ], [ 103.457711531225144, 16.125685111005545, 0.0 ] ] } },
{ "type": "Feature", "properties": { }, "geometry": { "type": "LineString", "coordinates": [ [ 103.457758303796183, 16.125688749068669, 0.0 ], [ 103.457711090854062, 16.125693328092076, 0.0 ] ] } },
{ "type": "Feature", "properties": { }, "geometry": { "type": "LineString", "coordinates": [ [ 103.457757008030114, 16.1256861499485, 0.0 ], [ 103.45771182659854, 16.125690531942638, 0.0 ] ] } },
{ "type": "Feature", "properties": { }, "geometry": { "type": "LineString", "coordinates": [ [ 103.45777714599366, 16.125732788962143, 0.0 ], [ 103.457701667467674, 16.125740109367314, 0.0 ] ] } },
{ "type": "Feature", "properties": { }, "geometry": { "type": "LineString", "coordinates": [ [ 103.457778441760269, 16.125735388082234, 0.0 ], [ 103.457700931722812, 16.125742905516681, 0.0 ] ] } },
{ "type": "Feature", "properties": { }, "geometry": { "type": "LineString", "coordinates": [ [ 103.457715523991553, 16.125687448553204, 0.0 ], [ 103.457700195977907, 16.125745701666055, 0.0 ], [ 103.457690893429159, 16.125746603886551, 0.0 ], [ 103.45769070675567, 16.125744805463274, 0.0 ] ] } },
{ "type": "Feature", "properties": { }, "geometry": { "type": "LineString", "coordinates": [ [ 103.457712554122736, 16.125687736590436, 0.0 ], [ 103.457697961853171, 16.125743193553646, 0.0 ], [ 103.457690613418947, 16.125743906251632, 0.0 ], [ 103.45769070675567, 16.125744805463274, 0.0 ], [ 103.457698706561416, 16.125744029591115, 0.0 ], [ 103.457713544079013, 16.125687640578029, 0.0 ] ] } },
{ "type": "Feature", "properties": { }, "geometry": { "type": "LineString", "coordinates": [ [ 103.457752742395328, 16.125683838866131, 0.0 ], [ 103.457779737526877, 16.125737987202314, 0.0 ], [ 103.457789040075184, 16.125737084977867, 0.0 ], [ 103.457788853400814, 16.125735286554587, 0.0 ] ] } },
{ "type": "Feature", "properties": { }, "geometry": { "type": "LineString", "coordinates": [ [ 103.457755712264074, 16.125683550828317, 0.0 ], [ 103.457781411629753, 16.125735100044128, 0.0 ], [ 103.457788760063622, 16.125734387342956, 0.0 ], [ 103.457788853400814, 16.125735286554587, 0.0 ], [ 103.45778085359548, 16.125736062430196, 0.0 ], [ 103.457754722307826, 16.12568364684093, 0.0 ] ] } },
{ "type": "Feature", "properties": { }, "geometry": { "type": "LineString", "coordinates": [ [ 103.45773413730366, 16.125685643311865, 0.0 ], [ 103.457739970862946, 16.125741844039332, 0.0 ] ] } },
{ "type": "Feature", "properties": { }, "geometry": { "type": "LineString", "coordinates": [ [ 103.457756463413645, 16.125683477976793, 0.0 ], [ 103.457711811193391, 16.12568780864456, 0.0 ] ] } },
{ "type": "Feature", "properties": { }, "geometry": { "type": "LineString", "coordinates": [ [ 103.457749402979744, 16.125445743418314, 0.0 ], [ 103.457669869810857, 16.125453457079633, 0.0 ] ] } },
{ "type": "Feature", "properties": { }, "geometry": { "type": "LineString", "coordinates": [ [ 103.457734137345895, 16.125685643307769, 0.0 ], [ 103.457715469968448, 16.125505800978814, 0.0 ] ] } },
{ "type": "Feature", "properties": { }, "geometry": { "type": "LineString", "coordinates": [ [ 103.457756183444772, 16.125680780337767, 0.0 ], [ 103.457711531225129, 16.125685111005541, 0.0 ] ] } },
{ "type": "Feature", "properties": { }, "geometry": { "type": "LineString", "coordinates": [ [ 103.457756463413645, 16.125683477976789, 0.0 ], [ 103.457711811193391, 16.125687808644557, 0.0 ] ] } },
{ "type": "Feature", "properties": { }, "geometry": { "type": "LineString", "coordinates": [ [ 103.457738076068964, 16.125506333278871, 0.0 ], [ 103.457693423888713, 16.125510663946283, 0.0 ] ] } },
{ "type": "Feature", "properties": { }, "geometry": { "type": "LineString", "coordinates": [ [ 103.457752742437577, 16.125683838862034, 0.0 ], [ 103.457734075043206, 16.12550399653324, 0.0 ] ] } },
{ "type": "Feature", "properties": { }, "geometry": { "type": "LineString", "coordinates": [ [ 103.457715532254028, 16.125687447751851, 0.0 ], [ 103.457696856631031, 16.125507606224094, 0.0 ] ] } },
{ "type": "Feature", "properties": { }, "geometry": { "type": "LineString", "coordinates": [ [ 103.457738516353331, 16.125498116200202, 0.0 ], [ 103.457691303456727, 16.125502695223194, 0.0 ] ] } },
{ "type": "Feature", "properties": { }, "geometry": { "type": "LineString", "coordinates": [ [ 103.457737780610174, 16.125500912349882, 0.0 ], [ 103.457692599220934, 16.125505294343636, 0.0 ] ] } },
{ "type": "Feature", "properties": { }, "geometry": { "type": "LineString", "coordinates": [ [ 103.457747931494239, 16.12545133571783, 0.0 ], [ 103.457672453075716, 16.125458656122017, 0.0 ] ] } },
{ "type": "Feature", "properties": { }, "geometry": { "type": "LineString", "coordinates": [ [ 103.457748667236999, 16.125448539568069, 0.0 ], [ 103.457671157312035, 16.125456057001497, 0.0 ] ] } },
{ "type": "Feature", "properties": { }, "geometry": { "type": "LineString", "coordinates": [ [ 103.457756463413645, 16.125683477976789, 0.0 ], [ 103.457711811193391, 16.125687808644557, 0.0 ] ] } },
{ "type": "Feature", "properties": { }, "geometry": { "type": "LineString", "coordinates": [ [ 103.457696856631031, 16.125507606224094, 0.0 ], [ 103.457669861548368, 16.125453457880969, 0.0 ], [ 103.457660559013377, 16.125454360101351, 0.0 ], [ 103.457660745686539, 16.125456158524656, 0.0 ] ] } },
{ "type": "Feature", "properties": { }, "geometry": { "type": "LineString", "coordinates": [ [ 103.457693886764929, 16.125507894261307, 0.0 ], [ 103.4576681874467, 16.125456345038419, 0.0 ], [ 103.457660839023134, 16.125457057736309, 0.0 ], [ 103.457660745686539, 16.125456158524656, 0.0 ], [ 103.457668745480603, 16.125455382652611, 0.0 ], [ 103.457694876720296, 16.125507798248901, 0.0 ] ] } },
{ "type": "Feature", "properties": { }, "geometry": { "type": "LineString", "coordinates": [ [ 103.457734075000971, 16.125503996537347, 0.0 ], [ 103.457749402979744, 16.125445743418314, 0.0 ], [ 103.457758705514308, 16.125444841193985, 0.0 ], [ 103.45775889218838, 16.125446639617287, 0.0 ] ] } },
{ "type": "Feature", "properties": { }, "geometry": { "type": "LineString", "coordinates": [ [ 103.457737044867002, 16.125503708499558, 0.0 ], [ 103.457751637102206, 16.125448251530013, 0.0 ], [ 103.457758985525402, 16.125447538828933, 0.0 ], [ 103.45775889218838, 16.125446639617287, 0.0 ], [ 103.457750892394714, 16.125447415492779, 0.0 ], [ 103.457736054911663, 16.12550380451216, 0.0 ] ] } },
{ "type": "Feature", "properties": { }, "geometry": { "type": "LineString", "coordinates": [ [ 103.457715469926214, 16.125505800982911, 0.0 ], [ 103.457709636374602, 16.125449600254786, 0.0 ] ] } },
{ "type": "Feature", "properties": { }, "geometry": { "type": "LineString", "coordinates": [ [ 103.457711811193391, 16.125687808644557, 0.0 ], [ 103.457756463413645, 16.125683477976789, 0.0 ] ] } },
{ "type": "Feature", "properties": { }, "geometry": { "type": "LineString", "coordinates": [ [ 103.457693143836281, 16.125507966315425, 0.0 ], [ 103.457711811193391, 16.125687808644557, 0.0 ] ] } },
{ "type": "Feature", "properties": { }, "geometry": { "type": "LineString", "coordinates": [ [ 103.457737796015891, 16.125503635648027, 0.0 ], [ 103.457693143836281, 16.125507966315425, 0.0 ] ] } },
{ "type": "Feature", "properties": { }, "geometry": { "type": "LineString", "coordinates": [ [ 103.457756463413645, 16.125683477976789, 0.0 ], [ 103.457737796015891, 16.125503635648027, 0.0 ] ] } },
{ "type": "Feature", "properties": { }, "geometry": { "type": "LineString", "coordinates": [ [ 103.44514926700613, 16.12706755318267, 0.0 ], [ 103.445260416420979, 16.127053401807011, 0.0 ] ] } },
{ "type": "Feature", "properties": { }, "geometry": { "type": "LineString", "coordinates": [ [ 103.445147864624246, 16.127070466311661, 0.0 ], [ 103.445140364063491, 16.12707142126736, 0.0 ] ] } },
{ "type": "Feature", "properties": { }, "geometry": { "type": "LineString", "coordinates": [ [ 103.445148332084884, 16.127069495268668, 0.0 ], [ 103.445140241974912, 16.127070525284545, 0.0 ] ] } },
{ "type": "Feature", "properties": { }, "geometry": { "type": "LineString", "coordinates": [ [ 103.445140241974912, 16.127070525284545, 0.0 ], [ 103.445140364063491, 16.12707142126736, 0.0 ] ] } },
{ "type": "Feature", "properties": { }, "geometry": { "type": "LineString", "coordinates": [ [ 103.445139997797725, 16.127068733318922, 0.0 ], [ 103.445140241974912, 16.127070525284545, 0.0 ] ] } },
{ "type": "Feature", "properties": { }, "geometry": { "type": "LineString", "coordinates": [ [ 103.44514926700613, 16.12706755318267, 0.0 ], [ 103.445139997797725, 16.127068733318922, 0.0 ] ] } },
{ "type": "Feature", "properties": { }, "geometry": { "type": "LineString", "coordinates": [ [ 103.445147864624246, 16.127070466311661, 0.0 ], [ 103.445175198139992, 16.127121213437274, 0.0 ] ] } },
{ "type": "Feature", "properties": { }, "geometry": { "type": "LineString", "coordinates": [ [ 103.445148332084884, 16.127069495268668, 0.0 ], [ 103.445176125061082, 16.127121095423536, 0.0 ] ] } },
{ "type": "Feature", "properties": { }, "geometry": { "type": "LineString", "coordinates": [ [ 103.44514926700613, 16.12706755318267, 0.0 ], [ 103.445177978903232, 16.127120859396044, 0.0 ] ] } },
{ "type": "Feature", "properties": { }, "geometry": { "type": "LineString", "coordinates": [ [ 103.445262049954735, 16.127055928408957, 0.0 ], [ 103.445270051895946, 16.127054909613765, 0.0 ] ] } },
{ "type": "Feature", "properties": { }, "geometry": { "type": "LineString", "coordinates": [ [ 103.445261505443483, 16.127055086208316, 0.0 ], [ 103.44526992980677, 16.127054013630978, 0.0 ] ] } },
{ "type": "Feature", "properties": { }, "geometry": { "type": "LineString", "coordinates": [ [ 103.44526992980677, 16.127054013630978, 0.0 ], [ 103.445270051895946, 16.127054909613765, 0.0 ] ] } },
{ "type": "Feature", "properties": { }, "geometry": { "type": "LineString", "coordinates": [ [ 103.445269685628432, 16.127052221665394, 0.0 ], [ 103.44526992980677, 16.127054013630978, 0.0 ] ] } },
{ "type": "Feature", "properties": { }, "geometry": { "type": "LineString", "coordinates": [ [ 103.445260416420979, 16.127053401807011, 0.0 ], [ 103.445269685628432, 16.127052221665394, 0.0 ] ] } },
{ "type": "Feature", "properties": { }, "geometry": { "type": "LineString", "coordinates": [ [ 103.445261505443483, 16.127055086208316, 0.0 ], [ 103.445220149855601, 16.127115490238413, 0.0 ] ] } },
{ "type": "Feature", "properties": { }, "geometry": { "type": "LineString", "coordinates": [ [ 103.445221378038028, 16.127115333868407, 0.0 ], [ 103.445262049954735, 16.127055928408957, 0.0 ] ] } },
{ "type": "Feature", "properties": { }, "geometry": { "type": "LineString", "coordinates": [ [ 103.445217693490733, 16.127115802978402, 0.0 ], [ 103.445260416420979, 16.127053401807011, 0.0 ] ] } },
{ "type": "Feature", "properties": { }, "geometry": { "type": "LineString", "coordinates": [ [ 103.445216169009797, 16.127293616927954, 0.0 ], [ 103.445223669578908, 16.127292661970316, 0.0 ] ] } },
{ "type": "Feature", "properties": { }, "geometry": { "type": "LineString", "coordinates": [ [ 103.445215701548847, 16.127294587971058, 0.0 ], [ 103.445223791667928, 16.127293557953106, 0.0 ] ] } },
{ "type": "Feature", "properties": { }, "geometry": { "type": "LineString", "coordinates": [ [ 103.445223791667928, 16.127293557953106, 0.0 ], [ 103.445223669578908, 16.127292661970316, 0.0 ] ] } },
{ "type": "Feature", "properties": { }, "geometry": { "type": "LineString", "coordinates": [ [ 103.445224035845925, 16.127295349918686, 0.0 ], [ 103.445223791667928, 16.127293557953106, 0.0 ] ] } },
{ "type": "Feature", "properties": { }, "geometry": { "type": "LineString", "coordinates": [ [ 103.445214766626947, 16.127296530057286, 0.0 ], [ 103.445224035845925, 16.127295349918686, 0.0 ] ] } },
{ "type": "Feature", "properties": { }, "geometry": { "type": "LineString", "coordinates": [ [ 103.445216169009797, 16.127293616927954, 0.0 ], [ 103.445188835463597, 16.127242869805389, 0.0 ] ] } },
{ "type": "Feature", "properties": { }, "geometry": { "type": "LineString", "coordinates": [ [ 103.445215701548847, 16.127294587971058, 0.0 ], [ 103.445187908541939, 16.127242987819137, 0.0 ] ] } },
{ "type": "Feature", "properties": { }, "geometry": { "type": "LineString", "coordinates": [ [ 103.445214766626947, 16.127296530057286, 0.0 ], [ 103.445186054698638, 16.127243223846619, 0.0 ] ] } },
{ "type": "Feature", "properties": { }, "geometry": { "type": "LineString", "coordinates": [ [ 103.445101983543921, 16.127308154761689, 0.0 ], [ 103.44509398159218, 16.12730917354958, 0.0 ] ] } },
{ "type": "Feature", "properties": { }, "geometry": { "type": "LineString", "coordinates": [ [ 103.44510252805506, 16.127308996962725, 0.0 ], [ 103.445094103680589, 16.127310069532395, 0.0 ] ] } },
{ "type": "Feature", "properties": { }, "geometry": { "type": "LineString", "coordinates": [ [ 103.445094103680589, 16.127310069532395, 0.0 ], [ 103.44509398159218, 16.12730917354958, 0.0 ] ] } },
{ "type": "Feature", "properties": { }, "geometry": { "type": "LineString", "coordinates": [ [ 103.44509434785742, 16.127311861498018, 0.0 ], [ 103.445094103680589, 16.127310069532395, 0.0 ] ] } },
{ "type": "Feature", "properties": { }, "geometry": { "type": "LineString", "coordinates": [ [ 103.445103617077351, 16.127310681364794, 0.0 ], [ 103.44509434785742, 16.127311861498018, 0.0 ] ] } },
{ "type": "Feature", "properties": { }, "geometry": { "type": "LineString", "coordinates": [ [ 103.445214766626947, 16.127296530057286, 0.0 ], [ 103.445103617077351, 16.127310681364794, 0.0 ] ] } },
{ "type": "Feature", "properties": { }, "geometry": { "type": "LineString", "coordinates": [ [ 103.445221665085512, 16.127115297353441, 0.0 ], [ 103.445174007431177, 16.12712136503594, 0.0 ] ] } },
{ "type": "Feature", "properties": { }, "geometry": { "type": "LineString", "coordinates": [ [ 103.445190026213666, 16.127242718201558, 0.0 ], [ 103.445142368528195, 16.127248785874151, 0.0 ] ] } },
{ "type": "Feature", "properties": { }, "geometry": { "type": "LineString", "coordinates": [ [ 103.445257224415229, 16.127172466322513, 0.0 ], [ 103.445106809246539, 16.127191616875681, 0.0 ] ] } },
{ "type": "Feature", "properties": { }, "geometry": { "type": "LineString", "coordinates": [ [ 103.44510252805506, 16.127308996962725, 0.0 ], [ 103.445143883722125, 16.127248592963131, 0.0 ] ] } },
{ "type": "Feature", "properties": { }, "geometry": { "type": "LineString", "coordinates": [ [ 103.445142655538845, 16.127248749332615, 0.0 ], [ 103.445101983543921, 16.127308154761689, 0.0 ] ] } },
{ "type": "Feature", "properties": { }, "geometry": { "type": "LineString", "coordinates": [ [ 103.445142368528195, 16.127248785874151, 0.0 ], [ 103.445174007431177, 16.12712136503594, 0.0 ] ] } },
{ "type": "Feature", "properties": { }, "geometry": { "type": "LineString", "coordinates": [ [ 103.445146340088698, 16.127248280224151, 0.0 ], [ 103.445103617077351, 16.127310681364794, 0.0 ] ] } },
{ "type": "Feature", "properties": { }, "geometry": { "type": "LineString", "coordinates": [ [ 103.445146340088698, 16.127248280224155, 0.0 ], [ 103.445177978903232, 16.127120859396044, 0.0 ] ] } },
{ "type": "Feature", "properties": { }, "geometry": { "type": "LineString", "coordinates": [ [ 103.445186054698638, 16.127243223846619, 0.0 ], [ 103.445217693573071, 16.127115802999334, 0.0 ] ] } },
{ "type": "Feature", "properties": { }, "geometry": { "type": "LineString", "coordinates": [ [ 103.445221665085512, 16.127115297353441, 0.0 ], [ 103.445190026213666, 16.127242718201558, 0.0 ] ] } },
{ "type": "Feature", "properties": { }, "geometry": { "type": "LineString", "coordinates": [ [ 103.445142368573272, 16.12724878586841, 0.0 ], [ 103.445173835692302, 16.127122056864305, 0.0 ] ] } },
{ "type": "Feature", "properties": { }, "geometry": { "type": "LineString", "coordinates": [ [ 103.434572667567082, 16.128532527205085, 0.0 ], [ 103.434528174942798, 16.12853818959751, 0.0 ] ] } },
{ "type": "Feature", "properties": { }, "geometry": { "type": "LineString", "coordinates": [ [ 103.434578289140987, 16.128349508510102, 0.0 ], [ 103.434473728895853, 16.128362815468833, 0.0 ] ] } },
{ "type": "Feature", "properties": { }, "geometry": { "type": "LineString", "coordinates": [ [ 103.434627105544891, 16.128707902360027, 0.0 ], [ 103.434522545110397, 16.128721209325956, -0.000000000036635 ] ] } },
{ "type": "Feature", "properties": { }, "geometry": { "type": "LineString", "coordinates": [ [ 103.434520223624148, 16.12871877022252, 0.0 ], [ 103.434541111054997, 16.128627694897286, 0.0 ] ] } },
{ "type": "Feature", "properties": { }, "geometry": { "type": "LineString", "coordinates": [ [ 103.434584505577334, 16.128619437708636, 0.0 ], [ 103.434540012933496, 16.128625100101797, 0.0 ] ] } },
{ "type": "Feature", "properties": { }, "geometry": { "type": "LineString", "coordinates": [ [ 103.434513267571887, 16.128722390036614, 0.0 ], [ 103.434513023490595, 16.128720598067339, 0.0 ] ] } },
{ "type": "Feature", "properties": { }, "geometry": { "type": "LineString", "coordinates": [ [ 103.434522536877452, 16.128721210373737, 0.0 ], [ 103.434513267571887, 16.128722390036614, 0.0 ] ] } },
{ "type": "Feature", "properties": { }, "geometry": { "type": "LineString", "coordinates": [ [ 103.434544078543212, 16.12862731723774, 0.0 ], [ 103.434522545110397, 16.128721209325956, 0.0 ] ] } },
{ "type": "Feature", "properties": { }, "geometry": { "type": "LineString", "coordinates": [ [ 103.434521002941537, 16.128719582558489, 0.0 ], [ 103.43454210570637, 16.128627568312261, 0.0 ] ] } },
{ "type": "Feature", "properties": { }, "geometry": { "type": "LineString", "coordinates": [ [ 103.434513023490595, 16.128720598067339, 0.0 ], [ 103.434521002941537, 16.128719582558489, 0.0 ] ] } },
{ "type": "Feature", "properties": { }, "geometry": { "type": "LineString", "coordinates": [ [ 103.434512901449963, 16.128719702082702, 0.0 ], [ 103.434513023490595, 16.128720598067339, 0.0 ] ] } },
{ "type": "Feature", "properties": { }, "geometry": { "type": "LineString", "coordinates": [ [ 103.434520223624148, 16.12871877022252, 0.0 ], [ 103.434512901449963, 16.128719702082702, 0.0 ] ] } },
{ "type": "Feature", "properties": { }, "geometry": { "type": "LineString", "coordinates": [ [ 103.434636374849561, 16.12870672269208, 0.0 ], [ 103.434636130767174, 16.128704930722854, 0.0 ] ] } },
{ "type": "Feature", "properties": { }, "geometry": { "type": "LineString", "coordinates": [ [ 103.434627105544891, 16.128707902360027, 0.0 ], [ 103.434636374849561, 16.12870672269208, 0.0 ] ] } },
{ "type": "Feature", "properties": { }, "geometry": { "type": "LineString", "coordinates": [ [ 103.434581163937779, 16.128622597534335, 0.0 ], [ 103.434627105544891, 16.128707902360027, 0.0 ] ] } },
{ "type": "Feature", "properties": { }, "geometry": { "type": "LineString", "coordinates": [ [ 103.434628159549973, 16.128705945188344, 0.0 ], [ 103.434583136774549, 16.128622346459441, 0.0 ] ] } },
{ "type": "Feature", "properties": { }, "geometry": { "type": "LineString", "coordinates": [ [ 103.434636130767174, 16.128704930722854, 0.0 ], [ 103.434628159549973, 16.128705945188344, 0.0 ] ] } },
{ "type": "Feature", "properties": { }, "geometry": { "type": "LineString", "coordinates": [ [ 103.434636008725974, 16.128704034738234, 0.0 ], [ 103.434636130767174, 16.128704930722854, 0.0 ] ] } },
{ "type": "Feature", "properties": { }, "geometry": { "type": "LineString", "coordinates": [ [ 103.434628686552514, 16.128704966602495, 0.0 ], [ 103.434636008725974, 16.128704034738234, 0.0 ] ] } },
{ "type": "Feature", "properties": { }, "geometry": { "type": "LineString", "coordinates": [ [ 103.43458412319292, 16.128622220921979, 0.0 ], [ 103.434628686552514, 16.128704966602495, 0.0 ] ] } },
{ "type": "Feature", "properties": { }, "geometry": { "type": "LineString", "coordinates": [ [ 103.434584871658089, 16.128622125667867, 0.0 ], [ 103.434540379013654, 16.128627788061053, 0.0 ] ] } },
{ "type": "Feature", "properties": { }, "geometry": { "type": "LineString", "coordinates": [ [ 103.434472139656293, 16.128365752273112, 0.0 ], [ 103.434516702919865, 16.128448497969774, 0.0 ] ] } },
{ "type": "Feature", "properties": { }, "geometry": { "type": "LineString", "coordinates": [ [ 103.434584505577334, 16.128619437708632, 0.0 ], [ 103.434540012933496, 16.128625100101793, 0.0 ] ] } },
{ "type": "Feature", "properties": { }, "geometry": { "type": "LineString", "coordinates": [ [ 103.434584871658089, 16.128622125667864, 0.0 ], [ 103.43454037901364, 16.128627788061053, 0.0 ] ] } },
{ "type": "Feature", "properties": { }, "geometry": { "type": "LineString", "coordinates": [ [ 103.434562625378163, 16.128624956860278, 0.0 ], [ 103.434538217223533, 16.128445759933523, 0.0 ] ] } },
{ "type": "Feature", "properties": { }, "geometry": { "type": "LineString", "coordinates": [ [ 103.43458450557732, 16.128619437708629, 0.0 ], [ 103.434540012933496, 16.12862510010179, 0.0 ] ] } },
{ "type": "Feature", "properties": { }, "geometry": { "type": "LineString", "coordinates": [ [ 103.434584871658089, 16.128622125667857, 0.0 ], [ 103.43454037901364, 16.128627788061046, 0.0 ] ] } },
{ "type": "Feature", "properties": { }, "geometry": { "type": "LineString", "coordinates": [ [ 103.434560829647808, 16.128445616690417, 0.0 ], [ 103.434516337043064, 16.128451279082093, 0.0 ] ] } },
{ "type": "Feature", "properties": { }, "geometry": { "type": "LineString", "coordinates": [ [ 103.434581163979857, 16.128622597528963, 0.0 ], [ 103.434556755808444, 16.128443400602844, 0.0 ] ] } },
{ "type": "Feature", "properties": { }, "geometry": { "type": "LineString", "coordinates": [ [ 103.434544086776157, 16.128627316189956, 0.0 ], [ 103.434519670405379, 16.128448120310331, 0.0 ] ] } },
{ "type": "Feature", "properties": { }, "geometry": { "type": "LineString", "coordinates": [ [ 103.434584871658089, 16.128622125667857, 0.0 ], [ 103.43454037901364, 16.128627788061046, 0.0 ] ] } },
{ "type": "Feature", "properties": { }, "geometry": { "type": "LineString", "coordinates": [ [ 103.434464451374126, 16.128363996178837, 0.0 ], [ 103.434464695454821, 16.128365788148141, 0.0 ] ] } },
{ "type": "Feature", "properties": { }, "geometry": { "type": "LineString", "coordinates": [ [ 103.434473720662893, 16.128362816516599, 0.0 ], [ 103.434464451374126, 16.128363996178837, 0.0 ] ] } },
{ "type": "Feature", "properties": { }, "geometry": { "type": "LineString", "coordinates": [ [ 103.434519670405379, 16.128448120310331, 0.0 ], [ 103.434473728895853, 16.128362815468833, 0.0 ] ] } },
{ "type": "Feature", "properties": { }, "geometry": { "type": "LineString", "coordinates": [ [ 103.434472674891452, 16.128364772639834, 0.0 ], [ 103.434517697570328, 16.128448371384788, 0.0 ] ] } },
{ "type": "Feature", "properties": { }, "geometry": { "type": "LineString", "coordinates": [ [ 103.434464695454821, 16.128365788148141, 0.0 ], [ 103.434472674891452, 16.128364772639834, 0.0 ] ] } },
{ "type": "Feature", "properties": { }, "geometry": { "type": "LineString", "coordinates": [ [ 103.434464817495169, 16.128366684132796, 0.0 ], [ 103.434464695454821, 16.128365788148141, 0.0 ] ] } },
{ "type": "Feature", "properties": { }, "geometry": { "type": "LineString", "coordinates": [ [ 103.434472139656293, 16.128365752273112, 0.0 ], [ 103.434464817495169, 16.128366684132796, 0.0 ] ] } },
{ "type": "Feature", "properties": { }, "geometry": { "type": "LineString", "coordinates": [ [ 103.434587558428859, 16.128348328842797, 0.0 ], [ 103.434587802510691, 16.128350120812062, 0.0 ] ] } },
{ "type": "Feature", "properties": { }, "geometry": { "type": "LineString", "coordinates": [ [ 103.434578289140987, 16.128349508510102, 0.0 ], [ 103.434587558428859, 16.128348328842797, 0.0 ] ] } },
{ "type": "Feature", "properties": { }, "geometry": { "type": "LineString", "coordinates": [ [ 103.434556755766366, 16.128443400608205, 0.0 ], [ 103.434578289140987, 16.128349508510102, 0.0 ] ] } },
{ "type": "Feature", "properties": { }, "geometry": { "type": "LineString", "coordinates": [ [ 103.434579831307772, 16.128351135277008, 0.0 ], [ 103.434558728601345, 16.128443149533378, 0.0 ] ] } },
{ "type": "Feature", "properties": { }, "geometry": { "type": "LineString", "coordinates": [ [ 103.434587802510691, 16.128350120812062, 0.0 ], [ 103.434579831307772, 16.128351135277008, 0.0 ] ] } },
{ "type": "Feature", "properties": { }, "geometry": { "type": "LineString", "coordinates": [ [ 103.434587924551593, 16.128351016796685, 0.0 ], [ 103.434587802510691, 16.128350120812062, 0.0 ] ] } },
{ "type": "Feature", "properties": { }, "geometry": { "type": "LineString", "coordinates": [ [ 103.434580602391193, 16.128351948660452, 0.0 ], [ 103.434587924551593, 16.128351016796685, 0.0 ] ] } },
{ "type": "Feature", "properties": { }, "geometry": { "type": "LineString", "coordinates": [ [ 103.434559715018835, 16.12844302399596, 0.0 ], [ 103.434580602391193, 16.128351948660452, 0.0 ] ] } },
{ "type": "Feature", "properties": { }, "geometry": { "type": "LineString", "coordinates": [ [ 103.43454037901364, 16.128627788061046, 0.0 ], [ 103.434584871658089, 16.128622125667857, 0.0 ] ] } },
{ "type": "Feature", "properties": { }, "geometry": { "type": "LineString", "coordinates": [ [ 103.434515970879175, 16.12844859113352, 0.0 ], [ 103.43454037901364, 16.128627788061046, 0.0 ] ] } },
{ "type": "Feature", "properties": { }, "geometry": { "type": "LineString", "coordinates": [ [ 103.434560463483308, 16.128442928741865, 0.0 ], [ 103.434515970879175, 16.12844859113352, 0.0 ] ] } },
{ "type": "Feature", "properties": { }, "geometry": { "type": "LineString", "coordinates": [ [ 103.434584871658089, 16.128622125667857, 0.0 ], [ 103.434560463483308, 16.128442928741865, 0.0 ] ] } },
{ "type": "Feature", "properties": { }, "geometry": { "type": "LineString", "coordinates": [ [ 103.431643731012528, 16.129053371756463, 0.0 ], [ 103.431564484228289, 16.129063474426719, 0.0 ] ] } },
{ "type": "Feature", "properties": { }, "geometry": { "type": "LineString", "coordinates": [ [ 103.431618346179718, 16.128996901930751, 0.0 ], [ 103.431573854810409, 16.129002573854617, 0.0 ] ] } },
{ "type": "Feature", "properties": { }, "geometry": { "type": "LineString", "coordinates": [ [ 103.43162072210508, 16.129004802913993, 0.0 ], [ 103.431573679237758, 16.129010800112049, 0.0 ] ] } },
{ "type": "Feature", "properties": { }, "geometry": { "type": "LineString", "coordinates": [ [ 103.431619343269375, 16.129002244068126, 0.0 ], [ 103.431574324594507, 16.129007983214731, 0.0 ] ] } },
{ "type": "Feature", "properties": { }, "geometry": { "type": "LineString", "coordinates": [ [ 103.43157792093109, 16.129004790115907, 0.0 ], [ 103.431564475995557, 16.129063475476258, 0.0 ], [ 103.431555206957185, 16.129064657125191, 0.0 ], [ 103.431554962464546, 16.129062865210713, 0.0 ] ] } },
{ "type": "Feature", "properties": { }, "geometry": { "type": "LineString", "coordinates": [ [ 103.431574961760589, 16.129005167361576, 0.0 ], [ 103.431562162181351, 16.129061035824424, 0.0 ], [ 103.43155484021824, 16.12906196925347, 0.0 ], [ 103.431554962464546, 16.129062865210713, 0.0 ], [ 103.431562933452753, 16.129061849041708, 0.0 ], [ 103.431575948150765, 16.129005041613027, 0.0 ] ] } },
{ "type": "Feature", "properties": { }, "geometry": { "type": "LineString", "coordinates": [ [ 103.431615005263311, 16.129000062468496, 0.0 ], [ 103.431643731012528, 16.129053371756463, 0.0 ], [ 103.431653000050204, 16.129052190103586, 0.0 ], [ 103.431652755556684, 16.12905039818914, 0.0 ] ] } },
{ "type": "Feature", "properties": { }, "geometry": { "type": "LineString", "coordinates": [ [ 103.431617964433684, 16.128999685222251, 0.0 ], [ 103.431645311347367, 16.129050435664155, 0.0 ], [ 103.431652633309923, 16.129049502231911, 0.0 ], [ 103.431652755556684, 16.12905039818914, 0.0 ], [ 103.431644784569087, 16.129051414361594, 0.0 ], [ 103.431616978043579, 16.128999810971006, 0.0 ] ] } },
{ "type": "Feature", "properties": { }, "geometry": { "type": "LineString", "coordinates": [ [ 103.431596467192662, 16.129002425770945, 0.0 ], [ 103.431604107600037, 16.129058423098051, 0.0 ] ] } },
{ "type": "Feature", "properties": { }, "geometry": { "type": "LineString", "coordinates": [ [ 103.431618712877423, 16.128999589807815, 0.0 ], [ 103.431574221507503, 16.129005261731699, 0.0 ] ] } },
{ "type": "Feature", "properties": { }, "geometry": { "type": "LineString", "coordinates": [ [ 103.431604000866855, 16.128762185655802, 0.0 ], [ 103.431524754199216, 16.128772288321613, 0.0 ] ] } },
{ "type": "Feature", "properties": { }, "geometry": { "type": "LineString", "coordinates": [ [ 103.431596467234741, 16.129002425765574, 0.0 ], [ 103.431572017950216, 16.12882323431764, 0.0 ] ] } },
{ "type": "Feature", "properties": { }, "geometry": { "type": "LineString", "coordinates": [ [ 103.431618346179704, 16.128996901930748, 0.0 ], [ 103.431573854810395, 16.12900257385461, 0.0 ] ] } },
{ "type": "Feature", "properties": { }, "geometry": { "type": "LineString", "coordinates": [ [ 103.431618712877409, 16.128999589807812, 0.0 ], [ 103.431574221507503, 16.129005261731695, 0.0 ] ] } },
{ "type": "Feature", "properties": { }, "geometry": { "type": "LineString", "coordinates": [ [ 103.431594630354169, 16.128823086226998, 0.0 ], [ 103.43155013902394, 16.128828758149375, 0.0 ] ] } },
{ "type": "Feature", "properties": { }, "geometry": { "type": "LineString", "coordinates": [ [ 103.431615005305403, 16.129000062463128, 0.0 ], [ 103.431590556004082, 16.128820871015844, 0.0 ] ] } },
{ "type": "Feature", "properties": { }, "geometry": { "type": "LineString", "coordinates": [ [ 103.431577929163808, 16.129004789066364, 0.0 ], [ 103.431553471663349, 16.128825598667337, 0.0 ] ] } },
{ "type": "Feature", "properties": { }, "geometry": { "type": "LineString", "coordinates": [ [ 103.431618712877409, 16.128999589807812, 0.0 ], [ 103.431574221507503, 16.129005261731695, 0.0 ] ] } },
{ "type": "Feature", "properties": { }, "geometry": { "type": "LineString", "coordinates": [ [ 103.431553471663349, 16.128825598667337, 0.0 ], [ 103.431524745966499, 16.128772289371145, 0.0 ], [ 103.431515476941769, 16.128773471019567, 0.0 ], [ 103.431515721433939, 16.128775262934077, 0.0 ] ] } },
{ "type": "Feature", "properties": { }, "geometry": { "type": "LineString", "coordinates": [ [ 103.431550512495534, 16.12882597591291, 0.0 ], [ 103.431523165632555, 16.128775225462686, 0.0 ], [ 103.431515843680032, 16.128776158891331, 0.0 ], [ 103.431515721433939, 16.128775262934077, 0.0 ], [ 103.431523692410551, 16.128774246765509, 0.0 ], [ 103.431551498884801, 16.128825850164386, 0.0 ] ] } },
{ "type": "Feature", "properties": { }, "geometry": { "type": "LineString", "coordinates": [ [ 103.431590555961989, 16.128820871021208, 0.0 ], [ 103.431604000866855, 16.128762185655802, 0.0 ], [ 103.431613269890903, 16.12876100400344, 0.0 ], [ 103.43161351438394, 16.128762795917925, 0.0 ] ] } },
{ "type": "Feature", "properties": { }, "geometry": { "type": "LineString", "coordinates": [ [ 103.431593515129691, 16.12882049377507, 0.0 ], [ 103.431606314678504, 16.128764625306992, 0.0 ], [ 103.431613636630487, 16.128763691875164, 0.0 ], [ 103.43161351438394, 16.128762795917925, 0.0 ], [ 103.43160554340794, 16.128763812089932, 0.0 ], [ 103.431592528740467, 16.12882061952379, 0.0 ] ] } },
{ "type": "Feature", "properties": { }, "geometry": { "type": "LineString", "coordinates": [ [ 103.431572017908124, 16.128823234323011, 0.0 ], [ 103.431564377512657, 16.128767236995166, 0.0 ] ] } },
{ "type": "Feature", "properties": { }, "geometry": { "type": "LineString", "coordinates": [ [ 103.431574221507503, 16.129005261731695, 0.0 ], [ 103.431618712877409, 16.128999589807812, 0.0 ] ] } },
{ "type": "Feature", "properties": { }, "geometry": { "type": "LineString", "coordinates": [ [ 103.431549772243116, 16.128826070283001, 0.0 ], [ 103.431574221507503, 16.129005261731695, 0.0 ] ] } },
{ "type": "Feature", "properties": { }, "geometry": { "type": "LineString", "coordinates": [ [ 103.431594263572734, 16.128820398360642, 0.0 ], [ 103.431549772243116, 16.128826070283001, 0.0 ] ] } },
{ "type": "Feature", "properties": { }, "geometry": { "type": "LineString", "coordinates": [ [ 103.431618712877409, 16.128999589807812, 0.0 ], [ 103.431594263572734, 16.128820398360642, 0.0 ] ] } },
{ "type": "Feature", "properties": { }, "geometry": { "type": "LineString", "coordinates": [ [ 103.426568693679386, 16.129610377346669, 0.0 ], [ 103.426616042072411, 16.129604353366112, 0.0 ] ] } },
{ "type": "Feature", "properties": { }, "geometry": { "type": "LineString", "coordinates": [ [ 103.426681782473821, 16.129417556687379, 0.0 ], [ 103.426572627611549, 16.129431444142231, 0.0 ] ] } },
{ "type": "Feature", "properties": { }, "geometry": { "type": "LineString", "coordinates": [ [ 103.42662106739273, 16.129482250563278, 0.0 ], [ 103.426711456713861, 16.129501623066286, 0.0 ] ] } },
{ "type": "Feature", "properties": { }, "geometry": { "type": "LineString", "coordinates": [ [ 103.426596747075436, 16.129488079411697, 0.0 ], [ 103.426644095438775, 16.12948205542218, 0.0 ] ] } },
{ "type": "Feature", "properties": { }, "geometry": { "type": "LineString", "coordinates": [ [ 103.426597393220661, 16.129485262558831, 0.0 ], [ 103.426644741583317, 16.129479238569104, 0.0 ] ] } },
{ "type": "Feature", "properties": { }, "geometry": { "type": "LineString", "coordinates": [ [ 103.426634528143168, 16.129423568725262, 0.0 ], [ 103.426578261010135, 16.129668863917161, 0.0 ] ] } },
{ "type": "Feature", "properties": { }, "geometry": { "type": "LineString", "coordinates": [ [ 103.426613304213674, 16.129607436220017, 0.0 ], [ 103.426641096832341, 16.129659046504038, 0.0 ], [ 103.426649187077956, 16.129658017207074, 0.0 ] ] } },
{ "type": "Feature", "properties": { }, "geometry": { "type": "LineString", "coordinates": [ [ 103.426611450341369, 16.12960767208228, 0.0 ], [ 103.426640161724023, 16.129660988491548, 0.0 ], [ 103.426649431087995, 16.129659809179039, 0.0 ], [ 103.426649187077956, 16.129658017207074, 0.0 ], [ 103.426649065072937, 16.129657121221086, 0.0 ], [ 103.4266415643865, 16.129658075510275, 0.0 ], [ 103.426614231149827, 16.12960731828888, 0.0 ] ] } },
{ "type": "Feature", "properties": { }, "geometry": { "type": "LineString", "coordinates": [ [ 103.426521737317131, 16.129676055239681, 0.0 ], [ 103.426531006682026, 16.129674875932437, 0.0 ], [ 103.426521737317131, 16.129676055239681, 0.0 ], [ 103.426521493308258, 16.129674263267667, 0.0 ] ] } },
{ "type": "Feature", "properties": { }, "geometry": { "type": "LineString", "coordinates": [ [ 103.426568363304611, 16.12961315391799, 0.0 ], [ 103.426529343955849, 16.12967235295045, 0.0 ], [ 103.426521371303807, 16.129673367281669, 0.0 ], [ 103.426521493308258, 16.129674263267667, 0.0 ], [ 103.426529898197913, 16.129673193944445, 0.0 ], [ 103.426569573333879, 16.129612999970078, 0.0 ] ] } },
{ "type": "Feature", "properties": { }, "geometry": { "type": "LineString", "coordinates": [ [ 103.426571993392301, 16.129612692074371, 0.0 ], [ 103.426531006682026, 16.129674875932437, 0.0 ] ] } },
{ "type": "Feature", "properties": { }, "geometry": { "type": "LineString", "coordinates": [ [ 103.426599485091245, 16.129484996416657, 0.0 ], [ 103.42657169250387, 16.129433386129516, 0.0 ], [ 103.426563602267365, 16.129434415424335, 0.0 ] ] } },
{ "type": "Feature", "properties": { }, "geometry": { "type": "LineString", "coordinates": [ [ 103.426601338962399, 16.129484760554391, 0.0 ], [ 103.426572627611549, 16.129431444142231, 0.0 ], [ 103.426563358258193, 16.129432623452328, 0.0 ], [ 103.426563602267365, 16.129434415424335, 0.0 ], [ 103.426563724271958, 16.12943531141034, 0.0 ], [ 103.426571224950024, 16.129434357123163, 0.0 ], [ 103.426598558155675, 16.129485114347784, 0.0 ] ] } },
{ "type": "Feature", "properties": { }, "geometry": { "type": "LineString", "coordinates": [ [ 103.426691051826253, 16.129416377371996, 0.0 ], [ 103.426681782473821, 16.129417556687379, 0.0 ], [ 103.426691051826253, 16.129416377371996, 0.0 ], [ 103.426691295836577, 16.12941816934396, 0.0 ] ] } },
{ "type": "Feature", "properties": { }, "geometry": { "type": "LineString", "coordinates": [ [ 103.426644425926924, 16.129479278729161, 0.0 ], [ 103.426683445200226, 16.129420079668215, 0.0 ], [ 103.426691417841752, 16.129419065329945, 0.0 ], [ 103.426691295836577, 16.12941816934396, 0.0 ], [ 103.426682890958091, 16.129419238674611, 0.0 ], [ 103.426643215898508, 16.129479432677563, 0.0 ] ] } },
{ "type": "Feature", "properties": { }, "geometry": { "type": "LineString", "coordinates": [ [ 103.426531006692215, 16.129674875916983, 0.0 ], [ 103.426648861237936, 16.129659881679306, 0.0 ] ] } },
{ "type": "Feature", "properties": { }, "geometry": { "type": "LineString", "coordinates": [ [ 103.426568047561773, 16.129613194074711, 0.0 ], [ 103.426615396000273, 16.129607170088661, 0.0 ] ] } },
{ "type": "Feature", "properties": { }, "geometry": { "type": "LineString", "coordinates": [ [ 103.426597393220661, 16.129485262558831, 0.0 ], [ 103.426644741583317, 16.129479238569104, 0.0 ] ] } },
{ "type": "Feature", "properties": { }, "geometry": { "type": "LineString", "coordinates": [ [ 103.426533863425902, 16.129555444231954, 0.0 ], [ 103.426678925761081, 16.129536988407907, 0.0 ] ] } },
{ "type": "Feature", "properties": { }, "geometry": { "type": "LineString", "coordinates": [ [ 103.42664474162811, 16.129479238563405, 0.0 ], [ 103.426615396000273, 16.129607170088661, 0.0 ] ] } },
{ "type": "Feature", "properties": { }, "geometry": { "type": "LineString", "coordinates": [ [ 103.426640795841749, 16.12947974057424, 0.0 ], [ 103.426681782473821, 16.129417556687379, 0.0 ] ] } },
{ "type": "Feature", "properties": { }, "geometry": { "type": "LineString", "coordinates": [ [ 103.42664079584172, 16.129479740574361, 0.0 ], [ 103.426611450296591, 16.129607672087985, 0.0 ] ] } },
{ "type": "Feature", "properties": { }, "geometry": { "type": "LineString", "coordinates": [ [ 103.426601338962399, 16.129484760554391, 0.0 ], [ 103.426571993306098, 16.129612692071063, 0.0 ] ] } },
{ "type": "Feature", "properties": { }, "geometry": { "type": "LineString", "coordinates": [ [ 103.426568047561773, 16.129613194074711, 0.0 ], [ 103.426597393220661, 16.129485262558831, 0.0 ] ] } },
{ "type": "Feature", "properties": { }, "geometry": { "type": "LineString", "coordinates": [ [ 103.426644741583317, 16.129479238569104, 0.0 ], [ 103.426615651916492, 16.12960605423967, 0.0 ] ] } },
{ "type": "Feature", "properties": { }, "geometry": { "type": "LineString", "coordinates": [ [ 103.417379852483862, 16.130719861689879, 0.0 ], [ 103.417424345748799, 16.130714202963368, 0.0 ] ] } },
{ "type": "Feature", "properties": { }, "geometry": { "type": "LineString", "coordinates": [ [ 103.417378375790108, 16.13083834746898, 0.0 ], [ 103.417457579482857, 16.130828471114487, 0.0 ] ] } },
{ "type": "Feature", "properties": { }, "geometry": { "type": "LineString", "coordinates": [ [ 103.417346627124957, 16.130605592473323, 0.0 ], [ 103.417425869024484, 16.130595514354169, 0.0 ] ] } },
{ "type": "Feature", "properties": { }, "geometry": { "type": "LineString", "coordinates": [ [ 103.417432212420238, 16.130771994154415, 0.0 ], [ 103.417387719142312, 16.130777652881417, 0.0 ] ] } },
{ "type": "Feature", "properties": { }, "geometry": { "type": "LineString", "coordinates": [ [ 103.417434585850415, 16.130779895788823, 0.0 ], [ 103.417387540965009, 16.130785879033201, 0.0 ] ] } },
{ "type": "Feature", "properties": { }, "geometry": { "type": "LineString", "coordinates": [ [ 103.417433207821247, 16.130777336551823, 0.0 ], [ 103.417388187215153, 16.130783062345163, 0.0 ] ] } },
{ "type": "Feature", "properties": { }, "geometry": { "type": "LineString", "coordinates": [ [ 103.417391792804793, 16.130779869283835, 0.0 ], [ 103.417378329256934, 16.130838550284182, 0.0 ], [ 103.417369059820942, 16.130839729183773, 0.0 ], [ 103.417368815894946, 16.130837937208675, 0.0 ] ] } },
{ "type": "Feature", "properties": { }, "geometry": { "type": "LineString", "coordinates": [ [ 103.41738883350736, 16.130780245651767, 0.0 ], [ 103.417376016209175, 16.130836109963891, 0.0 ], [ 103.417368693931962, 16.13083704122112, 0.0 ], [ 103.417368815894946, 16.130837937208675, 0.0 ], [ 103.417376787225095, 16.130836923403987, 0.0 ], [ 103.417389819939842, 16.130780120195794, 0.0 ] ] } },
{ "type": "Feature", "properties": { }, "geometry": { "type": "LineString", "coordinates": [ [ 103.417428870536895, 16.130775153677991, 0.0 ], [ 103.417457579482857, 16.130828471114487, 0.0 ], [ 103.417466848918153, 16.130827292210956, 0.0 ], [ 103.41746660499129, 16.130825500235883, 0.0 ] ] } },
{ "type": "Feature", "properties": { }, "geometry": { "type": "LineString", "coordinates": [ [ 103.417431829834229, 16.130774777309483, 0.0 ], [ 103.417459160751193, 16.130825535508773, 0.0 ], [ 103.417466483027866, 16.13082460424836, 0.0 ], [ 103.41746660499129, 16.130825500235883, 0.0 ], [ 103.417458633661766, 16.130826514044017, 0.0 ], [ 103.417430843401789, 16.130774902765658, 0.0 ] ] } },
{ "type": "Feature", "properties": { }, "geometry": { "type": "LineString", "coordinates": [ [ 103.417432578267963, 16.130774682122393, 0.0 ], [ 103.41738808498944, 16.130780340849412, 0.0 ] ] } },
{ "type": "Feature", "properties": { }, "geometry": { "type": "LineString", "coordinates": [ [ 103.417409965781488, 16.130774823519104, 0.0 ], [ 103.417394232538754, 16.130659241125631, 0.0 ] ] } },
{ "type": "Feature", "properties": { }, "geometry": { "type": "LineString", "coordinates": [ [ 103.417432212420238, 16.130771994154415, 0.0 ], [ 103.417387719142312, 16.130777652881417, 0.0 ] ] } },
{ "type": "Feature", "properties": { }, "geometry": { "type": "LineString", "coordinates": [ [ 103.417434585850415, 16.130779895788823, 0.0 ], [ 103.417387540965009, 16.130785879033201, 0.0 ] ] } },
{ "type": "Feature", "properties": { }, "geometry": { "type": "LineString", "coordinates": [ [ 103.417433207821247, 16.130777336551823, 0.0 ], [ 103.417388187215153, 16.130783062345163, 0.0 ] ] } },
{ "type": "Feature", "properties": { }, "geometry": { "type": "LineString", "coordinates": [ [ 103.417432578267963, 16.130774682122393, 0.0 ], [ 103.41738808498944, 16.130780340849412, 0.0 ] ] } },
{ "type": "Feature", "properties": { }, "geometry": { "type": "LineString", "coordinates": [ [ 103.417416479164515, 16.130656411761429, 0.0 ], [ 103.417371985912581, 16.130662070487457, 0.0 ] ] } },
{ "type": "Feature", "properties": { }, "geometry": { "type": "LineString", "coordinates": [ [ 103.417428870536895, 16.130775153677991, 0.0 ], [ 103.417412405504109, 16.130654195359654, 0.0 ] ] } },
{ "type": "Feature", "properties": { }, "geometry": { "type": "LineString", "coordinates": [ [ 103.417391792804793, 16.130779869283835, 0.0 ], [ 103.417375327794659, 16.130658910964662, 0.0 ] ] } },
{ "type": "Feature", "properties": { }, "geometry": { "type": "LineString", "coordinates": [ [ 103.417432578267963, 16.130774682122393, 0.0 ], [ 103.41738808498944, 16.130780340849412, 0.0 ] ] } },
{ "type": "Feature", "properties": { }, "geometry": { "type": "LineString", "coordinates": [ [ 103.417375327794659, 16.130658910964662, 0.0 ], [ 103.417346618891884, 16.130605593520414, 0.0 ], [ 103.41733734946682, 16.130606772419597, 0.0 ], [ 103.417337593392432, 16.130608564394723, 0.0 ] ] } },
{ "type": "Feature", "properties": { }, "geometry": { "type": "LineString", "coordinates": [ [ 103.417372368499045, 16.130659287332531, 0.0 ], [ 103.417345037624031, 16.130608529125357, 0.0 ], [ 103.417337715355245, 16.130609460382281, 0.0 ], [ 103.417337593392432, 16.130608564394723, 0.0 ], [ 103.41734556471333, 16.130607550590376, 0.0 ], [ 103.417373354930916, 16.130659161876579, 0.0 ] ] } },
{ "type": "Feature", "properties": { }, "geometry": { "type": "LineString", "coordinates": [ [ 103.417412405504109, 16.130654195359654, 0.0 ], [ 103.417425869024484, 16.130595514354169, 0.0 ], [ 103.41743513844888, 16.130594335451047, 0.0 ], [ 103.417435382375388, 16.130596127426131, 0.0 ] ] } },
{ "type": "Feature", "properties": { }, "geometry": { "type": "LineString", "coordinates": [ [ 103.417415364799623, 16.130653818991217, 0.0 ], [ 103.417428182070395, 16.130597954673782, 0.0 ], [ 103.417435504338627, 16.130597023413674, 0.0 ], [ 103.417435382375388, 16.130596127426131, 0.0 ], [ 103.417427411055087, 16.130597141233917, 0.0 ], [ 103.417414378367781, 16.130653944447364, 0.0 ] ] } },
{ "type": "Feature", "properties": { }, "geometry": { "type": "LineString", "coordinates": [ [ 103.41738808498944, 16.130780340849412, 0.0 ], [ 103.417432578267963, 16.130774682122393, 0.0 ] ] } },
{ "type": "Feature", "properties": { }, "geometry": { "type": "LineString", "coordinates": [ [ 103.417371619981566, 16.130659382530155, 0.0 ], [ 103.41738808498944, 16.130780340849412, 0.0 ] ] } },
{ "type": "Feature", "properties": { }, "geometry": { "type": "LineString", "coordinates": [ [ 103.417416113232903, 16.130653723804144, 0.0 ], [ 103.417371619981566, 16.130659382530155, 0.0 ] ] } },
{ "type": "Feature", "properties": { }, "geometry": { "type": "LineString", "coordinates": [ [ 103.417432578267963, 16.130774682122393, 0.0 ], [ 103.417416113232903, 16.130653723804144, 0.0 ] ] } },
{ "type": "Feature", "properties": { }, "geometry": { "type": "LineString", "coordinates": [ [ 103.381664972172203, 16.135210268100487, 0.0 ], [ 103.381620492648139, 16.13521602882571, 0.0 ] ] } },
{ "type": "Feature", "properties": { }, "geometry": { "type": "LineString", "coordinates": [ [ 103.381582918781149, 16.135270130849975, 0.0 ], [ 103.381715972484017, 16.135252898523294, 0.0 ] ] } },
{ "type": "Feature", "properties": { }, "geometry": { "type": "LineString", "coordinates": [ [ 103.381639101099168, 16.135314825382331, 0.0 ], [ 103.381625318859022, 16.135215403763858, 0.0 ] ] } },
{ "type": "Feature", "properties": { }, "geometry": { "type": "LineString", "coordinates": [ [ 103.381660174990998, 16.135210889403535, 0.0 ], [ 103.381673957248665, 16.135310311021357, 0.0 ] ] } },
{ "type": "Feature", "properties": { }, "geometry": { "type": "LineString", "coordinates": [ [ 103.381634281170079, 16.135315449630387, 0.0 ], [ 103.381621601043065, 16.135371342272609, 0.0 ], [ 103.381614281025733, 16.135372290315836, 0.0 ] ] } },
{ "type": "Feature", "properties": { }, "geometry": { "type": "LineString", "coordinates": [ [ 103.381635267298108, 16.135315321913058, 0.0 ], [ 103.38162237405993, 16.135372153927495, 0.0 ], [ 103.381614405189993, 16.135373186006092, 0.0 ] ] } },
{ "type": "Feature", "properties": { }, "geometry": { "type": "LineString", "coordinates": [ [ 103.38163723955418, 16.135315066478388, 0.0 ], [ 103.381623920093688, 16.135373777237248, 0.0 ], [ 103.381614653518525, 16.135374977386604, 0.0 ], [ 103.381614405189993, 16.135373186006092, 0.0 ], [ 103.381614281025733, 16.135372290315836, 0.0 ] ] } },
{ "type": "Feature", "properties": { }, "geometry": { "type": "LineString", "coordinates": [ [ 103.38167876071654, 16.135309688904318, 0.0 ], [ 103.381706216414003, 16.135360383395589, 0.0 ], [ 103.381713536430766, 16.135359435349116, 0.0 ] ] } },
{ "type": "Feature", "properties": { }, "geometry": { "type": "LineString", "coordinates": [ [ 103.381677774588525, 16.135309816621856, 0.0 ], [ 103.381705691726154, 16.135361363121461, 0.0 ], [ 103.381713660595466, 16.135360331039358, 0.0 ] ] } },
{ "type": "Feature", "properties": { }, "geometry": { "type": "LineString", "coordinates": [ [ 103.381675802332538, 16.135310072056903, 0.0 ], [ 103.381704642350456, 16.135363322573205, 0.0 ], [ 103.381713908924894, 16.135362122419846, 0.0 ], [ 103.381713660595466, 16.135360331039355, 0.0 ], [ 103.381713536430766, 16.135359435349116, 0.0 ] ] } },
{ "type": "Feature", "properties": { }, "geometry": { "type": "LineString", "coordinates": [ [ 103.38167876071654, 16.135309688904318, 0.0 ], [ 103.381634281170079, 16.135315449630387, 0.0 ] ] } },
{ "type": "Feature", "properties": { }, "geometry": { "type": "LineString", "coordinates": [ [ 103.381704642350456, 16.135363322573205, 0.0 ], [ 103.381623928324203, 16.135373776171289, 0.0 ] ] } },
{ "type": "Feature", "properties": { }, "geometry": { "type": "LineString", "coordinates": [ [ 103.381620120155347, 16.135213341754937, 0.0 ], [ 103.381592664497489, 16.135162647255758, 0.0 ], [ 103.381585344487888, 16.135163595298696, 0.0 ] ] } },
{ "type": "Feature", "properties": { }, "geometry": { "type": "LineString", "coordinates": [ [ 103.381621106282864, 16.135213214037627, 0.0 ], [ 103.381593189185253, 16.135161667530145, 0.0 ], [ 103.381585220323799, 16.135162699608433, 0.0 ] ] } },
{ "type": "Feature", "properties": { }, "geometry": { "type": "LineString", "coordinates": [ [ 103.381623078537913, 16.135212958603002, 0.0 ], [ 103.381594238560737, 16.13515970807892, 0.0 ], [ 103.381584971995608, 16.135160908227899, 0.0 ], [ 103.381585220323799, 16.135162699608433, 0.0 ], [ 103.381585344487888, 16.135163595298696, 0.0 ] ] } },
{ "type": "Feature", "properties": { }, "geometry": { "type": "LineString", "coordinates": [ [ 103.381664599678814, 16.135207581029732, 0.0 ], [ 103.381677279779112, 16.135151688382074, 0.0 ], [ 103.38168459978813, 16.135150740335902, 0.0 ] ] } },
{ "type": "Feature", "properties": { }, "geometry": { "type": "LineString", "coordinates": [ [ 103.381663613551325, 16.135207708747242, 0.0 ], [ 103.381676506762773, 16.13515087672744, 0.0 ], [ 103.381684475623601, 16.13514984464565, 0.0 ] ] } },
{ "type": "Feature", "properties": { }, "geometry": { "type": "LineString", "coordinates": [ [ 103.381661641296361, 16.135207964182264, 0.0 ], [ 103.381674960730095, 16.135149253418142, 0.0 ], [ 103.381684227294514, 16.135148053265144, 0.0 ], [ 103.381684475623601, 16.13514984464565, 0.0 ], [ 103.38168459978813, 16.135150740335909, 0.0 ] ] } },
{ "type": "Feature", "properties": { }, "geometry": { "type": "LineString", "coordinates": [ [ 103.381634605930358, 16.135154479938553, 0.0 ], [ 103.381664285338033, 16.135368549376164, 0.0 ] ] } },
{ "type": "Feature", "properties": { }, "geometry": { "type": "LineString", "coordinates": [ [ 103.381664599678814, 16.135207581029732, 0.0 ], [ 103.381620120155347, 16.135213341754937, 0.0 ] ] } },
{ "type": "Feature", "properties": { }, "geometry": { "type": "LineString", "coordinates": [ [ 103.381674960730095, 16.135149253418142, 0.0 ], [ 103.381594246791266, 16.135159707012949, 0.0 ] ] } },
{ "type": "Feature", "properties": { }, "geometry": { "type": "LineString", "coordinates": [ [ 103.38167876071654, 16.135309688904318, 0.0 ], [ 103.381664603649568, 16.135207563527032, 0.0 ] ] } },
{ "type": "Feature", "properties": { }, "geometry": { "type": "LineString", "coordinates": [ [ 103.38163390867706, 16.135312762559622, 0.0 ], [ 103.381678388222895, 16.135307001833578, 0.0 ] ] } },
{ "type": "Feature", "properties": { }, "geometry": { "type": "LineString", "coordinates": [ [ 103.381620126439586, 16.135213340941043, 0.0 ], [ 103.381634281170079, 16.135315449630387, 0.0 ] ] } },
{ "type": "Feature", "properties": { }, "geometry": { "type": "LineString", "coordinates": [ [ 103.372596972509683, 16.137286101425527, 0.0 ], [ 103.372556706760037, 16.137239780345688, 0.0 ] ] } },
{ "type": "Feature", "properties": { }, "geometry": { "type": "LineString", "coordinates": [ [ 103.372630217922307, 16.137275016527948, 0.0 ], [ 103.372632314326665, 16.137214570787094, 0.0 ] ] } },
{ "type": "Feature", "properties": { }, "geometry": { "type": "LineString", "coordinates": [ [ 103.372664980905952, 16.137372403691931, 0.0 ], [ 103.372705246706587, 16.13741872475552, 0.0 ] ] } },
{ "type": "Feature", "properties": { }, "geometry": { "type": "LineString", "coordinates": [ [ 103.372629580425254, 16.137443953885818, 0.0 ], [ 103.372631735477938, 16.13738348859351, 0.0 ] ] } },
{ "type": "Feature", "properties": { }, "geometry": { "type": "LineString", "coordinates": [ [ 103.372631735477938, 16.137383488593517, 0.0 ], [ 103.372596983888343, 16.137286114515362, 0.0 ] ] } },
{ "type": "Feature", "properties": { }, "geometry": { "type": "LineString", "coordinates": [ [ 103.372630223916147, 16.137275014529443, 0.0 ], [ 103.372664980905952, 16.137372403691927, 0.0 ] ] } },
{ "type": "Feature", "properties": { }, "geometry": { "type": "LineString", "coordinates": [ [ 103.372627138280194, 16.137385021419842, 0.0 ], [ 103.372626138433816, 16.137442233692031, 0.0 ], [ 103.372619156677999, 16.137444561591405, 0.0 ] ] } },
{ "type": "Feature", "properties": { }, "geometry": { "type": "LineString", "coordinates": [ [ 103.372628078838758, 16.137384707812959, 0.0 ], [ 103.372627062188513, 16.137442881635959, 0.0 ], [ 103.372619461563886, 16.137445415882336, 0.0 ] ] } },
{ "type": "Feature", "properties": { }, "geometry": { "type": "LineString", "coordinates": [ [ 103.372629959955859, 16.137384080599162, 0.0 ], [ 103.372628909697909, 16.137444177523822, 0.0 ], [ 103.37262007133566, 16.137447124464199, 0.0 ], [ 103.372619461563886, 16.137445415882336, 0.0 ], [ 103.372619156677999, 16.137444561591405, 0.0 ] ] } },
{ "type": "Feature", "properties": { }, "geometry": { "type": "LineString", "coordinates": [ [ 103.372669562402791, 16.137370876099659, 0.0 ], [ 103.372706843680575, 16.137415324437921, 0.0 ], [ 103.372713825434587, 16.137412996535485, 0.0 ] ] } },
{ "type": "Feature", "properties": { }, "geometry": { "type": "LineString", "coordinates": [ [ 103.372668621844355, 16.137371189706744, 0.0 ], [ 103.372706529698178, 16.137416385076001, 0.0 ], [ 103.372714130320844, 16.13741385082632, 0.0 ] ] } },
{ "type": "Feature", "properties": { }, "geometry": { "type": "LineString", "coordinates": [ [ 103.372666740727439, 16.137371816920894, 0.0 ], [ 103.372705901733383, 16.13741850635218, 0.0 ], [ 103.3727147400934, 16.137415559407994, 0.0 ], [ 103.372714130320844, 16.137413850826317, 0.0 ], [ 103.372713825434587, 16.137412996535481, 0.0 ] ] } },
{ "type": "Feature", "properties": { }, "geometry": { "type": "LineString", "coordinates": [ [ 103.372631735477938, 16.13738348859351, 0.0 ], [ 103.372629580425254, 16.137443953885828, 0.0 ] ] } },
{ "type": "Feature", "properties": { }, "geometry": { "type": "LineString", "coordinates": [ [ 103.372669562402791, 16.137370876099659, 0.0 ], [ 103.372627138280194, 16.137385021419842, 0.0 ] ] } },
{ "type": "Feature", "properties": { }, "geometry": { "type": "LineString", "coordinates": [ [ 103.372705901733383, 16.13741850635218, 0.0 ], [ 103.372628917548099, 16.137444174906364, 0.0 ] ] } },
{ "type": "Feature", "properties": { }, "geometry": { "type": "LineString", "coordinates": [ [ 103.372664980905952, 16.137372403691927, 0.0 ], [ 103.372705246706587, 16.13741872475552, 0.0 ] ] } },
{ "type": "Feature", "properties": { }, "geometry": { "type": "LineString", "coordinates": [ [ 103.372592375314071, 16.137287634251297, 0.0 ], [ 103.372555094084916, 16.137243185897027, 0.0 ], [ 103.372548112335707, 16.137245513794678, 0.0 ] ] } },
{ "type": "Feature", "properties": { }, "geometry": { "type": "LineString", "coordinates": [ [ 103.372593315872194, 16.137287320644511, 0.0 ], [ 103.372555408067726, 16.137242125259196, 0.0 ], [ 103.372547807450374, 16.137244659503683, 0.0 ] ] } },
{ "type": "Feature", "properties": { }, "geometry": { "type": "LineString", "coordinates": [ [ 103.372595196988442, 16.137286693430955, 0.0 ], [ 103.37255603603333, 16.137240003983532, 0.0 ], [ 103.37254719767968, 16.137242950921692, 0.0 ], [ 103.37254780745036, 16.137244659503683, 0.0 ], [ 103.372548112335707, 16.137245513794678, 0.0 ] ] } },
{ "type": "Feature", "properties": { }, "geometry": { "type": "LineString", "coordinates": [ [ 103.372634799417028, 16.137273488936231, 0.0 ], [ 103.37263579925532, 16.137216276662826, 0.0 ], [ 103.37264278100271, 16.137213948762106, 0.0 ] ] } },
{ "type": "Feature", "properties": { }, "geometry": { "type": "LineString", "coordinates": [ [ 103.372633858859018, 16.137273802543195, 0.0 ], [ 103.372634875501575, 16.137215628719009, 0.0 ], [ 103.37264247611698, 16.137213094471214, 0.0 ] ] } },
{ "type": "Feature", "properties": { }, "geometry": { "type": "LineString", "coordinates": [ [ 103.372631977742984, 16.137274429757127, 0.0 ], [ 103.372633027994112, 16.13721433283137, 0.0 ], [ 103.372641866345532, 16.137211385889419, 0.0 ], [ 103.37264247611698, 16.137213094471218, 0.0 ], [ 103.37264278100271, 16.13721394876211, 0.0 ] ] } },
{ "type": "Feature", "properties": { }, "geometry": { "type": "LineString", "coordinates": [ [ 103.372594538009736, 16.137227166412654, 0.0 ], [ 103.372667409642929, 16.137431340632983, 0.0 ] ] } },
{ "type": "Feature", "properties": { }, "geometry": { "type": "LineString", "coordinates": [ [ 103.372596972509683, 16.137286101425527, 0.0 ], [ 103.372556706760037, 16.137239780345688, 0.0 ] ] } },
{ "type": "Feature", "properties": { }, "geometry": { "type": "LineString", "coordinates": [ [ 103.372634799417028, 16.137273488936231, 0.0 ], [ 103.372592375314071, 16.137287634251297, 0.0 ] ] } },
{ "type": "Feature", "properties": { }, "geometry": { "type": "LineString", "coordinates": [ [ 103.372633027994112, 16.13721433283137, 0.0 ], [ 103.37255604388352, 16.137240001366063, 0.0 ] ] } },
{ "type": "Feature", "properties": { }, "geometry": { "type": "LineString", "coordinates": [ [ 103.372630217922307, 16.137275016527948, 0.0 ], [ 103.372632372967928, 16.137214551234525, 0.0 ] ] } },
{ "type": "Feature", "properties": { }, "geometry": { "type": "LineString", "coordinates": [ [ 103.372669562402791, 16.137370876099659, 0.0 ], [ 103.372634799730136, 16.13727347102029, 0.0 ] ] } },
{ "type": "Feature", "properties": { }, "geometry": { "type": "LineString", "coordinates": [ [ 103.372592381307896, 16.137287632252789, 0.0 ], [ 103.372627138280194, 16.137385021419842, 0.0 ] ] } },
{ "type": "Feature", "properties": { }, "geometry": { "type": "LineString", "coordinates": [ [ 103.372590850886141, 16.13728336279652, 0.0 ], [ 103.372591003328935, 16.137283789941989, 0.0 ] ] } },
{ "type": "Feature", "properties": { }, "geometry": { "type": "LineString", "coordinates": [ [ 103.368338782275615, 16.139061364170267, 0.0 ], [ 103.368347166124636, 16.139078851403198, 0.0 ] ] } },
{ "type": "Feature", "properties": { }, "geometry": { "type": "LineString", "coordinates": [ [ 103.368340996245692, 16.139057384523198, 0.0 ], [ 103.368300278012683, 16.139075622302137, 0.0 ] ] } },
{ "type": "Feature", "properties": { }, "geometry": { "type": "LineString", "coordinates": [ [ 103.368310263550754, 16.139093215094103, 0.0 ], [ 103.368308741356202, 16.139093607729667, 0.0 ], [ 103.368308692640866, 16.139093618050275, 0.0 ] ] } },
{ "type": "Feature", "properties": { }, "geometry": { "type": "LineString", "coordinates": [ [ 103.368304850491441, 16.139076562285037, 0.0 ], [ 103.368313234337833, 16.139094049519063, 0.0 ] ] } },
{ "type": "Feature", "properties": { }, "geometry": { "type": "LineString", "coordinates": [ [ 103.36834976155329, 16.139075223201409, 0.0 ], [ 103.368348470093352, 16.139076095371816, 0.0 ], [ 103.368348427967902, 16.139076121174533, 0.0 ] ] } },
{ "type": "Feature", "properties": { }, "geometry": { "type": "LineString", "coordinates": [ [ 103.368301631411782, 16.139140254215889, 0.0 ], [ 103.368300845216666, 16.139138614350873, 0.0 ] ] } },
{ "type": "Feature", "properties": { }, "geometry": { "type": "LineString", "coordinates": [ [ 103.368310114380407, 16.13913645467953, 0.0 ], [ 103.368301631411782, 16.139140254215889, 0.0 ] ] } },
{ "type": "Feature", "properties": { }, "geometry": { "type": "LineString", "coordinates": [ [ 103.368304842956888, 16.139076565659771, 0.0 ], [ 103.368310114380407, 16.13913645467953, 0.0 ] ] } },
{ "type": "Feature", "properties": { }, "geometry": { "type": "LineString", "coordinates": [ [ 103.368308140217536, 16.139135346907359, 0.0 ], [ 103.368303037480146, 16.139077374336246, 0.0 ] ] } },
{ "type": "Feature", "properties": { }, "geometry": { "type": "LineString", "coordinates": [ [ 103.368300845216666, 16.139138614350873, 0.0 ], [ 103.368308140217536, 16.139135346907359, 0.0 ] ] } },
{ "type": "Feature", "properties": { }, "geometry": { "type": "LineString", "coordinates": [ [ 103.368300452119115, 16.13913779441836, 0.0 ], [ 103.368300845216666, 16.139138614350873, 0.0 ] ] } },
{ "type": "Feature", "properties": { }, "geometry": { "type": "LineString", "coordinates": [ [ 103.368307153136115, 16.139134793021263, 0.0 ], [ 103.368300452119115, 16.13913779441836, 0.0 ] ] } },
{ "type": "Feature", "properties": { }, "geometry": { "type": "LineString", "coordinates": [ [ 103.368302134741754, 16.139077778674469, 0.0 ], [ 103.368307153136115, 16.139134793021263, 0.0 ] ] } },
{ "type": "Feature", "properties": { }, "geometry": { "type": "LineString", "coordinates": [ [ 103.368391131055574, 16.139100167144939, 0.0 ], [ 103.368390344859819, 16.139098527280193, 0.0 ] ] } },
{ "type": "Feature", "properties": { }, "geometry": { "type": "LineString", "coordinates": [ [ 103.368382648089792, 16.139103966684811, 0.0 ], [ 103.368391131055574, 16.139100167144939, 0.0 ] ] } },
{ "type": "Feature", "properties": { }, "geometry": { "type": "LineString", "coordinates": [ [ 103.368338782314126, 16.139061364153022, 0.0 ], [ 103.368382648089792, 16.139103966684811, 0.0 ] ] } },
{ "type": "Feature", "properties": { }, "geometry": { "type": "LineString", "coordinates": [ [ 103.368383049861436, 16.139101794726781, 0.0 ], [ 103.368340587790613, 16.13906055547622, 0.0 ] ] } },
{ "type": "Feature", "properties": { }, "geometry": { "type": "LineString", "coordinates": [ [ 103.368390344859819, 16.139098527280193, 0.0 ], [ 103.368383049861436, 16.139101794726781, 0.0 ] ] } },
{ "type": "Feature", "properties": { }, "geometry": { "type": "LineString", "coordinates": [ [ 103.368389951761955, 16.139097707347826, 0.0 ], [ 103.368390344859819, 16.139098527280193, 0.0 ] ] } },
{ "type": "Feature", "properties": { }, "geometry": { "type": "LineString", "coordinates": [ [ 103.368383250747229, 16.139100708747765, 0.0 ], [ 103.368389951761955, 16.139097707347826, 0.0 ] ] } },
{ "type": "Feature", "properties": { }, "geometry": { "type": "LineString", "coordinates": [ [ 103.368341490528863, 16.139060151137819, 0.0 ], [ 103.368383250747229, 16.139100708747765, 0.0 ] ] } },
{ "type": "Feature", "properties": { }, "geometry": { "type": "LineString", "coordinates": [ [ 103.368285714127367, 16.138950673285876, 0.0 ], [ 103.368277330288279, 16.138933186051318, 0.0 ] ] } },
{ "type": "Feature", "properties": { }, "geometry": { "type": "LineString", "coordinates": [ [ 103.368340996245692, 16.139057384523195, 0.0 ], [ 103.368300278012683, 16.139075622302133, 0.0 ] ] } },
{ "type": "Feature", "properties": { }, "geometry": { "type": "LineString", "coordinates": [ [ 103.368290286680235, 16.138951613234326, 0.0 ], [ 103.368249568466112, 16.138969851005307, 0.0 ] ] } },
{ "type": "Feature", "properties": { }, "geometry": { "type": "LineString", "coordinates": [ [ 103.368338782352637, 16.139061364135763, 0.0 ], [ 103.36828571420439, 16.138950673251372, 0.0 ] ] } },
{ "type": "Feature", "properties": { }, "geometry": { "type": "LineString", "coordinates": [ [ 103.368304850491441, 16.139076562285037, 0.0 ], [ 103.368251782359664, 16.138965871393705, 0.0 ] ] } },
{ "type": "Feature", "properties": { }, "geometry": { "type": "LineString", "coordinates": [ [ 103.368240803133105, 16.138952012341317, 0.0 ], [ 103.368242094592588, 16.138951140171525, 0.0 ], [ 103.368242136718024, 16.138951114368826, 0.0 ] ] } },
{ "type": "Feature", "properties": { }, "geometry": { "type": "LineString", "coordinates": [ [ 103.368251782359664, 16.138965871393705, 0.0 ], [ 103.368243398523177, 16.138948384158049, 0.0 ] ] } },
{ "type": "Feature", "properties": { }, "geometry": { "type": "LineString", "coordinates": [ [ 103.368280301111383, 16.138934020459281, 0.0 ], [ 103.368281823304727, 16.1389336278238, 0.0 ], [ 103.368281872020006, 16.138933617503195, 0.0 ] ] } },
{ "type": "Feature", "properties": { }, "geometry": { "type": "LineString", "coordinates": [ [ 103.368199426146944, 16.138927071747556, 0.0 ], [ 103.368200212340511, 16.138928711612824, 0.0 ] ] } },
{ "type": "Feature", "properties": { }, "geometry": { "type": "LineString", "coordinates": [ [ 103.368207909107639, 16.138923272214537, 0.0 ], [ 103.368199426146944, 16.138927071747556, 0.0 ] ] } },
{ "type": "Feature", "properties": { }, "geometry": { "type": "LineString", "coordinates": [ [ 103.368251774825126, 16.138965874768434, 0.0 ], [ 103.368207909107639, 16.138923272214537, 0.0 ] ] } },
{ "type": "Feature", "properties": { }, "geometry": { "type": "LineString", "coordinates": [ [ 103.368207507334688, 16.138925444172134, 0.0 ], [ 103.36824996934925, 16.138966683444529, 0.0 ] ] } },
{ "type": "Feature", "properties": { }, "geometry": { "type": "LineString", "coordinates": [ [ 103.368200212340511, 16.138928711612824, 0.0 ], [ 103.368207507334688, 16.138925444172134, 0.0 ] ] } },
{ "type": "Feature", "properties": { }, "geometry": { "type": "LineString", "coordinates": [ [ 103.368200605437309, 16.138929531545454, 0.0 ], [ 103.368200212340511, 16.138928711612824, 0.0 ] ] } },
{ "type": "Feature", "properties": { }, "geometry": { "type": "LineString", "coordinates": [ [ 103.368207306448184, 16.138926530150933, 0.0 ], [ 103.368200605437309, 16.138929531545454, 0.0 ] ] } },
{ "type": "Feature", "properties": { }, "geometry": { "type": "LineString", "coordinates": [ [ 103.368249066611298, 16.138967087782571, 0.0 ], [ 103.368207306448184, 16.138926530150933, 0.0 ] ] } },
{ "type": "Feature", "properties": { }, "geometry": { "type": "LineString", "coordinates": [ [ 103.368288925707049, 16.138886984711856, 0.0 ], [ 103.368289711901255, 16.138888624576847, 0.0 ] ] } },
{ "type": "Feature", "properties": { }, "geometry": { "type": "LineString", "coordinates": [ [ 103.368280442749196, 16.1388907842484, 0.0 ], [ 103.368288925707049, 16.138886984711856, 0.0 ] ] } },
{ "type": "Feature", "properties": { }, "geometry": { "type": "LineString", "coordinates": [ [ 103.368285714165879, 16.138950673268628, 0.0 ], [ 103.368280442749196, 16.1388907842484, 0.0 ] ] } },
{ "type": "Feature", "properties": { }, "geometry": { "type": "LineString", "coordinates": [ [ 103.36828241690958, 16.138891892020609, 0.0 ], [ 103.368287519641498, 16.138949864592195, 0.0 ] ] } },
{ "type": "Feature", "properties": { }, "geometry": { "type": "LineString", "coordinates": [ [ 103.368289711901255, 16.138888624576847, 0.0 ], [ 103.36828241690958, 16.138891892020609, 0.0 ] ] } },
{ "type": "Feature", "properties": { }, "geometry": { "type": "LineString", "coordinates": [ [ 103.36829010499838, 16.138889444509356, 0.0 ], [ 103.368289711901255, 16.138888624576847, 0.0 ] ] } },
{ "type": "Feature", "properties": { }, "geometry": { "type": "LineString", "coordinates": [ [ 103.368283403989793, 16.138892445906713, 0.0 ], [ 103.36829010499838, 16.138889444509356, 0.0 ] ] } },
{ "type": "Feature", "properties": { }, "geometry": { "type": "LineString", "coordinates": [ [ 103.368288422379294, 16.138949460253983, 0.0 ], [ 103.368283403989793, 16.138892445906713, 0.0 ] ] } },
{ "type": "Feature", "properties": { }, "geometry": { "type": "LineString", "coordinates": [ [ 103.368299198051034, 16.13902182358995, 0.0 ], [ 103.368291366388817, 16.139005411407133, 0.0 ] ] } },
{ "type": "Feature", "properties": { }, "geometry": { "type": "LineString", "coordinates": [ [ 103.685827206548325, 16.118451483554129, 0.0 ], [ 103.685701184431323, 16.118410996065716, 0.0 ] ] } },
{ "type": "Feature", "properties": { }, "geometry": { "type": "LineString", "coordinates": [ [ 103.685737120086969, 16.11871350542857, 0.0 ], [ 103.685611097831099, 16.118673017876997, 0.0 ] ] } },
{ "type": "Feature", "properties": { }, "geometry": { "type": "LineString", "coordinates": [ [ 103.685674441713473, 16.118597174176806, 0.0 ], [ 103.685671538916537, 16.118600716495031, 0.0 ], [ 103.685673737601519, 16.118602400113666, 0.0 ], [ 103.685677274317428, 16.118598084216362, 0.0 ] ] } },
{ "type": "Feature", "properties": { }, "geometry": { "type": "LineString", "coordinates": [ [ 103.685679162720092, 16.11859869090938, 0.0 ], [ 103.685616763040443, 16.118674837957855, 0.0 ] ] } },
{ "type": "Feature", "properties": { }, "geometry": { "type": "LineString", "coordinates": [ [ 103.685674441713473, 16.118597174176806, 0.0 ], [ 103.685612042032645, 16.118673321223813, 0.0 ] ] } },
{ "type": "Feature", "properties": { }, "geometry": { "type": "LineString", "coordinates": [ [ 103.685673497512155, 16.118596870830277, 0.0 ], [ 103.685611097831099, 16.118673017876997, 0.0 ] ] } },
{ "type": "Feature", "properties": { }, "geometry": { "type": "LineString", "coordinates": [ [ 103.685677274317428, 16.118598084216362, 0.0 ], [ 103.685614874637324, 16.118674231264254, 0.0 ] ] } },
{ "type": "Feature", "properties": { }, "geometry": { "type": "LineString", "coordinates": [ [ 103.685733342468126, 16.118616097397663, 0.0 ], [ 103.6857334742771, 16.118620614652901, 0.0 ], [ 103.685730670457218, 16.118620691101921, 0.0 ], [ 103.685730509863589, 16.118615187358813, 0.0 ] ] } },
{ "type": "Feature", "properties": { }, "geometry": { "type": "LineString", "coordinates": [ [ 103.685728621460584, 16.118614580666229, 0.0 ], [ 103.68573145487521, 16.118711685350753, 0.0 ] ] } },
{ "type": "Feature", "properties": { }, "geometry": { "type": "LineString", "coordinates": [ [ 103.685733342468126, 16.118616097397663, 0.0 ], [ 103.685736175884998, 16.118713202082276, 0.0 ] ] } },
{ "type": "Feature", "properties": { }, "geometry": { "type": "LineString", "coordinates": [ [ 103.685734286669629, 16.118616400743932, 0.0 ], [ 103.685737120086969, 16.11871350542857, 0.0 ] ] } },
{ "type": "Feature", "properties": { }, "geometry": { "type": "LineString", "coordinates": [ [ 103.685730509863589, 16.118615187358813, 0.0 ], [ 103.685733343279125, 16.118712292043377, 0.0 ] ] } },
{ "type": "Feature", "properties": { }, "geometry": { "type": "LineString", "coordinates": [ [ 103.685709683043342, 16.118509920829332, 0.0 ], [ 103.685679162720092, 16.11859869090938, 0.0 ] ] } },
{ "type": "Feature", "properties": { }, "geometry": { "type": "LineString", "coordinates": [ [ 103.685704962038486, 16.118508404097557, 0.0 ], [ 103.685704830230037, 16.118503886842312, 0.0 ], [ 103.685707634048242, 16.118503810393502, 0.0 ], [ 103.685707794641388, 16.118509314136642, 0.0 ] ] } },
{ "type": "Feature", "properties": { }, "geometry": { "type": "LineString", "coordinates": [ [ 103.685709683043342, 16.118509920829332, 0.0 ], [ 103.685706849634428, 16.118412816143735, 0.0 ] ] } },
{ "type": "Feature", "properties": { }, "geometry": { "type": "LineString", "coordinates": [ [ 103.685704962038486, 16.118508404097557, 0.0 ], [ 103.685702128631831, 16.11841129941206, 0.0 ] ] } },
{ "type": "Feature", "properties": { }, "geometry": { "type": "LineString", "coordinates": [ [ 103.685704017837523, 16.1185081007512, 0.0 ], [ 103.685701184431323, 16.118410996065716, 0.0 ] ] } },
{ "type": "Feature", "properties": { }, "geometry": { "type": "LineString", "coordinates": [ [ 103.685707794641388, 16.118509314136642, 0.0 ], [ 103.685704961233384, 16.118412209451076, 0.0 ] ] } },
{ "type": "Feature", "properties": { }, "geometry": { "type": "LineString", "coordinates": [ [ 103.685827206548325, 16.118451483554129, 0.0 ], [ 103.685821541342804, 16.118449663479147, 0.0 ] ] } },
{ "type": "Feature", "properties": { }, "geometry": { "type": "LineString", "coordinates": [ [ 103.68576386277114, 16.118527327308417, 0.0 ], [ 103.685766765565361, 16.11852378498871, 0.0 ], [ 103.685764566880337, 16.118522101371028, 0.0 ], [ 103.685761030167683, 16.118526417270047, 0.0 ] ] } },
{ "type": "Feature", "properties": { }, "geometry": { "type": "LineString", "coordinates": [ [ 103.685759141765388, 16.118525810577779, 0.0 ], [ 103.685821541342804, 16.118449663479147, 0.0 ] ] } },
{ "type": "Feature", "properties": { }, "geometry": { "type": "LineString", "coordinates": [ [ 103.68576386277114, 16.118527327308417, 0.0 ], [ 103.685826262347405, 16.118451180208307, 0.0 ] ] } },
{ "type": "Feature", "properties": { }, "geometry": { "type": "LineString", "coordinates": [ [ 103.685764806972315, 16.118527630654526, 0.0 ], [ 103.685827206548325, 16.118451483554129, 0.0 ] ] } },
{ "type": "Feature", "properties": { }, "geometry": { "type": "LineString", "coordinates": [ [ 103.685761030167683, 16.118526417270047, 0.0 ], [ 103.685823429744644, 16.118450270170822, 0.0 ] ] } },
{ "type": "Feature", "properties": { }, "geometry": { "type": "LineString", "coordinates": [ [ 103.68575925564997, 16.118525847165802, 0.0 ], [ 103.685728735345208, 16.118614617254266, 0.0 ] ] } },
{ "type": "Feature", "properties": { }, "geometry": { "type": "LineString", "coordinates": [ [ 103.685674108951986, 16.11869326166163, 0.0 ], [ 103.685764195482776, 16.118431239818769, 0.0 ] ] } },
{ "type": "Feature", "properties": { }, "geometry": { "type": "LineString", "coordinates": [ [ 103.685765469074838, 16.118530700628874, 0.0 ], [ 103.685701586442619, 16.118510176868462, 0.0 ] ] } },
{ "type": "Feature", "properties": { }, "geometry": { "type": "LineString", "coordinates": [ [ 103.685736718065613, 16.118614324626382, 0.0 ], [ 103.685672835410912, 16.118593800855752, 0.0 ] ] } },
{ "type": "Feature", "properties": { }, "geometry": { "type": "LineString", "coordinates": [ [ 103.685735833418747, 16.118616897672361, 0.0 ], [ 103.685671950763364, 16.118596373901422, 0.0 ] ] } },
{ "type": "Feature", "properties": { }, "geometry": { "type": "LineString", "coordinates": [ [ 103.685677274317428, 16.118598084216362, 0.0 ], [ 103.685707794641388, 16.118509314136642, 0.0 ] ] } },
{ "type": "Feature", "properties": { }, "geometry": { "type": "LineString", "coordinates": [ [ 103.685730509863589, 16.118615187358813, 0.0 ], [ 103.685761030167683, 16.118526417270047, 0.0 ] ] } },
{ "type": "Feature", "properties": { }, "geometry": { "type": "LineString", "coordinates": [ [ 103.685702471089328, 16.118507603822597, 0.0 ], [ 103.685671950763364, 16.118596373901422, 0.0 ], [ 103.685735833418747, 16.118616897672361, 0.0 ], [ 103.685766353720865, 16.118528127582692, 0.0 ], [ 103.685702471089328, 16.118507603822597, 0.0 ] ] } },
{ "type": "Feature", "properties": { }, "geometry": { "type": "LineString", "coordinates": [ [ 103.685766353720865, 16.118528127582692, 0.0 ], [ 103.685702471089328, 16.118507603822597, 0.0 ] ] } },
{ "type": "Feature", "properties": { }, "geometry": { "type": "LineString", "coordinates": [ [ 103.685735833418747, 16.118616897672361, 0.0 ], [ 103.685766353720865, 16.118528127582692, 0.0 ] ] } },
{ "type": "Feature", "properties": { }, "geometry": { "type": "LineString", "coordinates": [ [ 103.648121445989943, 16.10849752288803, 0.0 ], [ 103.648261425205376, 16.108292285358534, 0.0 ] ] } },
{ "type": "Feature", "properties": { }, "geometry": { "type": "LineString", "coordinates": [ [ 103.64819897878877, 16.108329345118797, 0.0 ], [ 103.648200061971266, 16.108324949119453, 0.0 ], [ 103.648202790385326, 16.108325577396879, 0.0 ], [ 103.648201470655167, 16.108330933403991, 0.0 ] ] } },
{ "type": "Feature", "properties": { }, "geometry": { "type": "LineString", "coordinates": [ [ 103.648250794299315, 16.108362371681299, 0.0 ], [ 103.648254547049859, 16.108359677231096, 0.0 ], [ 103.648252874716349, 16.108357500526665, 0.0 ], [ 103.648248302432094, 16.108360783396623, 0.0 ] ] } },
{ "type": "Feature", "properties": { }, "geometry": { "type": "LineString", "coordinates": [ [ 103.648132076951995, 16.10842743657658, 0.0 ], [ 103.648128324198595, 16.108430131024384, 0.0 ], [ 103.648129996531225, 16.108432307729721, 0.0 ], [ 103.648134568818946, 16.108429024862591, 0.0 ] ] } },
{ "type": "Feature", "properties": { }, "geometry": { "type": "LineString", "coordinates": [ [ 103.648183892474279, 16.108460463156117, 0.0 ], [ 103.648182809290446, 16.108464859155244, 0.0 ], [ 103.64818008087461, 16.108464230877431, 0.0 ], [ 103.648181400606489, 16.108458874870625, 0.0 ] ] } },
{ "type": "Feature", "properties": { }, "geometry": { "type": "LineString", "coordinates": [ [ 103.648115673999584, 16.108346614581922, 0.0 ], [ 103.648267197308073, 16.108443193669725, 0.0 ] ] } },
{ "type": "Feature", "properties": { }, "geometry": { "type": "LineString", "coordinates": [ [ 103.648218754176966, 16.108412316636588, 0.0 ], [ 103.648164117097693, 16.108377491636205, 0.0 ] ] } },
{ "type": "Feature", "properties": { }, "geometry": { "type": "LineString", "coordinates": [ [ 103.64820313189945, 16.108331992260773, 0.0 ], [ 103.648219500214609, 16.108265562887219, 0.0 ] ] } },
{ "type": "Feature", "properties": { }, "geometry": { "type": "LineString", "coordinates": [ [ 103.64819897878877, 16.108329345118801, 0.0 ], [ 103.64821534710498, 16.108262915745637, 0.0 ] ] } },
{ "type": "Feature", "properties": { }, "geometry": { "type": "LineString", "coordinates": [ [ 103.648198148166657, 16.108328815690395, 0.0 ], [ 103.64821451648308, 16.108262386317314, 0.0 ] ] } },
{ "type": "Feature", "properties": { }, "geometry": { "type": "LineString", "coordinates": [ [ 103.648201470655167, 16.108330933403991, 0.0 ], [ 103.648217838970751, 16.108264504030593, 0.0 ] ] } },
{ "type": "Feature", "properties": { }, "geometry": { "type": "LineString", "coordinates": [ [ 103.648246641187313, 16.108359724540161, 0.0 ], [ 103.648303350207755, 16.108319007822402, 0.0 ] ] } },
{ "type": "Feature", "properties": { }, "geometry": { "type": "LineString", "coordinates": [ [ 103.648250794299315, 16.108362371681299, 0.0 ], [ 103.648307503319785, 16.108321654962438, 0.0 ] ] } },
{ "type": "Feature", "properties": { }, "geometry": { "type": "LineString", "coordinates": [ [ 103.648251624921713, 16.108362901109516, 0.0 ], [ 103.648308333942197, 16.108322184390442, 0.0 ] ] } },
{ "type": "Feature", "properties": { }, "geometry": { "type": "LineString", "coordinates": [ [ 103.648248302432094, 16.108360783396623, 0.0 ], [ 103.648305011452564, 16.10832006667842, 0.0 ] ] } },
{ "type": "Feature", "properties": { }, "geometry": { "type": "LineString", "coordinates": [ [ 103.64821451648308, 16.108262386317314, 0.0 ], [ 103.648308333942197, 16.108322184390442, 0.0 ] ] } },
{ "type": "Feature", "properties": { }, "geometry": { "type": "LineString", "coordinates": [ [ 103.648136230063614, 16.108430083719924, 0.0 ], [ 103.64807952097928, 16.108470800387867, 0.0 ] ] } },
{ "type": "Feature", "properties": { }, "geometry": { "type": "LineString", "coordinates": [ [ 103.648132076951995, 16.10842743657658, 0.0 ], [ 103.64807536786769, 16.108468153243425, 0.0 ] ] } },
{ "type": "Feature", "properties": { }, "geometry": { "type": "LineString", "coordinates": [ [ 103.648131246329683, 16.108426907147901, 0.0 ], [ 103.648074537245392, 16.108467623814526, 0.0 ] ] } },
{ "type": "Feature", "properties": { }, "geometry": { "type": "LineString", "coordinates": [ [ 103.648134568818946, 16.108429024862591, 0.0 ], [ 103.648077859734627, 16.108469741530101, 0.0 ] ] } },
{ "type": "Feature", "properties": { }, "geometry": { "type": "LineString", "coordinates": [ [ 103.648179739361339, 16.108457816013615, 0.0 ], [ 103.648163371012203, 16.10852424538075, 0.0 ] ] } },
{ "type": "Feature", "properties": { }, "geometry": { "type": "LineString", "coordinates": [ [ 103.648183892474279, 16.108460463156117, 0.0 ], [ 103.648167524126208, 16.108526892523642, 0.0 ] ] } },
{ "type": "Feature", "properties": { }, "geometry": { "type": "LineString", "coordinates": [ [ 103.648184723096875, 16.108460992584607, 0.0 ], [ 103.648168354749018, 16.108527421952207, 0.0 ] ] } },
{ "type": "Feature", "properties": { }, "geometry": { "type": "LineString", "coordinates": [ [ 103.648181400606489, 16.108458874870632, 0.0 ], [ 103.648165032257793, 16.108525304237915, 0.0 ] ] } },
{ "type": "Feature", "properties": { }, "geometry": { "type": "LineString", "coordinates": [ [ 103.648074537245392, 16.108467623814526, 0.0 ], [ 103.648168354749018, 16.108527421952207, 0.0 ] ] } },
{ "type": "Feature", "properties": { }, "geometry": { "type": "LineString", "coordinates": [ [ 103.648246741372631, 16.108359788397017, 0.0 ], [ 103.648179839546685, 16.108457879870507, 0.0 ] ] } },
{ "type": "Feature", "properties": { }, "geometry": { "type": "LineString", "coordinates": [ [ 103.648248302432094, 16.108360783396623, 0.0 ], [ 103.648181400606489, 16.108458874870625, 0.0 ] ] } },
{ "type": "Feature", "properties": { }, "geometry": { "type": "LineString", "coordinates": [ [ 103.64813612987831, 16.108430019863007, 0.0 ], [ 103.648203031714161, 16.108331928403896, 0.0 ] ] } },
{ "type": "Feature", "properties": { }, "geometry": { "type": "LineString", "coordinates": [ [ 103.648134568818946, 16.108429024862588, 0.0 ], [ 103.648201470655167, 16.108330933403998, 0.0 ] ] } },
{ "type": "Feature", "properties": { }, "geometry": { "type": "LineString", "coordinates": [ [ 103.648186847145141, 16.108459098721745, 0.0 ], [ 103.648132210059956, 16.108424273712792, 0.0 ] ] } },
{ "type": "Feature", "properties": { }, "geometry": { "type": "LineString", "coordinates": [ [ 103.648196024119954, 16.108330709553503, 0.0 ], [ 103.64825066119333, 16.108365534545321, 0.0 ] ] } },
{ "type": "Feature", "properties": { }, "geometry": { "type": "LineString", "coordinates": [ [ 103.648130666170644, 16.108426537361506, 0.0 ], [ 103.648197568007745, 16.108328445904185, 0.0 ], [ 103.648252205080823, 16.108363270895591, 0.0 ], [ 103.648185303256113, 16.108461362370878, 0.0 ], [ 103.648130666170644, 16.108426537361506, 0.0 ] ] } },
{ "type": "Feature", "properties": { }, "geometry": { "type": "LineString", "coordinates": [ [ 103.356557957660911, 16.145983274067962, 0.0 ], [ 103.356504162502205, 16.146019303480472, 0.0 ] ] } },
{ "type": "Feature", "properties": { }, "geometry": { "type": "LineString", "coordinates": [ [ 103.356618666122273, 16.14606795096449, 0.0 ], [ 103.356564870948645, 16.146103980390954, 0.0 ] ] } },
{ "type": "Feature", "properties": { }, "geometry": { "type": "LineString", "coordinates": [ [ 103.356505551544686, 16.146018373166914, 0.0 ], [ 103.356501735255591, 16.146015763441326, 0.0 ], [ 103.356503355315695, 16.146013550308524, 0.0 ], [ 103.356508005014163, 16.146016729951516, 0.0 ] ] } },
{ "type": "Feature", "properties": { }, "geometry": { "type": "LineString", "coordinates": [ [ 103.356556568618913, 16.145984204381911, 0.0 ], [ 103.356555380761776, 16.145979834259069, 0.0 ], [ 103.356552667886348, 16.145980523118308, 0.0 ], [ 103.356554115150203, 16.145985847597945, 0.0 ] ] } },
{ "type": "Feature", "properties": { }, "geometry": { "type": "LineString", "coordinates": [ [ 103.356566259991496, 16.146103050077041, 0.0 ], [ 103.356567447849343, 16.146107420199861, 0.0 ], [ 103.35657016072652, 16.146106731340591, 0.0 ], [ 103.356568713461655, 16.14610140686101, 0.0 ] ] } },
{ "type": "Feature", "properties": { }, "geometry": { "type": "LineString", "coordinates": [ [ 103.356617277079891, 16.146068881278801, 0.0 ], [ 103.356621093371643, 16.14607149100253, 0.0 ], [ 103.356619473312207, 16.146073704136299, 0.0 ], [ 103.356614823610499, 16.146070524495464, 0.0 ] ] } },
{ "type": "Feature", "properties": { }, "geometry": { "type": "LineString", "coordinates": [ [ 103.356588311885361, 16.146025612517874, 0.0 ], [ 103.356534516719194, 16.146061641937361, 0.0 ] ] } },
{ "type": "Feature", "properties": { }, "geometry": { "type": "LineString", "coordinates": [ [ 103.356505551544686, 16.14601837316691, 0.0 ], [ 103.356447882373558, 16.145978936750758, 0.0 ] ] } },
{ "type": "Feature", "properties": { }, "geometry": { "type": "LineString", "coordinates": [ [ 103.356504733721508, 16.146018920905366, 0.0 ], [ 103.356447064550423, 16.145979484489001, 0.0 ] ] } },
{ "type": "Feature", "properties": { }, "geometry": { "type": "LineString", "coordinates": [ [ 103.356508005014163, 16.146016729951516, 0.0 ], [ 103.356450335842922, 16.145977293536024, 0.0 ] ] } },
{ "type": "Feature", "properties": { }, "geometry": { "type": "LineString", "coordinates": [ [ 103.356556568618913, 16.145984204381911, 0.0 ], [ 103.356538618529015, 16.145918166037752, 0.0 ] ] } },
{ "type": "Feature", "properties": { }, "geometry": { "type": "LineString", "coordinates": [ [ 103.356557386441807, 16.145983656643224, 0.0 ], [ 103.356539436351667, 16.145917618299112, 0.0 ] ] } },
{ "type": "Feature", "properties": { }, "geometry": { "type": "LineString", "coordinates": [ [ 103.356554115150203, 16.145985847597945, 0.0 ], [ 103.356536165061058, 16.145919809253652, 0.0 ] ] } },
{ "type": "Feature", "properties": { }, "geometry": { "type": "LineString", "coordinates": [ [ 103.356447064550423, 16.145979484489001, 0.0 ], [ 103.356539436351667, 16.145917618299112, 0.0 ] ] } },
{ "type": "Feature", "properties": { }, "geometry": { "type": "LineString", "coordinates": [ [ 103.356566259991496, 16.146103050077038, 0.0 ], [ 103.356584210101389, 16.146169088420155, 0.0 ] ] } },
{ "type": "Feature", "properties": { }, "geometry": { "type": "LineString", "coordinates": [ [ 103.356565442168105, 16.146103597815706, 0.0 ], [ 103.356583392277756, 16.146169636158874, 0.0 ] ] } },
{ "type": "Feature", "properties": { }, "geometry": { "type": "LineString", "coordinates": [ [ 103.356568713461655, 16.146101406861007, 0.0 ], [ 103.356586663572301, 16.146167445203986, 0.0 ] ] } },
{ "type": "Feature", "properties": { }, "geometry": { "type": "LineString", "coordinates": [ [ 103.356617277079891, 16.146068881278801, 0.0 ], [ 103.356674946313419, 16.146108317654281, 0.0 ] ] } },
{ "type": "Feature", "properties": { }, "geometry": { "type": "LineString", "coordinates": [ [ 103.356618094903013, 16.146068333539905, 0.0 ], [ 103.356675764136583, 16.146107769915165, 0.0 ] ] } },
{ "type": "Feature", "properties": { }, "geometry": { "type": "LineString", "coordinates": [ [ 103.356614823610499, 16.146070524495464, 0.0 ], [ 103.356672492843941, 16.146109960871605, 0.0 ] ] } },
{ "type": "Feature", "properties": { }, "geometry": { "type": "LineString", "coordinates": [ [ 103.356583392277756, 16.146169636158874, 0.0 ], [ 103.356675764136583, 16.146107769915165, 0.0 ] ] } },
{ "type": "Feature", "properties": { }, "geometry": { "type": "LineString", "coordinates": [ [ 103.356554115150203, 16.145985847597945, 0.0 ], [ 103.356614823610499, 16.146070524495464, 0.0 ] ] } },
{ "type": "Feature", "properties": { }, "geometry": { "type": "LineString", "coordinates": [ [ 103.356568713461655, 16.14610140686101, 0.0 ], [ 103.356508005014163, 16.146016729951519, 0.0 ] ] } },
{ "type": "Feature", "properties": { }, "geometry": { "type": "LineString", "coordinates": [ [ 103.356617068530554, 16.146065722625281, 0.0 ], [ 103.356563273357295, 16.146101752051376, 0.0 ] ] } },
{ "type": "Feature", "properties": { }, "geometry": { "type": "LineString", "coordinates": [ [ 103.356505760092261, 16.146021531820391, 0.0 ], [ 103.356559555251351, 16.145985502407513, 0.0 ] ] } },
{ "type": "Feature", "properties": { }, "geometry": { "type": "LineString", "coordinates": [ [ 103.356564870948645, 16.146103980390954, 0.0 ], [ 103.356504162502205, 16.146019303480472, 0.0 ] ] } },
{ "type": "Feature", "properties": { }, "geometry": { "type": "LineString", "coordinates": [ [ 103.356557957660911, 16.145983274067962, 0.0 ], [ 103.356618666122273, 16.14606795096449, 0.0 ] ] } },
{ "type": "Feature", "properties": { }, "geometry": { "type": "LineString", "coordinates": [ [ 103.348002963243417, 16.151906861750611, 0.0 ], [ 103.348205125256015, 16.152120043745587, 0.0 ] ] } },
{ "type": "Feature", "properties": { }, "geometry": { "type": "LineString", "coordinates": [ [ 103.348153529561174, 16.151969616935947, 0.0 ], [ 103.34805455880921, 16.152057288585475, 0.0 ] ] } },
{ "type": "Feature", "properties": { }, "geometry": { "type": "LineString", "coordinates": [ [ 103.348178601100727, 16.15206692566554, 0.0 ], [ 103.348234627464009, 16.152093909674289, 0.0 ] ] } },
{ "type": "Feature", "properties": { }, "geometry": { "type": "LineString", "coordinates": [ [ 103.348152673683913, 16.152089893055635, 0.0 ], [ 103.3481756626513, 16.1521461427233, 0.0 ] ] } },
{ "type": "Feature", "properties": { }, "geometry": { "type": "LineString", "coordinates": [ [ 103.348029481210318, 16.151959985270199, 0.0 ], [ 103.347973454916158, 16.151933001213248, 0.0 ] ] } },
{ "type": "Feature", "properties": { }, "geometry": { "type": "LineString", "coordinates": [ [ 103.348032465440753, 16.151880727706345, 0.0 ], [ 103.348055408621448, 16.1519370178946, 0.0 ] ] } },
{ "type": "Feature", "properties": { }, "geometry": { "type": "LineString", "coordinates": [ [ 103.348057303889149, 16.151939016476124, 0.0 ], [ 103.34817670583061, 16.152064927084893, 0.0 ] ] } },
{ "type": "Feature", "properties": { }, "geometry": { "type": "LineString", "coordinates": [ [ 103.348150778413881, 16.152087894474757, 0.0 ], [ 103.348031376477948, 16.151961983851951, 0.0 ] ] } },
{ "type": "Feature", "properties": { }, "geometry": { "type": "LineString", "coordinates": [ [ 103.348058993878752, 16.15193384195199, 0.0 ], [ 103.34803633172082, 16.151880980297538, 0.0 ], [ 103.348041776641523, 16.151876157001166, 0.0 ] ] } },
{ "type": "Feature", "properties": { }, "geometry": { "type": "LineString", "coordinates": [ [ 103.348058260357021, 16.15193449173044, 0.0 ], [ 103.348035217322732, 16.151880741644746, 0.0 ], [ 103.348041144885855, 16.151875490807296, 0.0 ] ] } },
{ "type": "Feature", "properties": { }, "geometry": { "type": "LineString", "coordinates": [ [ 103.348056793313575, 16.151935791287325, 0.0 ], [ 103.348032988526569, 16.151880264339134, 0.0 ], [ 103.348039881374532, 16.15187415841956, 0.0 ], [ 103.348041144885855, 16.151875490807296, 0.0 ], [ 103.348041776641523, 16.151876157001166, 0.0 ] ] } },
{ "type": "Feature", "properties": { }, "geometry": { "type": "LineString", "coordinates": [ [ 103.34802590819649, 16.151963150365702, 0.0 ], [ 103.347973391413205, 16.151936734938747, 0.0 ], [ 103.347967946489206, 16.151941558233037, 0.0 ] ] } },
{ "type": "Feature", "properties": { }, "geometry": { "type": "LineString", "coordinates": [ [ 103.34802664171842, 16.151962500587384, 0.0 ], [ 103.347973242300284, 16.15193564120376, 0.0 ], [ 103.347967314733623, 16.151940892038958, 0.0 ] ] } },
{ "type": "Feature", "properties": { }, "geometry": { "type": "LineString", "coordinates": [ [ 103.348028108762264, 16.151961201030741, 0.0 ], [ 103.347972944074485, 16.151933453733793, 0.0 ], [ 103.347966051222457, 16.151939559650796, 0.0 ], [ 103.347967314733637, 16.151940892038962, 0.0 ], [ 103.34796794648922, 16.151941558233037, 0.0 ] ] } },
{ "type": "Feature", "properties": { }, "geometry": { "type": "LineString", "coordinates": [ [ 103.348035344508872, 16.151882467715772, 0.0 ], [ 103.348041535944944, 16.151876983130979, 0.0 ] ] } },
{ "type": "Feature", "properties": { }, "geometry": { "type": "LineString", "coordinates": [ [ 103.348055408621448, 16.1519370178946, 0.0 ], [ 103.348032465440753, 16.151880727706338, 0.0 ] ] } },
{ "type": "Feature", "properties": { }, "geometry": { "type": "LineString", "coordinates": [ [ 103.34802590819649, 16.151963150365702, 0.0 ], [ 103.348058993878752, 16.15193384195199, 0.0 ] ] } },
{ "type": "Feature", "properties": { }, "geometry": { "type": "LineString", "coordinates": [ [ 103.347972944074485, 16.151933453733793, 0.0 ], [ 103.348032982404376, 16.151880269762383, 0.0 ] ] } },
{ "type": "Feature", "properties": { }, "geometry": { "type": "LineString", "coordinates": [ [ 103.348029481210318, 16.151959985270199, 0.0 ], [ 103.347973454916158, 16.151933001213248, 0.0 ] ] } },
{ "type": "Feature", "properties": { }, "geometry": { "type": "LineString", "coordinates": [ [ 103.348182186358841, 16.152063749720941, 0.0 ], [ 103.348234703206828, 16.1520901651018, 0.0 ], [ 103.348240148129449, 16.152085341800525, 0.0 ] ] } },
{ "type": "Feature", "properties": { }, "geometry": { "type": "LineString", "coordinates": [ [ 103.348181452836954, 16.1520643994998, 0.0 ], [ 103.348234852321212, 16.15209125883673, 0.0 ], [ 103.348240779886439, 16.152086007993915, 0.0 ] ] } },
{ "type": "Feature", "properties": { }, "geometry": { "type": "LineString", "coordinates": [ [ 103.348179985793166, 16.152065699057509, 0.0 ], [ 103.348235150550011, 16.15209344630658, 0.0 ], [ 103.348242043400433, 16.152087340380685, 0.0 ], [ 103.348240779886439, 16.152086007993915, 0.0 ], [ 103.348240148129449, 16.152085341800525, 0.0 ] ] } },
{ "type": "Feature", "properties": { }, "geometry": { "type": "LineString", "coordinates": [ [ 103.348149100669289, 16.152093058153135, 0.0 ], [ 103.348171762876945, 16.152145919799612, 0.0 ], [ 103.348166317951026, 16.152150743098797, 0.0 ] ] } },
{ "type": "Feature", "properties": { }, "geometry": { "type": "LineString", "coordinates": [ [ 103.348149834191389, 16.152092408374408, 0.0 ], [ 103.348172877276724, 16.152146158451842, 0.0 ], [ 103.348166949707931, 16.152151409292394, 0.0 ] ] } },
{ "type": "Feature", "properties": { }, "geometry": { "type": "LineString", "coordinates": [ [ 103.348151301235561, 16.152091108816943, 0.0 ], [ 103.348175106076269, 16.152146635756278, 0.0 ], [ 103.348168213221768, 16.152152741679597, 0.0 ], [ 103.348166949707931, 16.15215140929239, 0.0 ], [ 103.348166317951026, 16.15215074309879, 0.0 ] ] } },
{ "type": "Feature", "properties": { }, "geometry": { "type": "LineString", "coordinates": [ [ 103.348178601100727, 16.15206692566554, 0.0 ], [ 103.348234627464009, 16.152093909674289, 0.0 ] ] } },
{ "type": "Feature", "properties": { }, "geometry": { "type": "LineString", "coordinates": [ [ 103.348147205399272, 16.152091059572228, 0.0 ], [ 103.348180291088696, 16.152061751140312, 0.0 ] ] } },
{ "type": "Feature", "properties": { }, "geometry": { "type": "LineString", "coordinates": [ [ 103.348149100669289, 16.152093058153142, 0.0 ], [ 103.348182186358841, 16.152063749720941, 0.0 ] ] } },
{ "type": "Feature", "properties": { }, "geometry": { "type": "LineString", "coordinates": [ [ 103.348175106076269, 16.152146635756278, 0.0 ], [ 103.348235144427804, 16.152093451729851, 0.0 ] ] } },
{ "type": "Feature", "properties": { }, "geometry": { "type": "LineString", "coordinates": [ [ 103.348152673683913, 16.152089893055631, 0.0 ], [ 103.348175616918141, 16.152146183235278, 0.0 ] ] } },
{ "type": "Feature", "properties": { }, "geometry": { "type": "LineString", "coordinates": [ [ 103.34802590819649, 16.151963150365702, 0.0 ], [ 103.348149100669289, 16.152093058153142, 0.0 ] ] } },
{ "type": "Feature", "properties": { }, "geometry": { "type": "LineString", "coordinates": [ [ 103.348060889146467, 16.151935840533486, 0.0 ], [ 103.348027803464078, 16.15196514894749, 0.0 ] ] } },
{ "type": "Feature", "properties": { }, "geometry": { "type": "LineString", "coordinates": [ [ 103.348182186358841, 16.152063749720941, 0.0 ], [ 103.348058993878752, 16.15193384195199, 0.0 ] ] } },
{ "type": "Feature", "properties": { }, "geometry": { "type": "LineString", "coordinates": [ [ 103.346655030787431, 16.153562965168394, 0.0 ], [ 103.346597961042974, 16.153617066380114, 0.0 ] ] } },
{ "type": "Feature", "properties": { }, "geometry": { "type": "LineString", "coordinates": [ [ 103.346572219187237, 16.153562355649456, 0.0 ], [ 103.346597955114163, 16.153617072000539, 0.0 ], [ 103.346591279994186, 16.153623399905172, 0.0 ], [ 103.346589970535362, 16.153622109615714, 0.0 ] ] } },
{ "type": "Feature", "properties": { }, "geometry": { "type": "LineString", "coordinates": [ [ 103.346570088133404, 16.1535643758539, 0.0 ], [ 103.346594588735158, 16.153616465820388, 0.0 ], [ 103.346589315805957, 16.153621464470991, 0.0 ], [ 103.346589970535362, 16.153622109615714, 0.0 ], [ 103.346595710861479, 16.153616667880446, 0.0 ], [ 103.346570798484706, 16.153563702452416, 0.0 ] ] } },
{ "type": "Feature", "properties": { }, "geometry": { "type": "LineString", "coordinates": [ [ 103.346598925556279, 16.153537038439445, 0.0 ], [ 103.346655030787431, 16.153562965168394, 0.0 ], [ 103.34666170590333, 16.15355663726136, 0.0 ], [ 103.346660396444406, 16.153555346972333, 0.0 ] ] } },
{ "type": "Feature", "properties": { }, "geometry": { "type": "LineString", "coordinates": [ [ 103.346601056609543, 16.153535018234646, 0.0 ], [ 103.346654468789026, 16.153559700480372, 0.0 ], [ 103.346659741714944, 16.153554701827815, 0.0 ], [ 103.346660396444406, 16.153555346972333, 0.0 ], [ 103.346654656121828, 16.153560788709708, 0.0 ], [ 103.346600346258455, 16.153535691636254, 0.0 ] ] } },
{ "type": "Feature", "properties": { }, "geometry": { "type": "LineString", "coordinates": [ [ 103.346585575321868, 16.153549694249108, 0.0 ], [ 103.346626495903919, 16.153590015790929, 0.0 ] ] } },
{ "type": "Feature", "properties": { }, "geometry": { "type": "LineString", "coordinates": [ [ 103.346601595602962, 16.153534507277392, 0.0 ], [ 103.346569555038329, 16.153564881219371, 0.0 ] ] } },
{ "type": "Feature", "properties": { }, "geometry": { "type": "LineString", "coordinates": [ [ 103.346448791215877, 16.15335974455882, 0.0 ], [ 103.34639172148465, 16.153413845716454, 0.0 ] ] } },
{ "type": "Feature", "properties": { }, "geometry": { "type": "LineString", "coordinates": [ [ 103.346585575352165, 16.153549694220377, 0.0 ], [ 103.346461176884418, 16.153427116693518, 0.0 ] ] } },
{ "type": "Feature", "properties": { }, "geometry": { "type": "LineString", "coordinates": [ [ 103.346475453875556, 16.153533834937306, 0.0 ], [ 103.346571298300944, 16.153442975978532, 0.0 ] ] } },
{ "type": "Feature", "properties": { }, "geometry": { "type": "LineString", "coordinates": [ [ 103.346601595602962, 16.153534507277385, 0.0 ], [ 103.346569555038329, 16.153564881219364, 0.0 ] ] } },
{ "type": "Feature", "properties": { }, "geometry": { "type": "LineString", "coordinates": [ [ 103.346598925586591, 16.153537038410711, 0.0 ], [ 103.346474527116996, 16.153414460891494, 0.0 ] ] } },
{ "type": "Feature", "properties": { }, "geometry": { "type": "LineString", "coordinates": [ [ 103.346572225116063, 16.153562350029027, 0.0 ], [ 103.346447826650191, 16.153439772494551, 0.0 ] ] } },
{ "type": "Feature", "properties": { }, "geometry": { "type": "LineString", "coordinates": [ [ 103.346601595602962, 16.153534507277385, 0.0 ], [ 103.346569555038329, 16.153564881219364, 0.0 ] ] } },
{ "type": "Feature", "properties": { }, "geometry": { "type": "LineString", "coordinates": [ [ 103.346447820721366, 16.153439778114961, 0.0 ], [ 103.346391715555825, 16.153413851336865, 0.0 ], [ 103.346385040437411, 16.153420179235166, 0.0 ], [ 103.346386349893578, 16.153421469525654, 0.0 ] ] } },
{ "type": "Feature", "properties": { }, "geometry": { "type": "LineString", "coordinates": [ [ 103.346445689667817, 16.153441798318187, 0.0 ], [ 103.346392277549668, 16.153417116025192, 0.0 ], [ 103.346387004621675, 16.153422114670892, 0.0 ], [ 103.346386349893578, 16.153421469525654, 0.0 ], [ 103.346392090218387, 16.15341602779575, 0.0 ], [ 103.346446400019019, 16.153441124917116, 0.0 ] ] } },
{ "type": "Feature", "properties": { }, "geometry": { "type": "LineString", "coordinates": [ [ 103.34647452708667, 16.153414460920231, 0.0 ], [ 103.346448791215877, 16.15335974455882, 0.0 ], [ 103.346455466330241, 16.153353416658113, 0.0 ], [ 103.346456775786521, 16.153354706948168, 0.0 ] ] } },
{ "type": "Feature", "properties": { }, "geometry": { "type": "LineString", "coordinates": [ [ 103.346476658139636, 16.15341244071665, 0.0 ], [ 103.346452157589951, 16.153360350740851, 0.0 ], [ 103.346457430514675, 16.153355352093197, 0.0 ], [ 103.346456775786521, 16.153354706948168, 0.0 ], [ 103.34645103546525, 16.153360148680182, 0.0 ], [ 103.346475947788647, 16.153413114117843, 0.0 ] ] } },
{ "type": "Feature", "properties": { }, "geometry": { "type": "LineString", "coordinates": [ [ 103.34646117685412, 16.153427116722259, 0.0 ], [ 103.346420256338973, 16.153386795154301, 0.0 ] ] } },
{ "type": "Feature", "properties": { }, "geometry": { "type": "LineString", "coordinates": [ [ 103.346569555038329, 16.153564881219364, 0.0 ], [ 103.346601595602962, 16.153534507277385, 0.0 ] ] } },
{ "type": "Feature", "properties": { }, "geometry": { "type": "LineString", "coordinates": [ [ 103.346445156572827, 16.153442303683356, 0.0 ], [ 103.346569555038329, 16.153564881219364, 0.0 ] ] } },
{ "type": "Feature", "properties": { }, "geometry": { "type": "LineString", "coordinates": [ [ 103.346477197132984, 16.153411929759699, 0.0 ], [ 103.346445156572827, 16.153442303683356, 0.0 ] ] } },
{ "type": "Feature", "properties": { }, "geometry": { "type": "LineString", "coordinates": [ [ 103.346601595602962, 16.153534507277385, 0.0 ], [ 103.346477197132984, 16.153411929759699, 0.0 ] ] } },
{ "type": "Feature", "properties": { }, "geometry": { "type": "LineString", "coordinates": [ [ 103.368382648089792, 16.139103966684811, 0.0 ], [ 103.368310121914945, 16.13913645130479, 0.0 ] ] } },
{ "type": "Feature", "properties": { }, "geometry": { "type": "LineString", "coordinates": [ [ 103.368321816384125, 16.139068963228393, 0.0 ], [ 103.368346384985827, 16.139120209006801, 0.0 ] ] } },
{ "type": "Feature", "properties": { }, "geometry": { "type": "LineString", "coordinates": [ [ 103.36834217549999, 16.139059844337776, 0.0 ], [ 103.36830145726654, 16.139078082116896, 0.0 ] ] } },
{ "type": "Feature", "properties": { }, "geometry": { "type": "LineString", "coordinates": [ [ 103.368280442749196, 16.1388907842484, 0.0 ], [ 103.368207916642177, 16.138923268839815, 0.0 ] ] } },
{ "type": "Feature", "properties": { }, "geometry": { "type": "LineString", "coordinates": [ [ 103.36832063713004, 16.13906650341373, 0.0 ], [ 103.368269927574033, 16.138960732120882, 0.0 ] ] } },
{ "type": "Feature", "properties": { }, "geometry": { "type": "LineString", "coordinates": [ [ 103.368234381179647, 16.139040895511297, 0.0 ], [ 103.368356183496701, 16.138986340006333, 0.0 ] ] } },
{ "type": "Feature", "properties": { }, "geometry": { "type": "LineString", "coordinates": [ [ 103.36834217549999, 16.139059844337769, 0.0 ], [ 103.36830145726654, 16.139078082116892, 0.0 ] ] } },
{ "type": "Feature", "properties": { }, "geometry": { "type": "LineString", "coordinates": [ [ 103.36834217549999, 16.139059844337769, 0.0 ], [ 103.36830145726654, 16.139078082116892, 0.0 ] ] } },
{ "type": "Feature", "properties": { }, "geometry": { "type": "LineString", "coordinates": [ [ 103.368268748244105, 16.13895827234052, 0.0 ], [ 103.368244179679152, 16.13890702655609, 0.0 ] ] } },
{ "type": "Feature", "properties": { }, "geometry": { "type": "LineString", "coordinates": [ [ 103.36830145726654, 16.139078082116892, 0.0 ], [ 103.36834217549999, 16.139059844337769, 0.0 ] ] } },
{ "type": "Feature", "properties": { }, "geometry": { "type": "LineString", "coordinates": [ [ 103.368248389136411, 16.138967391224856, 0.0 ], [ 103.36830145726654, 16.139078082116892, 0.0 ] ] } },
{ "type": "Feature", "properties": { }, "geometry": { "type": "LineString", "coordinates": [ [ 103.368289107350094, 16.138949153454064, 0.0 ], [ 103.368248389136411, 16.138967391224856, 0.0 ] ] } },
{ "type": "Feature", "properties": { }, "geometry": { "type": "LineString", "coordinates": [ [ 103.36834217549999, 16.139059844337769, 0.0 ], [ 103.368289107350094, 16.138949153454064, 0.0 ] ] } }
]
}
