{
"type": "FeatureCollection",
"name": "chainagelabel",
"crs": { "type": "name", "properties": { "name": "urn:ogc:def:crs:OGC:1.3:CRS84" } },
"features": [
{ "type": "Feature", "properties": { "TEXTSTRING": "123+500", "TEXT_SIZE": 2.5, "TEXT_ANGLE": 0.0 }, "geometry": { "type": "Point", "coordinates": [ 103.768551021084832, 16.209558188785586, 0.0 ] } },
{ "type": "Feature", "properties": { "TEXTSTRING": "123+400", "TEXT_SIZE": 2.5, "TEXT_ANGLE": 0.0 }, "geometry": { "type": "Point", "coordinates": [ 103.767787533503324, 16.209035965523533, 0.0 ] } },
{ "type": "Feature", "properties": { "TEXTSTRING": "123+300", "TEXT_SIZE": 2.5, "TEXT_ANGLE": 0.0 }, "geometry": { "type": "Point", "coordinates": [ 103.767024049989487, 16.208513748807153, 0.0 ] } },
{ "type": "Feature", "properties": { "TEXTSTRING": "123+200", "TEXT_SIZE": 2.5, "TEXT_ANGLE": 0.0 }, "geometry": { "type": "Point", "coordinates": [ 103.766260561245289, 16.207991529544245, 0.0 ] } },
{ "type": "Feature", "properties": { "TEXTSTRING": "123+100", "TEXT_SIZE": 2.5, "TEXT_ANGLE": 0.0 }, "geometry": { "type": "Point", "coordinates": [ 103.765497199240343, 16.207469145809817, 0.0 ] } },
{ "type": "Feature", "properties": { "TEXTSTRING": "123+000", "TEXT_SIZE": 2.5, "TEXT_ANGLE": 0.0 }, "geometry": { "type": "Point", "coordinates": [ 103.764740755795131, 16.20693749922572, 0.0 ] } },
{ "type": "Feature", "properties": { "TEXTSTRING": "122+900", "TEXT_SIZE": 2.5, "TEXT_ANGLE": 0.0 }, "geometry": { "type": "Point", "coordinates": [ 103.76399998942739, 16.206385631996387, 0.0 ] } },
{ "type": "Feature", "properties": { "TEXTSTRING": "122+800", "TEXT_SIZE": 2.5, "TEXT_ANGLE": 0.0 }, "geometry": { "type": "Point", "coordinates": [ 103.763275845016025, 16.205813540751507, 0.0 ] } },
{ "type": "Feature", "properties": { "TEXTSTRING": "122+700", "TEXT_SIZE": 2.5, "TEXT_ANGLE": 0.0 }, "geometry": { "type": "Point", "coordinates": [ 103.762568918333329, 16.2052216991327, 0.0 ] } },
{ "type": "Feature", "properties": { "TEXTSTRING": "122+600", "TEXT_SIZE": 2.5, "TEXT_ANGLE": 0.0 }, "geometry": { "type": "Point", "coordinates": [ 103.761879786419371, 16.204610580674728, 0.0 ] } },
{ "type": "Feature", "properties": { "TEXTSTRING": "122+500", "TEXT_SIZE": 2.5, "TEXT_ANGLE": 0.0 }, "geometry": { "type": "Point", "coordinates": [ 103.761208998058862, 16.203980685864504, 0.0 ] } },
{ "type": "Feature", "properties": { "TEXTSTRING": "122+400", "TEXT_SIZE": 2.5, "TEXT_ANGLE": 0.0 }, "geometry": { "type": "Point", "coordinates": [ 103.760557120663506, 16.203332524336783, 0.0 ] } },
{ "type": "Feature", "properties": { "TEXTSTRING": "122+300", "TEXT_SIZE": 2.5, "TEXT_ANGLE": 0.0 }, "geometry": { "type": "Point", "coordinates": [ 103.75992466527147, 16.20266664155157, 0.0 ] } },
{ "type": "Feature", "properties": { "TEXTSTRING": "122+200", "TEXT_SIZE": 2.5, "TEXT_ANGLE": 0.0 }, "geometry": { "type": "Point", "coordinates": [ 103.759312171071173, 16.20198356505567, 0.0 ] } },
{ "type": "Feature", "properties": { "TEXTSTRING": "122+100", "TEXT_SIZE": 2.5, "TEXT_ANGLE": 0.0 }, "geometry": { "type": "Point", "coordinates": [ 103.758720120821579, 16.201283867257615, 0.0 ] } },
{ "type": "Feature", "properties": { "TEXTSTRING": "122+000", "TEXT_SIZE": 2.5, "TEXT_ANGLE": 0.0 }, "geometry": { "type": "Point", "coordinates": [ 103.75814900672485, 16.200568102542373, 0.0 ] } },
{ "type": "Feature", "properties": { "TEXTSTRING": "121+900", "TEXT_SIZE": 2.5, "TEXT_ANGLE": 0.0 }, "geometry": { "type": "Point", "coordinates": [ 103.757599283262138, 16.199836870264271, 0.0 ] } },
{ "type": "Feature", "properties": { "TEXTSTRING": "121+800", "TEXT_SIZE": 2.5, "TEXT_ANGLE": 0.0 }, "geometry": { "type": "Point", "coordinates": [ 103.757071414301919, 16.199090760791041, 0.0 ] } },
{ "type": "Feature", "properties": { "TEXTSTRING": "121+700", "TEXT_SIZE": 2.5, "TEXT_ANGLE": 0.0 }, "geometry": { "type": "Point", "coordinates": [ 103.756565816808759, 16.198330382289409, 0.0 ] } },
{ "type": "Feature", "properties": { "TEXTSTRING": "121+600", "TEXT_SIZE": 2.5, "TEXT_ANGLE": 0.0 }, "geometry": { "type": "Point", "coordinates": [ 103.756082917022582, 16.197556352014526, 0.0 ] } },
{ "type": "Feature", "properties": { "TEXTSTRING": "121+500", "TEXT_SIZE": 2.5, "TEXT_ANGLE": 0.0 }, "geometry": { "type": "Point", "coordinates": [ 103.755623094280907, 16.196769305019217, 0.0 ] } },
{ "type": "Feature", "properties": { "TEXTSTRING": "121+400", "TEXT_SIZE": 2.5, "TEXT_ANGLE": 0.0 }, "geometry": { "type": "Point", "coordinates": [ 103.755186737141216, 16.195969894481735, 0.0 ] } },
{ "type": "Feature", "properties": { "TEXTSTRING": "121+300", "TEXT_SIZE": 2.5, "TEXT_ANGLE": 0.0 }, "geometry": { "type": "Point", "coordinates": [ 103.754774196783913, 16.195158764317267, 0.0 ] } },
{ "type": "Feature", "properties": { "TEXTSTRING": "121+200", "TEXT_SIZE": 2.5, "TEXT_ANGLE": 0.0 }, "geometry": { "type": "Point", "coordinates": [ 103.754381134566486, 16.194338618831068, 0.0 ] } },
{ "type": "Feature", "properties": { "TEXTSTRING": "121+100", "TEXT_SIZE": 2.5, "TEXT_ANGLE": 0.0 }, "geometry": { "type": "Point", "coordinates": [ 103.753990917581433, 16.193517196946619, 0.0 ] } },
{ "type": "Feature", "properties": { "TEXTSTRING": "121+000", "TEXT_SIZE": 2.5, "TEXT_ANGLE": 0.0 }, "geometry": { "type": "Point", "coordinates": [ 103.753600703569333, 16.192695783547723, 0.0 ] } },
{ "type": "Feature", "properties": { "TEXTSTRING": "120+900", "TEXT_SIZE": 2.5, "TEXT_ANGLE": 0.0 }, "geometry": { "type": "Point", "coordinates": [ 103.753210483233346, 16.191874369541566, 0.0 ] } },
{ "type": "Feature", "properties": { "TEXTSTRING": "120+800", "TEXT_SIZE": 2.5, "TEXT_ANGLE": 0.0 }, "geometry": { "type": "Point", "coordinates": [ 103.752820275279817, 16.191052955037943, 0.0 ] } },
{ "type": "Feature", "properties": { "TEXTSTRING": "120+700", "TEXT_SIZE": 2.5, "TEXT_ANGLE": 0.0 }, "geometry": { "type": "Point", "coordinates": [ 103.752430070411975, 16.19023153094404, 0.0 ] } },
{ "type": "Feature", "properties": { "TEXTSTRING": "120+600", "TEXT_SIZE": 2.5, "TEXT_ANGLE": 0.0 }, "geometry": { "type": "Point", "coordinates": [ 103.752039868515965, 16.189410115336177, 0.0 ] } },
{ "type": "Feature", "properties": { "TEXTSTRING": "120+600", "TEXT_SIZE": 2.5, "TEXT_ANGLE": 0.0 }, "geometry": { "type": "Point", "coordinates": [ 103.752031181774882, 16.18939183384019, 0.0 ] } },
{ "type": "Feature", "properties": { "TEXTSTRING": "120+540", "TEXT_SIZE": 2.5, "TEXT_ANGLE": 0.0 }, "geometry": { "type": "Point", "coordinates": [ 103.751796465555856, 16.188899253661688, 0.0 ] } },
{ "type": "Feature", "properties": { "TEXTSTRING": "120+440", "TEXT_SIZE": 2.5, "TEXT_ANGLE": 0.0 }, "geometry": { "type": "Point", "coordinates": [ 103.751391869796151, 16.188084395855505, 0.0 ] } },
{ "type": "Feature", "properties": { "TEXTSTRING": "120+340", "TEXT_SIZE": 2.5, "TEXT_ANGLE": 0.0 }, "geometry": { "type": "Point", "coordinates": [ 103.750963503746163, 16.187280967004568, 0.0 ] } },
{ "type": "Feature", "properties": { "TEXTSTRING": "120+240", "TEXT_SIZE": 2.5, "TEXT_ANGLE": 0.0 }, "geometry": { "type": "Point", "coordinates": [ 103.750512404234399, 16.186489226149298, 0.0 ] } },
{ "type": "Feature", "properties": { "TEXTSTRING": "120+140", "TEXT_SIZE": 2.5, "TEXT_ANGLE": 0.0 }, "geometry": { "type": "Point", "coordinates": [ 103.750052655126069, 16.185702133656587, 0.0 ] } },
{ "type": "Feature", "properties": { "TEXTSTRING": "120+040", "TEXT_SIZE": 2.5, "TEXT_ANGLE": 0.0 }, "geometry": { "type": "Point", "coordinates": [ 103.749602838774308, 16.184909720882196, 0.0 ] } },
{ "type": "Feature", "properties": { "TEXTSTRING": "119+940", "TEXT_SIZE": 2.5, "TEXT_ANGLE": 0.0 }, "geometry": { "type": "Point", "coordinates": [ 103.749176043653762, 16.184105511998204, 0.0 ] } },
{ "type": "Feature", "properties": { "TEXTSTRING": "119+840", "TEXT_SIZE": 2.5, "TEXT_ANGLE": 0.0 }, "geometry": { "type": "Point", "coordinates": [ 103.748772940098732, 16.183289962992337, 0.0 ] } },
{ "type": "Feature", "properties": { "TEXTSTRING": "119+740", "TEXT_SIZE": 2.5, "TEXT_ANGLE": 0.0 }, "geometry": { "type": "Point", "coordinates": [ 103.748382380776405, 16.182468711635604, 0.0 ] } },
{ "type": "Feature", "properties": { "TEXTSTRING": "119+640", "TEXT_SIZE": 2.5, "TEXT_ANGLE": 0.0 }, "geometry": { "type": "Point", "coordinates": [ 103.747992199676574, 16.181647290205031, 0.0 ] } },
{ "type": "Feature", "properties": { "TEXTSTRING": "119+540", "TEXT_SIZE": 2.5, "TEXT_ANGLE": 0.0 }, "geometry": { "type": "Point", "coordinates": [ 103.74760203095542, 16.180825868278745, 0.0 ] } },
{ "type": "Feature", "properties": { "TEXTSTRING": "119+440", "TEXT_SIZE": 2.5, "TEXT_ANGLE": 0.0 }, "geometry": { "type": "Point", "coordinates": [ 103.747211865316842, 16.180004436763717, 0.0 ] } },
{ "type": "Feature", "properties": { "TEXTSTRING": "119+340", "TEXT_SIZE": 2.5, "TEXT_ANGLE": 0.0 }, "geometry": { "type": "Point", "coordinates": [ 103.746821702646628, 16.179183013736257, 0.0 ] } },
{ "type": "Feature", "properties": { "TEXTSTRING": "119+240", "TEXT_SIZE": 2.5, "TEXT_ANGLE": 0.0 }, "geometry": { "type": "Point", "coordinates": [ 103.746431533648845, 16.178361590103279, 0.0 ] } },
{ "type": "Feature", "properties": { "TEXTSTRING": "119+140", "TEXT_SIZE": 2.5, "TEXT_ANGLE": 0.0 }, "geometry": { "type": "Point", "coordinates": [ 103.746041705338612, 16.177540014256877, 0.0 ] } },
{ "type": "Feature", "properties": { "TEXTSTRING": "119+040", "TEXT_SIZE": 2.5, "TEXT_ANGLE": 0.0 }, "geometry": { "type": "Point", "coordinates": [ 103.7456640908362, 16.176713159100412, 0.0 ] } },
{ "type": "Feature", "properties": { "TEXTSTRING": "118+940", "TEXT_SIZE": 2.5, "TEXT_ANGLE": 0.0 }, "geometry": { "type": "Point", "coordinates": [ 103.74531075663846, 16.17587635066965, 0.0 ] } },
{ "type": "Feature", "properties": { "TEXTSTRING": "118+840", "TEXT_SIZE": 2.5, "TEXT_ANGLE": 0.0 }, "geometry": { "type": "Point", "coordinates": [ 103.744981163389497, 16.175030534920189, 0.0 ] } },
{ "type": "Feature", "properties": { "TEXTSTRING": "118+740", "TEXT_SIZE": 2.5, "TEXT_ANGLE": 0.0 }, "geometry": { "type": "Point", "coordinates": [ 103.744660121987309, 16.174181623854665, 0.0 ] } },
{ "type": "Feature", "properties": { "TEXTSTRING": "118+640", "TEXT_SIZE": 2.5, "TEXT_ANGLE": 0.0 }, "geometry": { "type": "Point", "coordinates": [ 103.7443361021828, 16.173333779454452, 0.0 ] } },
{ "type": "Feature", "properties": { "TEXTSTRING": "118+540", "TEXT_SIZE": 2.5, "TEXT_ANGLE": 0.0 }, "geometry": { "type": "Point", "coordinates": [ 103.743988291619047, 16.172494823653615, 0.0 ] } },
{ "type": "Feature", "properties": { "TEXTSTRING": "118+440", "TEXT_SIZE": 2.5, "TEXT_ANGLE": 0.0 }, "geometry": { "type": "Point", "coordinates": [ 103.743612016156945, 16.171667413172454, 0.0 ] } },
{ "type": "Feature", "properties": { "TEXTSTRING": "118+320", "TEXT_SIZE": 2.5, "TEXT_ANGLE": 0.0 }, "geometry": { "type": "Point", "coordinates": [ 103.743144023260598, 16.170681622697945, 0.0 ] } },
{ "type": "Feature", "properties": { "TEXTSTRING": "118+220", "TEXT_SIZE": 2.5, "TEXT_ANGLE": 0.0 }, "geometry": { "type": "Point", "coordinates": [ 103.742753893369866, 16.169860193985663, 0.0 ] } },
{ "type": "Feature", "properties": { "TEXTSTRING": "118+120", "TEXT_SIZE": 2.5, "TEXT_ANGLE": 0.0 }, "geometry": { "type": "Point", "coordinates": [ 103.742363766501356, 16.169038764724245, 0.0 ] } },
{ "type": "Feature", "properties": { "TEXTSTRING": "118+020", "TEXT_SIZE": 2.5, "TEXT_ANGLE": 0.0 }, "geometry": { "type": "Point", "coordinates": [ 103.741973633359862, 16.16821732582045, 0.0 ] } },
{ "type": "Feature", "properties": { "TEXTSTRING": "117+920", "TEXT_SIZE": 2.5, "TEXT_ANGLE": 0.0 }, "geometry": { "type": "Point", "coordinates": [ 103.74158351253503, 16.167395895461098, 0.0 ] } },
{ "type": "Feature", "properties": { "TEXTSTRING": "117+820", "TEXT_SIZE": 2.5, "TEXT_ANGLE": 0.0 }, "geometry": { "type": "Point", "coordinates": [ 103.741193394731667, 16.166574464552951, 0.0 ] } },
{ "type": "Feature", "properties": { "TEXTSTRING": "117+720", "TEXT_SIZE": 2.5, "TEXT_ANGLE": 0.0 }, "geometry": { "type": "Point", "coordinates": [ 103.740803280006688, 16.165753024058063, 0.0 ] } },
{ "type": "Feature", "properties": { "TEXTSTRING": "117+620", "TEXT_SIZE": 2.5, "TEXT_ANGLE": 0.0 }, "geometry": { "type": "Point", "coordinates": [ 103.740413158893446, 16.16493159199738, 0.0 ] } },
{ "type": "Feature", "properties": { "TEXTSTRING": "117+520", "TEXT_SIZE": 2.5, "TEXT_ANGLE": 0.0 }, "geometry": { "type": "Point", "coordinates": [ 103.740023050152871, 16.164110159443574, 0.0 ] } },
{ "type": "Feature", "properties": { "TEXTSTRING": "117+420", "TEXT_SIZE": 2.5, "TEXT_ANGLE": 0.0 }, "geometry": { "type": "Point", "coordinates": [ 103.739632944432685, 16.163288726341449, 0.0 ] } },
{ "type": "Feature", "properties": { "TEXTSTRING": "117+320", "TEXT_SIZE": 2.5, "TEXT_ANGLE": 0.0 }, "geometry": { "type": "Point", "coordinates": [ 103.739240440784286, 16.162468363085569, 0.0 ] } },
{ "type": "Feature", "properties": { "TEXTSTRING": "117+220", "TEXT_SIZE": 2.5, "TEXT_ANGLE": 0.0 }, "geometry": { "type": "Point", "coordinates": [ 103.738829096571024, 16.161656691091107, 0.0 ] } },
{ "type": "Feature", "properties": { "TEXTSTRING": "117+120", "TEXT_SIZE": 2.5, "TEXT_ANGLE": 0.0 }, "geometry": { "type": "Point", "coordinates": [ 103.738393936344096, 16.160856708655345, 0.0 ] } },
{ "type": "Feature", "properties": { "TEXTSTRING": "117+020", "TEXT_SIZE": 2.5, "TEXT_ANGLE": 0.0 }, "geometry": { "type": "Point", "coordinates": [ 103.737935311572997, 16.160069068496924, 0.0 ] } },
{ "type": "Feature", "properties": { "TEXTSTRING": "116+920", "TEXT_SIZE": 2.5, "TEXT_ANGLE": 0.0 }, "geometry": { "type": "Point", "coordinates": [ 103.737453592468711, 16.159294414401213, 0.0 ] } },
{ "type": "Feature", "properties": { "TEXTSTRING": "116+820", "TEXT_SIZE": 2.5, "TEXT_ANGLE": 0.0 }, "geometry": { "type": "Point", "coordinates": [ 103.736949177391921, 16.158533372238242, 0.0 ] } },
{ "type": "Feature", "properties": { "TEXTSTRING": "116+720", "TEXT_SIZE": 2.5, "TEXT_ANGLE": 0.0 }, "geometry": { "type": "Point", "coordinates": [ 103.736422474034015, 16.157786567928543, 0.0 ] } },
{ "type": "Feature", "properties": { "TEXTSTRING": "116+620", "TEXT_SIZE": 2.5, "TEXT_ANGLE": 0.0 }, "geometry": { "type": "Point", "coordinates": [ 103.735873908882922, 16.157054609423056, 0.0 ] } },
{ "type": "Feature", "properties": { "TEXTSTRING": "116+520", "TEXT_SIZE": 2.5, "TEXT_ANGLE": 0.0 }, "geometry": { "type": "Point", "coordinates": [ 103.735303945925551, 16.15633808681471, 0.0 ] } },
{ "type": "Feature", "properties": { "TEXTSTRING": "116+420", "TEXT_SIZE": 2.5, "TEXT_ANGLE": 0.0 }, "geometry": { "type": "Point", "coordinates": [ 103.734713039716965, 16.155637599175858, 0.0 ] } },
{ "type": "Feature", "properties": { "TEXTSTRING": "116+320", "TEXT_SIZE": 2.5, "TEXT_ANGLE": 0.0 }, "geometry": { "type": "Point", "coordinates": [ 103.734101673073596, 16.15495370959049, 0.0 ] } },
{ "type": "Feature", "properties": { "TEXTSTRING": "116+220", "TEXT_SIZE": 2.5, "TEXT_ANGLE": 0.0 }, "geometry": { "type": "Point", "coordinates": [ 103.73347034754876, 16.154286972213693, 0.0 ] } },
{ "type": "Feature", "properties": { "TEXTSTRING": "116+120", "TEXT_SIZE": 2.5, "TEXT_ANGLE": 0.0 }, "geometry": { "type": "Point", "coordinates": [ 103.732819564672013, 16.15363794119914, 0.0 ] } },
{ "type": "Feature", "properties": { "TEXTSTRING": "116+020", "TEXT_SIZE": 2.5, "TEXT_ANGLE": 0.0 }, "geometry": { "type": "Point", "coordinates": [ 103.732149882229905, 16.153007143919247, 0.0 ] } },
{ "type": "Feature", "properties": { "TEXTSTRING": "115+920", "TEXT_SIZE": 2.5, "TEXT_ANGLE": 0.0 }, "geometry": { "type": "Point", "coordinates": [ 103.73146182069425, 16.152395089447825, 0.0 ] } },
{ "type": "Feature", "properties": { "TEXTSTRING": "115+820", "TEXT_SIZE": 2.5, "TEXT_ANGLE": 0.0 }, "geometry": { "type": "Point", "coordinates": [ 103.730755966029861, 16.151802278210756, 0.0 ] } },
{ "type": "Feature", "properties": { "TEXTSTRING": "115+720", "TEXT_SIZE": 2.5, "TEXT_ANGLE": 0.0 }, "geometry": { "type": "Point", "coordinates": [ 103.730036993891417, 16.15122433620083, 0.0 ] } },
{ "type": "Feature", "properties": { "TEXTSTRING": "115+620", "TEXT_SIZE": 2.5, "TEXT_ANGLE": 0.0 }, "geometry": { "type": "Point", "coordinates": [ 103.729316584512546, 16.150648064577268, 0.0 ] } },
{ "type": "Feature", "properties": { "TEXTSTRING": "115+520", "TEXT_SIZE": 2.5, "TEXT_ANGLE": 0.0 }, "geometry": { "type": "Point", "coordinates": [ 103.72859616995612, 16.150071799767659, 0.0 ] } },
{ "type": "Feature", "properties": { "TEXTSTRING": "115+420", "TEXT_SIZE": 2.5, "TEXT_ANGLE": 0.0 }, "geometry": { "type": "Point", "coordinates": [ 103.727875769039883, 16.149495523807751, 0.0 ] } },
{ "type": "Feature", "properties": { "TEXTSTRING": "115+320", "TEXT_SIZE": 2.5, "TEXT_ANGLE": 0.0 }, "geometry": { "type": "Point", "coordinates": [ 103.727155362945808, 16.148919254662296, 0.0 ] } },
{ "type": "Feature", "properties": { "TEXTSTRING": "115+220", "TEXT_SIZE": 2.5, "TEXT_ANGLE": 0.0 }, "geometry": { "type": "Point", "coordinates": [ 103.726434970491695, 16.14834297436715, 0.0 ] } },
{ "type": "Feature", "properties": { "TEXTSTRING": "115+120", "TEXT_SIZE": 2.5, "TEXT_ANGLE": 0.0 }, "geometry": { "type": "Point", "coordinates": [ 103.725714572859474, 16.147766700886947, 0.0 ] } },
{ "type": "Feature", "properties": { "TEXTSTRING": "115+020", "TEXT_SIZE": 2.5, "TEXT_ANGLE": 0.0 }, "geometry": { "type": "Point", "coordinates": [ 103.72499418886693, 16.147190416257672, 0.0 ] } },
{ "type": "Feature", "properties": { "TEXTSTRING": "114+920", "TEXT_SIZE": 2.5, "TEXT_ANGLE": 0.0 }, "geometry": { "type": "Point", "coordinates": [ 103.724273799753931, 16.146614129405794, 0.0 ] } },
{ "type": "Feature", "properties": { "TEXTSTRING": "114+820", "TEXT_SIZE": 2.5, "TEXT_ANGLE": 0.0 }, "geometry": { "type": "Point", "coordinates": [ 103.723553424164535, 16.146037849481527, 0.0 ] } },
{ "type": "Feature", "properties": { "TEXTSTRING": "114+720", "TEXT_SIZE": 2.5, "TEXT_ANGLE": 0.0 }, "geometry": { "type": "Point", "coordinates": [ 103.722833043512381, 16.145461558297118, 0.0 ] } },
{ "type": "Feature", "properties": { "TEXTSTRING": "114+620", "TEXT_SIZE": 2.5, "TEXT_ANGLE": 0.0 }, "geometry": { "type": "Point", "coordinates": [ 103.722112676383446, 16.144885274040934, 0.0 ] } },
{ "type": "Feature", "properties": { "TEXTSTRING": "114+520", "TEXT_SIZE": 2.5, "TEXT_ANGLE": 0.0 }, "geometry": { "type": "Point", "coordinates": [ 103.721392304191596, 16.144308978525096, 0.0 ] } },
{ "type": "Feature", "properties": { "TEXTSTRING": "114+420", "TEXT_SIZE": 2.5, "TEXT_ANGLE": 0.0 }, "geometry": { "type": "Point", "coordinates": [ 103.720671945522597, 16.143732689938101, 0.0 ] } },
{ "type": "Feature", "properties": { "TEXTSTRING": "114+320", "TEXT_SIZE": 2.5, "TEXT_ANGLE": 0.0 }, "geometry": { "type": "Point", "coordinates": [ 103.719951581790525, 16.143156390091949, 0.0 ] } },
{ "type": "Feature", "properties": { "TEXTSTRING": "114+220", "TEXT_SIZE": 2.5, "TEXT_ANGLE": 0.0 }, "geometry": { "type": "Point", "coordinates": [ 103.71923123158092, 16.142580097175252, 0.0 ] } },
{ "type": "Feature", "properties": { "TEXTSTRING": "114+120", "TEXT_SIZE": 2.5, "TEXT_ANGLE": 0.0 }, "geometry": { "type": "Point", "coordinates": [ 103.718510876308116, 16.142003792999887, 0.0 ] } },
{ "type": "Feature", "properties": { "TEXTSTRING": "114+020", "TEXT_SIZE": 2.5, "TEXT_ANGLE": 0.0 }, "geometry": { "type": "Point", "coordinates": [ 103.717790534557381, 16.141427495754588, 0.0 ] } },
{ "type": "Feature", "properties": { "TEXTSTRING": "113+920", "TEXT_SIZE": 2.5, "TEXT_ANGLE": 0.0 }, "geometry": { "type": "Point", "coordinates": [ 103.717070187743303, 16.14085118725113, 0.0 ] } },
{ "type": "Feature", "properties": { "TEXTSTRING": "113+820", "TEXT_SIZE": 2.5, "TEXT_ANGLE": 0.0 }, "geometry": { "type": "Point", "coordinates": [ 103.716349854450897, 16.140274885678327, 0.0 ] } },
{ "type": "Feature", "properties": { "TEXTSTRING": "113+720", "TEXT_SIZE": 2.5, "TEXT_ANGLE": 0.0 }, "geometry": { "type": "Point", "coordinates": [ 103.715629525445692, 16.139698572904205, 0.0 ] } },
{ "type": "Feature", "properties": { "TEXTSTRING": "113+620", "TEXT_SIZE": 2.5, "TEXT_ANGLE": 0.0 }, "geometry": { "type": "Point", "coordinates": [ 103.714909191260404, 16.139122266948686, 0.0 ] } },
{ "type": "Feature", "properties": { "TEXTSTRING": "113+520", "TEXT_SIZE": 2.5, "TEXT_ANGLE": 0.0 }, "geometry": { "type": "Point", "coordinates": [ 103.714188870712817, 16.138545949848734, 0.0 ] } },
{ "type": "Feature", "properties": { "TEXTSTRING": "113+420", "TEXT_SIZE": 2.5, "TEXT_ANGLE": 0.0 }, "geometry": { "type": "Point", "coordinates": [ 103.713468544984849, 16.137969639567878, 0.0 ] } },
{ "type": "Feature", "properties": { "TEXTSTRING": "113+320", "TEXT_SIZE": 2.5, "TEXT_ANGLE": 0.0 }, "geometry": { "type": "Point", "coordinates": [ 103.712748232894342, 16.1373933181432, 0.0 ] } },
{ "type": "Feature", "properties": { "TEXTSTRING": "113+220", "TEXT_SIZE": 2.5, "TEXT_ANGLE": 0.0 }, "geometry": { "type": "Point", "coordinates": [ 103.712027915623182, 16.13681700353812, 0.0 ] } },
{ "type": "Feature", "properties": { "TEXTSTRING": "113+120", "TEXT_SIZE": 2.5, "TEXT_ANGLE": 0.0 }, "geometry": { "type": "Point", "coordinates": [ 103.711307611989199, 16.136240677789822, 0.0 ] } },
{ "type": "Feature", "properties": { "TEXTSTRING": "113+020", "TEXT_SIZE": 2.5, "TEXT_ANGLE": 0.0 }, "geometry": { "type": "Point", "coordinates": [ 103.710587303174336, 16.135664358861614, 0.0 ] } },
{ "type": "Feature", "properties": { "TEXTSTRING": "112+920", "TEXT_SIZE": 2.5, "TEXT_ANGLE": 0.0 }, "geometry": { "type": "Point", "coordinates": [ 103.709867007996365, 16.135088028790815, 0.0 ] } },
{ "type": "Feature", "properties": { "TEXTSTRING": "112+820", "TEXT_SIZE": 2.5, "TEXT_ANGLE": 0.0 }, "geometry": { "type": "Point", "coordinates": [ 103.709146707637231, 16.134511705540582, 0.0 ] } },
{ "type": "Feature", "properties": { "TEXTSTRING": "112+720", "TEXT_SIZE": 2.5, "TEXT_ANGLE": 0.0 }, "geometry": { "type": "Point", "coordinates": [ 103.708426420914762, 16.133935371148375, 0.0 ] } },
{ "type": "Feature", "properties": { "TEXTSTRING": "112+620", "TEXT_SIZE": 2.5, "TEXT_ANGLE": 0.0 }, "geometry": { "type": "Point", "coordinates": [ 103.70770612901083, 16.133359043577236, 0.0 ] } },
{ "type": "Feature", "properties": { "TEXTSTRING": "112+520", "TEXT_SIZE": 2.5, "TEXT_ANGLE": 0.0 }, "geometry": { "type": "Point", "coordinates": [ 103.706985850743308, 16.132782704864734, 0.0 ] } },
{ "type": "Feature", "properties": { "TEXTSTRING": "112+420", "TEXT_SIZE": 2.5, "TEXT_ANGLE": 0.0 }, "geometry": { "type": "Point", "coordinates": [ 103.706265567294068, 16.132206372973783, 0.0 ] } },
{ "type": "Feature", "properties": { "TEXTSTRING": "112+320", "TEXT_SIZE": 2.5, "TEXT_ANGLE": 0.0 }, "geometry": { "type": "Point", "coordinates": [ 103.705545297480967, 16.131630029942098, 0.0 ] } },
{ "type": "Feature", "properties": { "TEXTSTRING": "112+220", "TEXT_SIZE": 2.5, "TEXT_ANGLE": 0.0 }, "geometry": { "type": "Point", "coordinates": [ 103.704825022485878, 16.131053693732451, 0.0 ] } },
{ "type": "Feature", "properties": { "TEXTSTRING": "112+120", "TEXT_SIZE": 2.5, "TEXT_ANGLE": 0.0 }, "geometry": { "type": "Point", "coordinates": [ 103.704104761126658, 16.130477346382683, 0.0 ] } },
{ "type": "Feature", "properties": { "TEXTSTRING": "112+020", "TEXT_SIZE": 2.5, "TEXT_ANGLE": 0.0 }, "geometry": { "type": "Point", "coordinates": [ 103.703384494585194, 16.129901005855444, 0.0 ] } },
{ "type": "Feature", "properties": { "TEXTSTRING": "111+920", "TEXT_SIZE": 2.5, "TEXT_ANGLE": 0.0 }, "geometry": { "type": "Point", "coordinates": [ 103.702664241679329, 16.129324654188704, 0.0 ] } },
{ "type": "Feature", "properties": { "TEXTSTRING": "111+820", "TEXT_SIZE": 2.5, "TEXT_ANGLE": 0.0 }, "geometry": { "type": "Point", "coordinates": [ 103.701943983590979, 16.128748309344974, 0.0 ] } },
{ "type": "Feature", "properties": { "TEXTSTRING": "111+720", "TEXT_SIZE": 2.5, "TEXT_ANGLE": 0.0 }, "geometry": { "type": "Point", "coordinates": [ 103.701223739137944, 16.128171953362358, 0.0 ] } },
{ "type": "Feature", "properties": { "TEXTSTRING": "111+620", "TEXT_SIZE": 2.5, "TEXT_ANGLE": 0.0 }, "geometry": { "type": "Point", "coordinates": [ 103.70050348950214, 16.127595604203254, 0.0 ] } },
{ "type": "Feature", "properties": { "TEXTSTRING": "111+520", "TEXT_SIZE": 2.5, "TEXT_ANGLE": 0.0 }, "geometry": { "type": "Point", "coordinates": [ 103.699783253501394, 16.127019243905881, 0.0 ] } },
{ "type": "Feature", "properties": { "TEXTSTRING": "111+420", "TEXT_SIZE": 2.5, "TEXT_ANGLE": 0.0 }, "geometry": { "type": "Point", "coordinates": [ 103.699063021667641, 16.126442890489514, 0.0 ] } },
{ "type": "Feature", "properties": { "TEXTSTRING": "111+320", "TEXT_SIZE": 2.5, "TEXT_ANGLE": 0.0 }, "geometry": { "type": "Point", "coordinates": [ 103.698342784768656, 16.125866525821476, 0.0 ] } },
{ "type": "Feature", "properties": { "TEXTSTRING": "111+220", "TEXT_SIZE": 2.5, "TEXT_ANGLE": 0.0 }, "geometry": { "type": "Point", "coordinates": [ 103.697622561386353, 16.125290168092008, 0.0 ] } },
{ "type": "Feature", "properties": { "TEXTSTRING": "111+120", "TEXT_SIZE": 2.5, "TEXT_ANGLE": 0.0 }, "geometry": { "type": "Point", "coordinates": [ 103.696902332938663, 16.124713799111358, 0.0 ] } },
{ "type": "Feature", "properties": { "TEXTSTRING": "111+000", "TEXT_SIZE": 2.5, "TEXT_ANGLE": 0.0 }, "geometry": { "type": "Point", "coordinates": [ 103.696036774188812, 16.124023561004957, 0.0 ] } },
{ "type": "Feature", "properties": { "TEXTSTRING": "110+900", "TEXT_SIZE": 2.5, "TEXT_ANGLE": 0.0 }, "geometry": { "type": "Point", "coordinates": [ 103.695302757976734, 16.123463742457581, 0.0 ] } },
{ "type": "Feature", "properties": { "TEXTSTRING": "110+800", "TEXT_SIZE": 2.5, "TEXT_ANGLE": 0.0 }, "geometry": { "type": "Point", "coordinates": [ 103.694552501364456, 16.122924420598473, 0.0 ] } },
{ "type": "Feature", "properties": { "TEXTSTRING": "110+700", "TEXT_SIZE": 2.5, "TEXT_ANGLE": 0.0 }, "geometry": { "type": "Point", "coordinates": [ 103.693786618464884, 16.122406041888535, 0.0 ] } },
{ "type": "Feature", "properties": { "TEXTSTRING": "110+600", "TEXT_SIZE": 2.5, "TEXT_ANGLE": 0.0 }, "geometry": { "type": "Point", "coordinates": [ 103.69300572360423, 16.121909016640465, 0.0 ] } },
{ "type": "Feature", "properties": { "TEXTSTRING": "110+500", "TEXT_SIZE": 2.5, "TEXT_ANGLE": 0.0 }, "geometry": { "type": "Point", "coordinates": [ 103.69221046848476, 16.121433755400197, 0.0 ] } },
{ "type": "Feature", "properties": { "TEXTSTRING": "110+400", "TEXT_SIZE": 2.5, "TEXT_ANGLE": 0.0 }, "geometry": { "type": "Point", "coordinates": [ 103.691401504904405, 16.120980650642775, 0.0 ] } },
{ "type": "Feature", "properties": { "TEXTSTRING": "110+300", "TEXT_SIZE": 2.5, "TEXT_ANGLE": 0.0 }, "geometry": { "type": "Point", "coordinates": [ 103.690579475526377, 16.120550058639655, 0.0 ] } },
{ "type": "Feature", "properties": { "TEXTSTRING": "110+200", "TEXT_SIZE": 2.5, "TEXT_ANGLE": 0.0 }, "geometry": { "type": "Point", "coordinates": [ 103.689745060331944, 16.120142344935626, 0.0 ] } },
{ "type": "Feature", "properties": { "TEXTSTRING": "110+100", "TEXT_SIZE": 2.5, "TEXT_ANGLE": 0.0 }, "geometry": { "type": "Point", "coordinates": [ 103.688898939518708, 16.11975783893055, 0.0 ] } },
{ "type": "Feature", "properties": { "TEXTSTRING": "110+000", "TEXT_SIZE": 2.5, "TEXT_ANGLE": 0.0 }, "geometry": { "type": "Point", "coordinates": [ 103.688041802732627, 16.119396852013171, 0.0 ] } },
{ "type": "Feature", "properties": { "TEXTSTRING": "109+900", "TEXT_SIZE": 2.5, "TEXT_ANGLE": 0.0 }, "geometry": { "type": "Point", "coordinates": [ 103.687174358418389, 16.119059677619216, 0.0 ] } },
{ "type": "Feature", "properties": { "TEXTSTRING": "109+800", "TEXT_SIZE": 2.5, "TEXT_ANGLE": 0.0 }, "geometry": { "type": "Point", "coordinates": [ 103.686297296421827, 16.118746591002008, 0.0 ] } },
{ "type": "Feature", "properties": { "TEXTSTRING": "109+700", "TEXT_SIZE": 2.5, "TEXT_ANGLE": 0.0 }, "geometry": { "type": "Point", "coordinates": [ 103.685411353438255, 16.118457849635544, 0.0 ] } },
{ "type": "Feature", "properties": { "TEXTSTRING": "109+600", "TEXT_SIZE": 2.5, "TEXT_ANGLE": 0.0 }, "geometry": { "type": "Point", "coordinates": [ 103.684517238276214, 16.118193683716985, 0.0 ] } },
{ "type": "Feature", "properties": { "TEXTSTRING": "109+500", "TEXT_SIZE": 2.5, "TEXT_ANGLE": 0.0 }, "geometry": { "type": "Point", "coordinates": [ 103.683615678427728, 16.117954323568494, 0.0 ] } },
{ "type": "Feature", "properties": { "TEXTSTRING": "109+400", "TEXT_SIZE": 2.5, "TEXT_ANGLE": 0.0 }, "geometry": { "type": "Point", "coordinates": [ 103.682707420427178, 16.117739945410424, 0.0 ] } },
{ "type": "Feature", "properties": { "TEXTSTRING": "109+300", "TEXT_SIZE": 2.5, "TEXT_ANGLE": 0.0 }, "geometry": { "type": "Point", "coordinates": [ 103.681793201386412, 16.117550734454316, 0.0 ] } },
{ "type": "Feature", "properties": { "TEXTSTRING": "109+200", "TEXT_SIZE": 2.5, "TEXT_ANGLE": 0.0 }, "geometry": { "type": "Point", "coordinates": [ 103.680873797595851, 16.117386605016776, 0.0 ] } },
{ "type": "Feature", "properties": { "TEXTSTRING": "109+100", "TEXT_SIZE": 2.5, "TEXT_ANGLE": 0.0 }, "geometry": { "type": "Point", "coordinates": [ 103.679952019887708, 16.117235318496089, 0.0 ] } },
{ "type": "Feature", "properties": { "TEXTSTRING": "109+000", "TEXT_SIZE": 2.5, "TEXT_ANGLE": 0.0 }, "geometry": { "type": "Point", "coordinates": [ 103.679030195223717, 16.117084317019394, 0.0 ] } },
{ "type": "Feature", "properties": { "TEXTSTRING": "108+900", "TEXT_SIZE": 2.5, "TEXT_ANGLE": 0.0 }, "geometry": { "type": "Point", "coordinates": [ 103.67810836297464, 16.116933302566991, 0.0 ] } },
{ "type": "Feature", "properties": { "TEXTSTRING": "108+800", "TEXT_SIZE": 2.5, "TEXT_ANGLE": 0.0 }, "geometry": { "type": "Point", "coordinates": [ 103.677186541779918, 16.116782284292629, 0.0 ] } },
{ "type": "Feature", "properties": { "TEXTSTRING": "108+700", "TEXT_SIZE": 2.5, "TEXT_ANGLE": 0.0 }, "geometry": { "type": "Point", "coordinates": [ 103.676264722230286, 16.11663127117648, 0.0 ] } },
{ "type": "Feature", "properties": { "TEXTSTRING": "108+600", "TEXT_SIZE": 2.5, "TEXT_ANGLE": 0.0 }, "geometry": { "type": "Point", "coordinates": [ 103.675342904445898, 16.116480245142871, 0.0 ] } },
{ "type": "Feature", "properties": { "TEXTSTRING": "108+500", "TEXT_SIZE": 2.5, "TEXT_ANGLE": 0.0 }, "geometry": { "type": "Point", "coordinates": [ 103.674421079017606, 16.116329215171778, 0.0 ] } },
{ "type": "Feature", "properties": { "TEXTSTRING": "108+400", "TEXT_SIZE": 2.5, "TEXT_ANGLE": 0.0 }, "geometry": { "type": "Point", "coordinates": [ 103.673499264644548, 16.116178181379365, 0.0 ] } },
{ "type": "Feature", "properties": { "TEXTSTRING": "108+300", "TEXT_SIZE": 2.5, "TEXT_ANGLE": 0.0 }, "geometry": { "type": "Point", "coordinates": [ 103.672577451917363, 16.11602715274563, 0.0 ] } },
{ "type": "Feature", "properties": { "TEXTSTRING": "108+200", "TEXT_SIZE": 2.5, "TEXT_ANGLE": 0.0 }, "geometry": { "type": "Point", "coordinates": [ 103.67165564095653, 16.115876111194947, 0.0 ] } },
{ "type": "Feature", "properties": { "TEXTSTRING": "108+100", "TEXT_SIZE": 2.5, "TEXT_ANGLE": 0.0 }, "geometry": { "type": "Point", "coordinates": [ 103.670733822352773, 16.115725065707085, 0.0 ] } },
{ "type": "Feature", "properties": { "TEXTSTRING": "108+000", "TEXT_SIZE": 2.5, "TEXT_ANGLE": 0.0 }, "geometry": { "type": "Point", "coordinates": [ 103.669812014744863, 16.115574025436416, 0.0 ] } },
{ "type": "Feature", "properties": { "TEXTSTRING": "107+900", "TEXT_SIZE": 2.5, "TEXT_ANGLE": 0.0 }, "geometry": { "type": "Point", "coordinates": [ 103.668890208904145, 16.115422972249171, 0.0 ] } },
{ "type": "Feature", "properties": { "TEXTSTRING": "107+800", "TEXT_SIZE": 2.5, "TEXT_ANGLE": 0.0 }, "geometry": { "type": "Point", "coordinates": [ 103.667968404770619, 16.115271915183321, 0.0 ] } },
{ "type": "Feature", "properties": { "TEXTSTRING": "107+700", "TEXT_SIZE": 2.5, "TEXT_ANGLE": 0.0 }, "geometry": { "type": "Point", "coordinates": [ 103.667046592934753, 16.115120863218483, 0.0 ] } },
{ "type": "Feature", "properties": { "TEXTSTRING": "107+600", "TEXT_SIZE": 2.5, "TEXT_ANGLE": 0.0 }, "geometry": { "type": "Point", "coordinates": [ 103.666124792216252, 16.114969798395762, 0.0 ] } },
{ "type": "Feature", "properties": { "TEXTSTRING": "107+500", "TEXT_SIZE": 2.5, "TEXT_ANGLE": 0.0 }, "geometry": { "type": "Point", "coordinates": [ 103.665202993205654, 16.114818729694807, 0.0 ] } },
{ "type": "Feature", "properties": { "TEXTSTRING": "107+400", "TEXT_SIZE": 2.5, "TEXT_ANGLE": 0.0 }, "geometry": { "type": "Point", "coordinates": [ 103.664281195842662, 16.114667666153572, 0.0 ] } },
{ "type": "Feature", "properties": { "TEXTSTRING": "107+300", "TEXT_SIZE": 2.5, "TEXT_ANGLE": 0.0 }, "geometry": { "type": "Point", "coordinates": [ 103.663359390899174, 16.114516589637965, 0.0 ] } },
{ "type": "Feature", "properties": { "TEXTSTRING": "107+200", "TEXT_SIZE": 2.5, "TEXT_ANGLE": 0.0 }, "geometry": { "type": "Point", "coordinates": [ 103.66243784948702, 16.114364109960885, 0.0 ] } },
{ "type": "Feature", "properties": { "TEXTSTRING": "107+100", "TEXT_SIZE": 2.5, "TEXT_ANGLE": 0.0 }, "geometry": { "type": "Point", "coordinates": [ 103.661519615287006, 16.114194149146737, 0.0 ] } },
{ "type": "Feature", "properties": { "TEXTSTRING": "107+000", "TEXT_SIZE": 2.5, "TEXT_ANGLE": 0.0 }, "geometry": { "type": "Point", "coordinates": [ 103.660606769678907, 16.113998920333287, 0.0 ] } },
{ "type": "Feature", "properties": { "TEXTSTRING": "106+900", "TEXT_SIZE": 2.5, "TEXT_ANGLE": 0.0 }, "geometry": { "type": "Point", "coordinates": [ 103.659700069423181, 16.113778554896903, 0.0 ] } },
{ "type": "Feature", "properties": { "TEXTSTRING": "106+800", "TEXT_SIZE": 2.5, "TEXT_ANGLE": 0.0 }, "geometry": { "type": "Point", "coordinates": [ 103.658800252144488, 16.11353324737275, 0.0 ] } },
{ "type": "Feature", "properties": { "TEXTSTRING": "106+700", "TEXT_SIZE": 2.5, "TEXT_ANGLE": 0.0 }, "geometry": { "type": "Point", "coordinates": [ 103.657908055575362, 16.113263174231111, 0.0 ] } },
{ "type": "Feature", "properties": { "TEXTSTRING": "106+600", "TEXT_SIZE": 2.5, "TEXT_ANGLE": 0.0 }, "geometry": { "type": "Point", "coordinates": [ 103.657024217008157, 16.112968575217494, 0.0 ] } },
{ "type": "Feature", "properties": { "TEXTSTRING": "106+500", "TEXT_SIZE": 2.5, "TEXT_ANGLE": 0.0 }, "geometry": { "type": "Point", "coordinates": [ 103.656149436383174, 16.11264968081429, 0.0 ] } },
{ "type": "Feature", "properties": { "TEXTSTRING": "106+400", "TEXT_SIZE": 2.5, "TEXT_ANGLE": 0.0 }, "geometry": { "type": "Point", "coordinates": [ 103.655284441428108, 16.112306757840926, 0.0 ] } },
{ "type": "Feature", "properties": { "TEXTSTRING": "106+300", "TEXT_SIZE": 2.5, "TEXT_ANGLE": 0.0 }, "geometry": { "type": "Point", "coordinates": [ 103.654429941032518, 16.111940091083738, 0.0 ] } },
{ "type": "Feature", "properties": { "TEXTSTRING": "106+200", "TEXT_SIZE": 2.5, "TEXT_ANGLE": 0.0 }, "geometry": { "type": "Point", "coordinates": [ 103.653586625368789, 16.111549965219638, 0.0 ] } },
{ "type": "Feature", "properties": { "TEXTSTRING": "106+100", "TEXT_SIZE": 2.5, "TEXT_ANGLE": 0.0 }, "geometry": { "type": "Point", "coordinates": [ 103.652755184285041, 16.111136710122327, 0.0 ] } },
{ "type": "Feature", "properties": { "TEXTSTRING": "106+000", "TEXT_SIZE": 2.5, "TEXT_ANGLE": 0.0 }, "geometry": { "type": "Point", "coordinates": [ 103.651936307608835, 16.110700655672773, 0.0 ] } },
{ "type": "Feature", "properties": { "TEXTSTRING": "105+900", "TEXT_SIZE": 2.5, "TEXT_ANGLE": 0.0 }, "geometry": { "type": "Point", "coordinates": [ 103.651130647567072, 16.110242158636005, 0.0 ] } },
{ "type": "Feature", "properties": { "TEXTSTRING": "105+800", "TEXT_SIZE": 2.5, "TEXT_ANGLE": 0.0 }, "geometry": { "type": "Point", "coordinates": [ 103.650338865469678, 16.109761611993143, 0.0 ] } },
{ "type": "Feature", "properties": { "TEXTSTRING": "105+700", "TEXT_SIZE": 2.5, "TEXT_ANGLE": 0.0 }, "geometry": { "type": "Point", "coordinates": [ 103.649557364613273, 16.109265527769413, 0.0 ] } },
{ "type": "Feature", "properties": { "TEXTSTRING": "105+600", "TEXT_SIZE": 2.5, "TEXT_ANGLE": 0.0 }, "geometry": { "type": "Point", "coordinates": [ 103.648776830979287, 16.10876802805878, 0.0 ] } },
{ "type": "Feature", "properties": { "TEXTSTRING": "105+500", "TEXT_SIZE": 2.5, "TEXT_ANGLE": 0.0 }, "geometry": { "type": "Point", "coordinates": [ 103.647996301369403, 16.108270525769033, 0.0 ] } },
{ "type": "Feature", "properties": { "TEXTSTRING": "105+400", "TEXT_SIZE": 2.5, "TEXT_ANGLE": 0.0 }, "geometry": { "type": "Point", "coordinates": [ 103.647215775722373, 16.107773029938247, 0.0 ] } },
{ "type": "Feature", "properties": { "TEXTSTRING": "105+300", "TEXT_SIZE": 2.5, "TEXT_ANGLE": 0.0 }, "geometry": { "type": "Point", "coordinates": [ 103.646435254160579, 16.107275522491122, 0.0 ] } },
{ "type": "Feature", "properties": { "TEXTSTRING": "105+200", "TEXT_SIZE": 2.5, "TEXT_ANGLE": 0.0 }, "geometry": { "type": "Point", "coordinates": [ 103.645654736622774, 16.106778012465732, 0.0 ] } },
{ "type": "Feature", "properties": { "TEXTSTRING": "105+100", "TEXT_SIZE": 2.5, "TEXT_ANGLE": 0.0 }, "geometry": { "type": "Point", "coordinates": [ 103.644874223047537, 16.106280508900124, 0.0 ] } },
{ "type": "Feature", "properties": { "TEXTSTRING": "105+000", "TEXT_SIZE": 2.5, "TEXT_ANGLE": 0.0 }, "geometry": { "type": "Point", "coordinates": [ 103.64409371355751, 16.105782993719039, 0.0 ] } },
{ "type": "Feature", "properties": { "TEXTSTRING": "104+900", "TEXT_SIZE": 2.5, "TEXT_ANGLE": 0.0 }, "geometry": { "type": "Point", "coordinates": [ 103.643313208091314, 16.105285475960521, 0.0 ] } },
{ "type": "Feature", "properties": { "TEXTSTRING": "104+800", "TEXT_SIZE": 2.5, "TEXT_ANGLE": 0.0 }, "geometry": { "type": "Point", "coordinates": [ 103.64253269723865, 16.104787964603229, 0.0 ] } },
{ "type": "Feature", "properties": { "TEXTSTRING": "104+700", "TEXT_SIZE": 2.5, "TEXT_ANGLE": 0.0 }, "geometry": { "type": "Point", "coordinates": [ 103.641752199819948, 16.104290441690672, 0.0 ] } },
{ "type": "Feature", "properties": { "TEXTSTRING": "104+600", "TEXT_SIZE": 2.5, "TEXT_ANGLE": 0.0 }, "geometry": { "type": "Point", "coordinates": [ 103.640971706424921, 16.10379291620152, 0.0 ] } },
{ "type": "Feature", "properties": { "TEXTSTRING": "104+500", "TEXT_SIZE": 2.5, "TEXT_ANGLE": 0.0 }, "geometry": { "type": "Point", "coordinates": [ 103.640191216991965, 16.103295397173834, 0.0 ] } },
{ "type": "Feature", "properties": { "TEXTSTRING": "104+400", "TEXT_SIZE": 2.5, "TEXT_ANGLE": 0.0 }, "geometry": { "type": "Point", "coordinates": [ 103.639410731644105, 16.102797866532363, 0.0 ] } },
{ "type": "Feature", "properties": { "TEXTSTRING": "104+300", "TEXT_SIZE": 2.5, "TEXT_ANGLE": 0.0 }, "geometry": { "type": "Point", "coordinates": [ 103.638630250319778, 16.102300333315142, 0.0 ] } },
{ "type": "Feature", "properties": { "TEXTSTRING": "104+200", "TEXT_SIZE": 2.5, "TEXT_ANGLE": 0.0 }, "geometry": { "type": "Point", "coordinates": [ 103.637849772957267, 16.101802806560215, 0.0 ] } },
{ "type": "Feature", "properties": { "TEXTSTRING": "104+100", "TEXT_SIZE": 2.5, "TEXT_ANGLE": 0.0 }, "geometry": { "type": "Point", "coordinates": [ 103.637069299679794, 16.101305268192345, 0.0 ] } },
{ "type": "Feature", "properties": { "TEXTSTRING": "104+000", "TEXT_SIZE": 2.5, "TEXT_ANGLE": 0.0 }, "geometry": { "type": "Point", "coordinates": [ 103.63628882107713, 16.10080772718991, 0.0 ] } },
{ "type": "Feature", "properties": { "TEXTSTRING": "103+900", "TEXT_SIZE": 2.5, "TEXT_ANGLE": 0.0 }, "geometry": { "type": "Point", "coordinates": [ 103.635508355784637, 16.100310192710236, 0.0 ] } },
{ "type": "Feature", "properties": { "TEXTSTRING": "103+800", "TEXT_SIZE": 2.5, "TEXT_ANGLE": 0.0 }, "geometry": { "type": "Point", "coordinates": [ 103.634727894577125, 16.099812646618471, 0.0 ] } },
{ "type": "Feature", "properties": { "TEXTSTRING": "103+700", "TEXT_SIZE": 2.5, "TEXT_ANGLE": 0.0 }, "geometry": { "type": "Point", "coordinates": [ 103.633947437392834, 16.099315097952637, 0.0 ] } },
{ "type": "Feature", "properties": { "TEXTSTRING": "103+600", "TEXT_SIZE": 2.5, "TEXT_ANGLE": 0.0 }, "geometry": { "type": "Point", "coordinates": [ 103.633164245219547, 16.098821614431269, 0.0 ] } },
{ "type": "Feature", "properties": { "TEXTSTRING": "103+500", "TEXT_SIZE": 2.5, "TEXT_ANGLE": 0.0 }, "geometry": { "type": "Point", "coordinates": [ 103.632368482216336, 16.098347335217586, 0.0 ] } },
{ "type": "Feature", "properties": { "TEXTSTRING": "103+400", "TEXT_SIZE": 2.5, "TEXT_ANGLE": 0.0 }, "geometry": { "type": "Point", "coordinates": [ 103.631559024842772, 16.097895217476683, 0.0 ] } },
{ "type": "Feature", "properties": { "TEXTSTRING": "103+300", "TEXT_SIZE": 2.5, "TEXT_ANGLE": 0.0 }, "geometry": { "type": "Point", "coordinates": [ 103.63073655277806, 16.097465644999595, 0.0 ] } },
{ "type": "Feature", "properties": { "TEXTSTRING": "103+200", "TEXT_SIZE": 2.5, "TEXT_ANGLE": 0.0 }, "geometry": { "type": "Point", "coordinates": [ 103.629901727292548, 16.097058956275113, 0.0 ] } },
{ "type": "Feature", "properties": { "TEXTSTRING": "103+100", "TEXT_SIZE": 2.5, "TEXT_ANGLE": 0.0 }, "geometry": { "type": "Point", "coordinates": [ 103.62905522839462, 16.096675480880759, 0.0 ] } },
{ "type": "Feature", "properties": { "TEXTSTRING": "103+000", "TEXT_SIZE": 2.5, "TEXT_ANGLE": 0.0 }, "geometry": { "type": "Point", "coordinates": [ 103.628197736072423, 16.096315548401222, 0.0 ] } },
{ "type": "Feature", "properties": { "TEXTSTRING": "102+900", "TEXT_SIZE": 2.5, "TEXT_ANGLE": 0.0 }, "geometry": { "type": "Point", "coordinates": [ 103.627329968060323, 16.095979434442633, 0.0 ] } },
{ "type": "Feature", "properties": { "TEXTSTRING": "102+800", "TEXT_SIZE": 2.5, "TEXT_ANGLE": 0.0 }, "geometry": { "type": "Point", "coordinates": [ 103.626452632663799, 16.095667423597401, 0.0 ] } },
{ "type": "Feature", "properties": { "TEXTSTRING": "102+700", "TEXT_SIZE": 2.5, "TEXT_ANGLE": 0.0 }, "geometry": { "type": "Point", "coordinates": [ 103.62556642907083, 16.095379764255817, 0.0 ] } },
{ "type": "Feature", "properties": { "TEXTSTRING": "102+600", "TEXT_SIZE": 2.5, "TEXT_ANGLE": 0.0 }, "geometry": { "type": "Point", "coordinates": [ 103.624672093908188, 16.095116696020177, 0.0 ] } },
{ "type": "Feature", "properties": { "TEXTSTRING": "102+500", "TEXT_SIZE": 2.5, "TEXT_ANGLE": 0.0 }, "geometry": { "type": "Point", "coordinates": [ 103.62377035462525, 16.094878431329533, 0.0 ] } },
{ "type": "Feature", "properties": { "TEXTSTRING": "102+400", "TEXT_SIZE": 2.5, "TEXT_ANGLE": 0.0 }, "geometry": { "type": "Point", "coordinates": [ 103.622861938719112, 16.094665173595502, 0.0 ] } },
{ "type": "Feature", "properties": { "TEXTSTRING": "102+300", "TEXT_SIZE": 2.5, "TEXT_ANGLE": 0.0 }, "geometry": { "type": "Point", "coordinates": [ 103.62194759268138, 16.094477081172315, 0.0 ] } },
{ "type": "Feature", "properties": { "TEXTSTRING": "102+200", "TEXT_SIZE": 2.5, "TEXT_ANGLE": 0.0 }, "geometry": { "type": "Point", "coordinates": [ 103.621028072339769, 16.094314312485739, 0.0 ] } },
{ "type": "Feature", "properties": { "TEXTSTRING": "102+100", "TEXT_SIZE": 2.5, "TEXT_ANGLE": 0.0 }, "geometry": { "type": "Point", "coordinates": [ 103.620104115001553, 16.094176998739439, 0.0 ] } },
{ "type": "Feature", "properties": { "TEXTSTRING": "102+000", "TEXT_SIZE": 2.5, "TEXT_ANGLE": 0.0 }, "geometry": { "type": "Point", "coordinates": [ 103.619176476723027, 16.09406526223178, 0.0 ] } },
{ "type": "Feature", "properties": { "TEXTSTRING": "101+900", "TEXT_SIZE": 2.5, "TEXT_ANGLE": 0.0 }, "geometry": { "type": "Point", "coordinates": [ 103.618245923149871, 16.093979189182939, 0.0 ] } },
{ "type": "Feature", "properties": { "TEXTSTRING": "101+800", "TEXT_SIZE": 2.5, "TEXT_ANGLE": 0.0 }, "geometry": { "type": "Point", "coordinates": [ 103.617313201411818, 16.09391883859168, 0.0 ] } },
{ "type": "Feature", "properties": { "TEXTSTRING": "101+700", "TEXT_SIZE": 2.5, "TEXT_ANGLE": 0.0 }, "geometry": { "type": "Point", "coordinates": [ 103.616379077266529, 16.093884278627915, 0.0 ] } },
{ "type": "Feature", "properties": { "TEXTSTRING": "101+600", "TEXT_SIZE": 2.5, "TEXT_ANGLE": 0.0 }, "geometry": { "type": "Point", "coordinates": [ 103.615444316842456, 16.093875523248389, 0.0 ] } },
{ "type": "Feature", "properties": { "TEXTSTRING": "101+500", "TEXT_SIZE": 2.5, "TEXT_ANGLE": 0.0 }, "geometry": { "type": "Point", "coordinates": [ 103.614509676916882, 16.093892586362326, 0.0 ] } },
{ "type": "Feature", "properties": { "TEXTSTRING": "101+400", "TEXT_SIZE": 2.5, "TEXT_ANGLE": 0.0 }, "geometry": { "type": "Point", "coordinates": [ 103.613575923801292, 16.093935454839606, 0.0 ] } },
{ "type": "Feature", "properties": { "TEXTSTRING": "101+300", "TEXT_SIZE": 2.5, "TEXT_ANGLE": 0.0 }, "geometry": { "type": "Point", "coordinates": [ 103.612643814646788, 16.094004088389685, 0.0 ] } },
{ "type": "Feature", "properties": { "TEXTSTRING": "101+200", "TEXT_SIZE": 2.5, "TEXT_ANGLE": 0.0 }, "geometry": { "type": "Point", "coordinates": [ 103.611713983770045, 16.094097289064187, 0.0 ] } },
{ "type": "Feature", "properties": { "TEXTSTRING": "101+100", "TEXT_SIZE": 2.5, "TEXT_ANGLE": 0.0 }, "geometry": { "type": "Point", "coordinates": [ 103.610785128354934, 16.094199358312469, 0.0 ] } },
{ "type": "Feature", "properties": { "TEXTSTRING": "101+000", "TEXT_SIZE": 2.5, "TEXT_ANGLE": 0.0 }, "geometry": { "type": "Point", "coordinates": [ 103.609856281421798, 16.094301459658688, 0.0 ] } },
{ "type": "Feature", "properties": { "TEXTSTRING": "100+900", "TEXT_SIZE": 2.5, "TEXT_ANGLE": 0.0 }, "geometry": { "type": "Point", "coordinates": [ 103.608927424525788, 16.094403556830581, 0.0 ] } },
{ "type": "Feature", "properties": { "TEXTSTRING": "100+800", "TEXT_SIZE": 2.5, "TEXT_ANGLE": 0.0 }, "geometry": { "type": "Point", "coordinates": [ 103.607998576300503, 16.094505658987345, 0.0 ] } },
{ "type": "Feature", "properties": { "TEXTSTRING": "100+700", "TEXT_SIZE": 2.5, "TEXT_ANGLE": 0.0 }, "geometry": { "type": "Point", "coordinates": [ 103.607069718175779, 16.094607747931892, 0.0 ] } },
{ "type": "Feature", "properties": { "TEXTSTRING": "100+600", "TEXT_SIZE": 2.5, "TEXT_ANGLE": 0.0 }, "geometry": { "type": "Point", "coordinates": [ 103.606140859374037, 16.09470984180026, 0.0 ] } },
{ "type": "Feature", "properties": { "TEXTSTRING": "100+500", "TEXT_SIZE": 2.5, "TEXT_ANGLE": 0.0 }, "geometry": { "type": "Point", "coordinates": [ 103.605212009369779, 16.094811922578092, 0.0 ] } },
{ "type": "Feature", "properties": { "TEXTSTRING": "100+400", "TEXT_SIZE": 2.5, "TEXT_ANGLE": 0.0 }, "geometry": { "type": "Point", "coordinates": [ 103.604283149340759, 16.094914008218634, 0.0 ] } },
{ "type": "Feature", "properties": { "TEXTSTRING": "100+300", "TEXT_SIZE": 2.5, "TEXT_ANGLE": 0.0 }, "geometry": { "type": "Point", "coordinates": [ 103.603354298109835, 16.095016080768577, 0.0 ] } },
{ "type": "Feature", "properties": { "TEXTSTRING": "100+200", "TEXT_SIZE": 2.5, "TEXT_ANGLE": 0.0 }, "geometry": { "type": "Point", "coordinates": [ 103.602425436854588, 16.095118158180973, 0.0 ] } },
{ "type": "Feature", "properties": { "TEXTSTRING": "100+100", "TEXT_SIZE": 2.5, "TEXT_ANGLE": 0.0 }, "geometry": { "type": "Point", "coordinates": [ 103.601496584397992, 16.095220222502704, 0.0 ] } },
{ "type": "Feature", "properties": { "TEXTSTRING": "100+000", "TEXT_SIZE": 2.5, "TEXT_ANGLE": 0.0 }, "geometry": { "type": "Point", "coordinates": [ 103.6005677219175, 16.095322291686657, 0.0 ] } },
{ "type": "Feature", "properties": { "TEXTSTRING": "99+900", "TEXT_SIZE": 2.5, "TEXT_ANGLE": 0.0 }, "geometry": { "type": "Point", "coordinates": [ 103.599638868236283, 16.095424347779876, 0.0 ] } },
{ "type": "Feature", "properties": { "TEXTSTRING": "99+800", "TEXT_SIZE": 2.5, "TEXT_ANGLE": 0.0 }, "geometry": { "type": "Point", "coordinates": [ 103.598710004531583, 16.095526408735047, 0.0 ] } },
{ "type": "Feature", "properties": { "TEXTSTRING": "99+700", "TEXT_SIZE": 2.5, "TEXT_ANGLE": 0.0 }, "geometry": { "type": "Point", "coordinates": [ 103.597781140278585, 16.095628456538112, 0.0 ] } },
{ "type": "Feature", "properties": { "TEXTSTRING": "99+600", "TEXT_SIZE": 2.5, "TEXT_ANGLE": 0.0 }, "geometry": { "type": "Point", "coordinates": [ 103.596852284762335, 16.095730500287942, 0.0 ] } },
{ "type": "Feature", "properties": { "TEXTSTRING": "99+500", "TEXT_SIZE": 2.5, "TEXT_ANGLE": 0.0 }, "geometry": { "type": "Point", "coordinates": [ 103.595923419223254, 16.095832548899391, 0.0 ] } },
{ "type": "Feature", "properties": { "TEXTSTRING": "99+400", "TEXT_SIZE": 2.5, "TEXT_ANGLE": 0.0 }, "geometry": { "type": "Point", "coordinates": [ 103.594994562484928, 16.095934584419933, 0.0 ] } },
{ "type": "Feature", "properties": { "TEXTSTRING": "99+300", "TEXT_SIZE": 2.5, "TEXT_ANGLE": 0.0 }, "geometry": { "type": "Point", "coordinates": [ 103.594065695724183, 16.096036624801823, 0.0 ] } },
{ "type": "Feature", "properties": { "TEXTSTRING": "99+200", "TEXT_SIZE": 2.5, "TEXT_ANGLE": 0.0 }, "geometry": { "type": "Point", "coordinates": [ 103.593136837764817, 16.096138652092755, 0.0 ] } },
{ "type": "Feature", "properties": { "TEXTSTRING": "99+100", "TEXT_SIZE": 2.5, "TEXT_ANGLE": 0.0 }, "geometry": { "type": "Point", "coordinates": [ 103.592207969783416, 16.096240684244801, 0.0 ] } },
{ "type": "Feature", "properties": { "TEXTSTRING": "99+000", "TEXT_SIZE": 2.5, "TEXT_ANGLE": 0.0 }, "geometry": { "type": "Point", "coordinates": [ 103.591279110603992, 16.096342703305822, 0.0 ] } },
{ "type": "Feature", "properties": { "TEXTSTRING": "98+900", "TEXT_SIZE": 2.5, "TEXT_ANGLE": 0.0 }, "geometry": { "type": "Point", "coordinates": [ 103.590350241402987, 16.096444727227695, 0.0 ] } },
{ "type": "Feature", "properties": { "TEXTSTRING": "98+800", "TEXT_SIZE": 2.5, "TEXT_ANGLE": 0.0 }, "geometry": { "type": "Point", "coordinates": [ 103.589421371656343, 16.096546737996785, 0.0 ] } },
{ "type": "Feature", "properties": { "TEXTSTRING": "98+700", "TEXT_SIZE": 2.5, "TEXT_ANGLE": 0.0 }, "geometry": { "type": "Point", "coordinates": [ 103.588492510584928, 16.096648753749882, 0.0 ] } },
{ "type": "Feature", "properties": { "TEXTSTRING": "98+600", "TEXT_SIZE": 2.5, "TEXT_ANGLE": 0.0 }, "geometry": { "type": "Point", "coordinates": [ 103.587563639620285, 16.096750756288348, 0.0 ] } },
{ "type": "Feature", "properties": { "TEXTSTRING": "98+500", "TEXT_SIZE": 2.5, "TEXT_ANGLE": 0.0 }, "geometry": { "type": "Point", "coordinates": [ 103.586634777331284, 16.096852763810755, 0.0 ] } },
{ "type": "Feature", "properties": { "TEXTSTRING": "98+400", "TEXT_SIZE": 2.5, "TEXT_ANGLE": 0.0 }, "geometry": { "type": "Point", "coordinates": [ 103.585705905149652, 16.096954758118279, 0.0 ] } },
{ "type": "Feature", "properties": { "TEXTSTRING": "98+300", "TEXT_SIZE": 2.5, "TEXT_ANGLE": 0.0 }, "geometry": { "type": "Point", "coordinates": [ 103.584777041708136, 16.097056748372108, 0.0 ] } },
{ "type": "Feature", "properties": { "TEXTSTRING": "98+200", "TEXT_SIZE": 2.5, "TEXT_ANGLE": 0.0 }, "geometry": { "type": "Point", "coordinates": [ 103.583848168246504, 16.097158743485949, 0.0 ] } },
{ "type": "Feature", "properties": { "TEXTSTRING": "98+100", "TEXT_SIZE": 2.5, "TEXT_ANGLE": 0.0 }, "geometry": { "type": "Point", "coordinates": [ 103.58291930358952, 16.097260725508463, 0.0 ] } },
{ "type": "Feature", "properties": { "TEXTSTRING": "98+000", "TEXT_SIZE": 2.5, "TEXT_ANGLE": 0.0 }, "geometry": { "type": "Point", "coordinates": [ 103.58199042891286, 16.097362712390741, 0.0 ] } },
{ "type": "Feature", "properties": { "TEXTSTRING": "97+900", "TEXT_SIZE": 2.5, "TEXT_ANGLE": 0.0 }, "geometry": { "type": "Point", "coordinates": [ 103.581061553693246, 16.097464686119547, 0.0 ] } },
{ "type": "Feature", "properties": { "TEXTSTRING": "97+800", "TEXT_SIZE": 2.5, "TEXT_ANGLE": 0.0 }, "geometry": { "type": "Point", "coordinates": [ 103.58013268715078, 16.097566664832026, 0.0 ] } },
{ "type": "Feature", "properties": { "TEXTSTRING": "97+700", "TEXT_SIZE": 2.5, "TEXT_ANGLE": 0.0 }, "geometry": { "type": "Point", "coordinates": [ 103.579203810717758, 16.097668630328808, 0.0 ] } },
{ "type": "Feature", "properties": { "TEXTSTRING": "97+600", "TEXT_SIZE": 2.5, "TEXT_ANGLE": 0.0 }, "geometry": { "type": "Point", "coordinates": [ 103.578274942962295, 16.097770600809177, 0.0 ] } },
{ "type": "Feature", "properties": { "TEXTSTRING": "97+500", "TEXT_SIZE": 2.5, "TEXT_ANGLE": 0.0 }, "geometry": { "type": "Point", "coordinates": [ 103.577346065316874, 16.097872558073632, 0.0 ] } },
{ "type": "Feature", "properties": { "TEXTSTRING": "97+400", "TEXT_SIZE": 2.5, "TEXT_ANGLE": 0.0 }, "geometry": { "type": "Point", "coordinates": [ 103.576417196349425, 16.097974520321578, 0.0 ] } },
{ "type": "Feature", "properties": { "TEXTSTRING": "97+300", "TEXT_SIZE": 2.5, "TEXT_ANGLE": 0.0 }, "geometry": { "type": "Point", "coordinates": [ 103.575488317492642, 16.098076469353394, 0.0 ] } },
{ "type": "Feature", "properties": { "TEXTSTRING": "97+200", "TEXT_SIZE": 2.5, "TEXT_ANGLE": 0.0 }, "geometry": { "type": "Point", "coordinates": [ 103.574559447314257, 16.098178423368623, 0.0 ] } },
{ "type": "Feature", "properties": { "TEXTSTRING": "97+100", "TEXT_SIZE": 2.5, "TEXT_ANGLE": 0.0 }, "geometry": { "type": "Point", "coordinates": [ 103.573630567247108, 16.098280364167479, 0.0 ] } },
{ "type": "Feature", "properties": { "TEXTSTRING": "97+000", "TEXT_SIZE": 2.5, "TEXT_ANGLE": 0.0 }, "geometry": { "type": "Point", "coordinates": [ 103.572701686575186, 16.098382300849725, 0.0 ] } },
{ "type": "Feature", "properties": { "TEXTSTRING": "96+900", "TEXT_SIZE": 2.5, "TEXT_ANGLE": 0.0 }, "geometry": { "type": "Point", "coordinates": [ 103.571772814582303, 16.098484242515262, 0.0 ] } },
{ "type": "Feature", "properties": { "TEXTSTRING": "96+800", "TEXT_SIZE": 2.5, "TEXT_ANGLE": 0.0 }, "geometry": { "type": "Point", "coordinates": [ 103.570843932701564, 16.098586170964083, 0.0 ] } },
{ "type": "Feature", "properties": { "TEXTSTRING": "96+700", "TEXT_SIZE": 2.5, "TEXT_ANGLE": 0.0 }, "geometry": { "type": "Point", "coordinates": [ 103.569915059500289, 16.098688104396118, 0.0 ] } },
{ "type": "Feature", "properties": { "TEXTSTRING": "96+600", "TEXT_SIZE": 2.5, "TEXT_ANGLE": 0.0 }, "geometry": { "type": "Point", "coordinates": [ 103.568986176411741, 16.098790024611208, 0.0 ] } },
{ "type": "Feature", "properties": { "TEXTSTRING": "96+500", "TEXT_SIZE": 2.5, "TEXT_ANGLE": 0.0 }, "geometry": { "type": "Point", "coordinates": [ 103.568057302003098, 16.098891949809421, 0.0 ] } },
{ "type": "Feature", "properties": { "TEXTSTRING": "96+400", "TEXT_SIZE": 2.5, "TEXT_ANGLE": 0.0 }, "geometry": { "type": "Point", "coordinates": [ 103.56712841770775, 16.098993861790472, 0.0 ] } },
{ "type": "Feature", "properties": { "TEXTSTRING": "96+300", "TEXT_SIZE": 2.5, "TEXT_ANGLE": 0.0 }, "geometry": { "type": "Point", "coordinates": [ 103.566199532744534, 16.099095778691847, 0.0 ] } },
{ "type": "Feature", "properties": { "TEXTSTRING": "96+200", "TEXT_SIZE": 2.5, "TEXT_ANGLE": 0.0 }, "geometry": { "type": "Point", "coordinates": [ 103.565270656591636, 16.099197682501266, 0.0 ] } },
{ "type": "Feature", "properties": { "TEXTSTRING": "96+100", "TEXT_SIZE": 2.5, "TEXT_ANGLE": 0.0 }, "geometry": { "type": "Point", "coordinates": [ 103.564341770423084, 16.099299591168123, 0.0 ] } },
{ "type": "Feature", "properties": { "TEXTSTRING": "96+000", "TEXT_SIZE": 2.5, "TEXT_ANGLE": 0.0 }, "geometry": { "type": "Point", "coordinates": [ 103.563412928052884, 16.09940182138077, 0.0 ] } },
{ "type": "Feature", "properties": { "TEXTSTRING": "95+900", "TEXT_SIZE": 2.5, "TEXT_ANGLE": 0.0 }, "geometry": { "type": "Point", "coordinates": [ 103.562485704400288, 16.099516756626102, 0.0 ] } },
{ "type": "Feature", "properties": { "TEXTSTRING": "95+800", "TEXT_SIZE": 2.5, "TEXT_ANGLE": 0.0 }, "geometry": { "type": "Point", "coordinates": [ 103.561562196872501, 16.099656892373151, 0.0 ] } },
{ "type": "Feature", "properties": { "TEXTSTRING": "95+700", "TEXT_SIZE": 2.5, "TEXT_ANGLE": 0.0 }, "geometry": { "type": "Point", "coordinates": [ 103.560643207307152, 16.099822478068358, 0.0 ] } },
{ "type": "Feature", "properties": { "TEXTSTRING": "95+600", "TEXT_SIZE": 2.5, "TEXT_ANGLE": 0.0 }, "geometry": { "type": "Point", "coordinates": [ 103.559729493667888, 16.100013365208472, 0.0 ] } },
{ "type": "Feature", "properties": { "TEXTSTRING": "95+500", "TEXT_SIZE": 2.5, "TEXT_ANGLE": 0.0 }, "geometry": { "type": "Point", "coordinates": [ 103.558821776467781, 16.100229414088673, 0.0 ] } },
{ "type": "Feature", "properties": { "TEXTSTRING": "95+400", "TEXT_SIZE": 2.5, "TEXT_ANGLE": 0.0 }, "geometry": { "type": "Point", "coordinates": [ 103.557920823360817, 16.100470431107333, 0.0 ] } },
{ "type": "Feature", "properties": { "TEXTSTRING": "95+300", "TEXT_SIZE": 2.5, "TEXT_ANGLE": 0.0 }, "geometry": { "type": "Point", "coordinates": [ 103.557027355204738, 16.100736231397757, 0.0 ] } },
{ "type": "Feature", "properties": { "TEXTSTRING": "95+200", "TEXT_SIZE": 2.5, "TEXT_ANGLE": 0.0 }, "geometry": { "type": "Point", "coordinates": [ 103.556142102412366, 16.101026603056262, 0.0 ] } },
{ "type": "Feature", "properties": { "TEXTSTRING": "95+100", "TEXT_SIZE": 2.5, "TEXT_ANGLE": 0.0 }, "geometry": { "type": "Point", "coordinates": [ 103.555265795735735, 16.101341289004178, 0.0 ] } },
{ "type": "Feature", "properties": { "TEXTSTRING": "95+000", "TEXT_SIZE": 2.5, "TEXT_ANGLE": 0.0 }, "geometry": { "type": "Point", "coordinates": [ 103.554399128416705, 16.101680049996727, 0.0 ] } },
{ "type": "Feature", "properties": { "TEXTSTRING": "94+900", "TEXT_SIZE": 2.5, "TEXT_ANGLE": 0.0 }, "geometry": { "type": "Point", "coordinates": [ 103.553540852908228, 16.102038259330037, 0.0 ] } },
{ "type": "Feature", "properties": { "TEXTSTRING": "94+800", "TEXT_SIZE": 2.5, "TEXT_ANGLE": 0.0 }, "geometry": { "type": "Point", "coordinates": [ 103.552683871581763, 16.102399383931335, 0.0 ] } },
{ "type": "Feature", "properties": { "TEXTSTRING": "94+700", "TEXT_SIZE": 2.5, "TEXT_ANGLE": 0.0 }, "geometry": { "type": "Point", "coordinates": [ 103.551826896746135, 16.102760504891734, 0.0 ] } },
{ "type": "Feature", "properties": { "TEXTSTRING": "94+600", "TEXT_SIZE": 2.5, "TEXT_ANGLE": 0.0 }, "geometry": { "type": "Point", "coordinates": [ 103.550969909704804, 16.103121622084284, 0.0 ] } },
{ "type": "Feature", "properties": { "TEXTSTRING": "94+500", "TEXT_SIZE": 2.5, "TEXT_ANGLE": 0.0 }, "geometry": { "type": "Point", "coordinates": [ 103.550112919806196, 16.103482735572072, 0.0 ] } },
{ "type": "Feature", "properties": { "TEXTSTRING": "94+400", "TEXT_SIZE": 2.5, "TEXT_ANGLE": 0.0 }, "geometry": { "type": "Point", "coordinates": [ 103.549255927050353, 16.103843845354866, 0.0 ] } },
{ "type": "Feature", "properties": { "TEXTSTRING": "94+300", "TEXT_SIZE": 2.5, "TEXT_ANGLE": 0.0 }, "geometry": { "type": "Point", "coordinates": [ 103.548398940785802, 16.104204951495944, 0.0 ] } },
{ "type": "Feature", "properties": { "TEXTSTRING": "94+200", "TEXT_SIZE": 2.5, "TEXT_ANGLE": 0.0 }, "geometry": { "type": "Point", "coordinates": [ 103.54754194231586, 16.104566053868062, 0.0 ] } },
{ "type": "Feature", "properties": { "TEXTSTRING": "94+100", "TEXT_SIZE": 2.5, "TEXT_ANGLE": 0.0 }, "geometry": { "type": "Point", "coordinates": [ 103.546684940988968, 16.104927152534454, 0.0 ] } },
{ "type": "Feature", "properties": { "TEXTSTRING": "94+000", "TEXT_SIZE": 2.5, "TEXT_ANGLE": 0.0 }, "geometry": { "type": "Point", "coordinates": [ 103.545827936805267, 16.10528824749488, 0.0 ] } },
{ "type": "Feature", "properties": { "TEXTSTRING": "93+900", "TEXT_SIZE": 2.5, "TEXT_ANGLE": 0.0 }, "geometry": { "type": "Point", "coordinates": [ 103.544970939113256, 16.105649338812793, 0.0 ] } },
{ "type": "Feature", "properties": { "TEXTSTRING": "93+800", "TEXT_SIZE": 2.5, "TEXT_ANGLE": 0.0 }, "geometry": { "type": "Point", "coordinates": [ 103.544113929216167, 16.106010426360601, 0.0 ] } },
{ "type": "Feature", "properties": { "TEXTSTRING": "93+700", "TEXT_SIZE": 2.5, "TEXT_ANGLE": 0.0 }, "geometry": { "type": "Point", "coordinates": [ 103.543256916462511, 16.106371510201733, 0.0 ] } },
{ "type": "Feature", "properties": { "TEXTSTRING": "93+600", "TEXT_SIZE": 2.5, "TEXT_ANGLE": 0.0 }, "geometry": { "type": "Point", "coordinates": [ 103.542399910200871, 16.106732590399741, 0.0 ] } },
{ "type": "Feature", "properties": { "TEXTSTRING": "93+500", "TEXT_SIZE": 2.5, "TEXT_ANGLE": 0.0 }, "geometry": { "type": "Point", "coordinates": [ 103.541542891734395, 16.107093666826817, 0.0 ] } },
{ "type": "Feature", "properties": { "TEXTSTRING": "93+400", "TEXT_SIZE": 2.5, "TEXT_ANGLE": 0.0 }, "geometry": { "type": "Point", "coordinates": [ 103.540685870411636, 16.107454739546487, 0.0 ] } },
{ "type": "Feature", "properties": { "TEXTSTRING": "93+300", "TEXT_SIZE": 2.5, "TEXT_ANGLE": 0.0 }, "geometry": { "type": "Point", "coordinates": [ 103.539828846166571, 16.107815817595871, 0.0 ] } },
{ "type": "Feature", "properties": { "TEXTSTRING": "93+200", "TEXT_SIZE": 2.5, "TEXT_ANGLE": 0.0 }, "geometry": { "type": "Point", "coordinates": [ 103.538971828480015, 16.108176882963942, 0.0 ] } },
{ "type": "Feature", "properties": { "TEXTSTRING": "93+100", "TEXT_SIZE": 2.5, "TEXT_ANGLE": 0.0 }, "geometry": { "type": "Point", "coordinates": [ 103.53811479858895, 16.108537944559973, 0.0 ] } },
{ "type": "Feature", "properties": { "TEXTSTRING": "93+000", "TEXT_SIZE": 2.5, "TEXT_ANGLE": 0.0 }, "geometry": { "type": "Point", "coordinates": [ 103.537257765841957, 16.108899002447629, 0.0 ] } },
{ "type": "Feature", "properties": { "TEXTSTRING": "92+900", "TEXT_SIZE": 2.5, "TEXT_ANGLE": 0.0 }, "geometry": { "type": "Point", "coordinates": [ 103.536400730239151, 16.109260056626667, 0.0 ] } },
{ "type": "Feature", "properties": { "TEXTSTRING": "92+800", "TEXT_SIZE": 2.5, "TEXT_ANGLE": 0.0 }, "geometry": { "type": "Point", "coordinates": [ 103.535543701129185, 16.109621107160958, 0.0 ] } },
{ "type": "Feature", "properties": { "TEXTSTRING": "92+700", "TEXT_SIZE": 2.5, "TEXT_ANGLE": 0.0 }, "geometry": { "type": "Point", "coordinates": [ 103.534686659815037, 16.109982153922086, 0.0 ] } },
{ "type": "Feature", "properties": { "TEXTSTRING": "92+600", "TEXT_SIZE": 2.5, "TEXT_ANGLE": 0.0 }, "geometry": { "type": "Point", "coordinates": [ 103.533829615645345, 16.110343196973876, 0.0 ] } },
{ "type": "Feature", "properties": { "TEXTSTRING": "92+500", "TEXT_SIZE": 2.5, "TEXT_ANGLE": 0.0 }, "geometry": { "type": "Point", "coordinates": [ 103.532972568620195, 16.110704236316082, 0.0 ] } },
{ "type": "Feature", "properties": { "TEXTSTRING": "92+400", "TEXT_SIZE": 2.5, "TEXT_ANGLE": 0.0 }, "geometry": { "type": "Point", "coordinates": [ 103.532115528088326, 16.111065272012738, 0.0 ] } },
{ "type": "Feature", "properties": { "TEXTSTRING": "92+300", "TEXT_SIZE": 2.5, "TEXT_ANGLE": 0.0 }, "geometry": { "type": "Point", "coordinates": [ 103.531258475352558, 16.111426303935104, 0.0 ] } },
{ "type": "Feature", "properties": { "TEXTSTRING": "92+200", "TEXT_SIZE": 2.5, "TEXT_ANGLE": 0.0 }, "geometry": { "type": "Point", "coordinates": [ 103.530401419761631, 16.11178733214717, 0.0 ] } },
{ "type": "Feature", "properties": { "TEXTSTRING": "92+100", "TEXT_SIZE": 2.5, "TEXT_ANGLE": 0.0 }, "geometry": { "type": "Point", "coordinates": [ 103.529544361315615, 16.112148356648689, 0.0 ] } },
{ "type": "Feature", "properties": { "TEXTSTRING": "92+000", "TEXT_SIZE": 2.5, "TEXT_ANGLE": 0.0 }, "geometry": { "type": "Point", "coordinates": [ 103.528687309363306, 16.112509377503855, 0.0 ] } },
{ "type": "Feature", "properties": { "TEXTSTRING": "91+900", "TEXT_SIZE": 2.5, "TEXT_ANGLE": 0.0 }, "geometry": { "type": "Point", "coordinates": [ 103.527830245207412, 16.112870394583599, 0.0 ] } },
{ "type": "Feature", "properties": { "TEXTSTRING": "91+800", "TEXT_SIZE": 2.5, "TEXT_ANGLE": 0.0 }, "geometry": { "type": "Point", "coordinates": [ 103.526973178196741, 16.113231407952085, 0.0 ] } },
{ "type": "Feature", "properties": { "TEXTSTRING": "91+700", "TEXT_SIZE": 2.5, "TEXT_ANGLE": 0.0 }, "geometry": { "type": "Point", "coordinates": [ 103.526116108331323, 16.11359241760907, 0.0 ] } },
{ "type": "Feature", "properties": { "TEXTSTRING": "91+600", "TEXT_SIZE": 2.5, "TEXT_ANGLE": 0.0 }, "geometry": { "type": "Point", "coordinates": [ 103.525259044960052, 16.11395342361887, 0.0 ] } },
{ "type": "Feature", "properties": { "TEXTSTRING": "91+500", "TEXT_SIZE": 2.5, "TEXT_ANGLE": 0.0 }, "geometry": { "type": "Point", "coordinates": [ 103.524401969385522, 16.114314425852147, 0.0 ] } },
{ "type": "Feature", "properties": { "TEXTSTRING": "91+400", "TEXT_SIZE": 2.5, "TEXT_ANGLE": 0.0 }, "geometry": { "type": "Point", "coordinates": [ 103.523544890956543, 16.114675424373196, 0.0 ] } },
{ "type": "Feature", "properties": { "TEXTSTRING": "91+300", "TEXT_SIZE": 2.5, "TEXT_ANGLE": 0.0 }, "geometry": { "type": "Point", "coordinates": [ 103.522687819022011, 16.115036419246472, 0.0 ] } },
{ "type": "Feature", "properties": { "TEXTSTRING": "91+200", "TEXT_SIZE": 2.5, "TEXT_ANGLE": 0.0 }, "geometry": { "type": "Point", "coordinates": [ 103.521830734884489, 16.115397410342368, 0.0 ] } },
{ "type": "Feature", "properties": { "TEXTSTRING": "91+100", "TEXT_SIZE": 2.5, "TEXT_ANGLE": 0.0 }, "geometry": { "type": "Point", "coordinates": [ 103.520973647892788, 16.115758397725319, 0.0 ] } },
{ "type": "Feature", "properties": { "TEXTSTRING": "91+000", "TEXT_SIZE": 2.5, "TEXT_ANGLE": 0.0 }, "geometry": { "type": "Point", "coordinates": [ 103.520116558047022, 16.11611938139508, 0.0 ] } },
{ "type": "Feature", "properties": { "TEXTSTRING": "90+900", "TEXT_SIZE": 2.5, "TEXT_ANGLE": 0.0 }, "geometry": { "type": "Point", "coordinates": [ 103.519259474696113, 16.116480361416247, 0.0 ] } },
{ "type": "Feature", "properties": { "TEXTSTRING": "90+800", "TEXT_SIZE": 2.5, "TEXT_ANGLE": 0.0 }, "geometry": { "type": "Point", "coordinates": [ 103.518402379142501, 16.116841337658933, 0.0 ] } },
{ "type": "Feature", "properties": { "TEXTSTRING": "90+700", "TEXT_SIZE": 2.5, "TEXT_ANGLE": 0.0 }, "geometry": { "type": "Point", "coordinates": [ 103.517545280735121, 16.1172023101877, 0.0 ] } },
{ "type": "Feature", "properties": { "TEXTSTRING": "90+600", "TEXT_SIZE": 2.5, "TEXT_ANGLE": 0.0 }, "geometry": { "type": "Point", "coordinates": [ 103.516688179474045, 16.117563279002304, 0.0 ] } },
{ "type": "Feature", "properties": { "TEXTSTRING": "90+500", "TEXT_SIZE": 2.5, "TEXT_ANGLE": 0.0 }, "geometry": { "type": "Point", "coordinates": [ 103.515831084708239, 16.117924244167515, 0.0 ] } },
{ "type": "Feature", "properties": { "TEXTSTRING": "90+400", "TEXT_SIZE": 2.5, "TEXT_ANGLE": 0.0 }, "geometry": { "type": "Point", "coordinates": [ 103.514973977740055, 16.118285205553118, 0.0 ] } },
{ "type": "Feature", "properties": { "TEXTSTRING": "90+300", "TEXT_SIZE": 2.5, "TEXT_ANGLE": 0.0 }, "geometry": { "type": "Point", "coordinates": [ 103.514116867918446, 16.11864616322384, 0.0 ] } },
{ "type": "Feature", "properties": { "TEXTSTRING": "90+200", "TEXT_SIZE": 2.5, "TEXT_ANGLE": 0.0 }, "geometry": { "type": "Point", "coordinates": [ 103.513259755243539, 16.119007117179443, 0.0 ] } },
{ "type": "Feature", "properties": { "TEXTSTRING": "90+100", "TEXT_SIZE": 2.5, "TEXT_ANGLE": 0.0 }, "geometry": { "type": "Point", "coordinates": [ 103.512402648996911, 16.11936807652209, 0.0 ] } },
{ "type": "Feature", "properties": { "TEXTSTRING": "90+000", "TEXT_SIZE": 2.5, "TEXT_ANGLE": 0.0 }, "geometry": { "type": "Point", "coordinates": [ 103.511545530615592, 16.119729023046755, 0.0 ] } },
{ "type": "Feature", "properties": { "TEXTSTRING": "89+900", "TEXT_SIZE": 2.5, "TEXT_ANGLE": 0.0 }, "geometry": { "type": "Point", "coordinates": [ 103.510688409381231, 16.120089965855573, 0.0 ] } },
{ "type": "Feature", "properties": { "TEXTSTRING": "89+800", "TEXT_SIZE": 2.5, "TEXT_ANGLE": 0.0 }, "geometry": { "type": "Point", "coordinates": [ 103.509831285293899, 16.120450904948317, 0.0 ] } },
{ "type": "Feature", "properties": { "TEXTSTRING": "89+700", "TEXT_SIZE": 2.5, "TEXT_ANGLE": 0.0 }, "geometry": { "type": "Point", "coordinates": [ 103.508974167702704, 16.120811840390036, 0.0 ] } },
{ "type": "Feature", "properties": { "TEXTSTRING": "89+600", "TEXT_SIZE": 2.5, "TEXT_ANGLE": 0.0 }, "geometry": { "type": "Point", "coordinates": [ 103.50811703790977, 16.121172772049913, 0.0 ] } },
{ "type": "Feature", "properties": { "TEXTSTRING": "89+500", "TEXT_SIZE": 2.5, "TEXT_ANGLE": 0.0 }, "geometry": { "type": "Point", "coordinates": [ 103.507259905264149, 16.121533699992987, 0.0 ] } },
{ "type": "Feature", "properties": { "TEXTSTRING": "89+400", "TEXT_SIZE": 2.5, "TEXT_ANGLE": 0.0 }, "geometry": { "type": "Point", "coordinates": [ 103.506402779114964, 16.121894624284437, 0.0 ] } },
{ "type": "Feature", "properties": { "TEXTSTRING": "89+300", "TEXT_SIZE": 2.5, "TEXT_ANGLE": 0.0 }, "geometry": { "type": "Point", "coordinates": [ 103.505545640764296, 16.122255544793195, 0.0 ] } },
{ "type": "Feature", "properties": { "TEXTSTRING": "89+200", "TEXT_SIZE": 2.5, "TEXT_ANGLE": 0.0 }, "geometry": { "type": "Point", "coordinates": [ 103.504688499561212, 16.122616461584432, 0.0 ] } },
{ "type": "Feature", "properties": { "TEXTSTRING": "89+100", "TEXT_SIZE": 2.5, "TEXT_ANGLE": 0.0 }, "geometry": { "type": "Point", "coordinates": [ 103.503831355505838, 16.122977374657896, 0.0 ] } },
{ "type": "Feature", "properties": { "TEXTSTRING": "89+100", "TEXT_SIZE": 2.5, "TEXT_ANGLE": 0.0 }, "geometry": { "type": "Point", "coordinates": [ 103.50377505220591, 16.123001083392893, 0.0 ] } },
{ "type": "Feature", "properties": { "TEXTSTRING": "89+000", "TEXT_SIZE": 2.5, "TEXT_ANGLE": 0.0 }, "geometry": { "type": "Point", "coordinates": [ 103.502917914460042, 16.123361992569691, 0.0 ] } },
{ "type": "Feature", "properties": { "TEXTSTRING": "88+900", "TEXT_SIZE": 2.5, "TEXT_ANGLE": 0.0 }, "geometry": { "type": "Point", "coordinates": [ 103.502060764512976, 16.123722897962665, 0.0 ] } },
{ "type": "Feature", "properties": { "TEXTSTRING": "88+800", "TEXT_SIZE": 2.5, "TEXT_ANGLE": 0.0 }, "geometry": { "type": "Point", "coordinates": [ 103.50120361171389, 16.124083799637145, 0.0 ] } },
{ "type": "Feature", "properties": { "TEXTSTRING": "88+700", "TEXT_SIZE": 2.5, "TEXT_ANGLE": 0.0 }, "geometry": { "type": "Point", "coordinates": [ 103.50034633663158, 16.124444416585664, 0.0 ] } },
{ "type": "Feature", "properties": { "TEXTSTRING": "88+600", "TEXT_SIZE": 2.5, "TEXT_ANGLE": 0.0 }, "geometry": { "type": "Point", "coordinates": [ 103.499483929488747, 16.124793353227954, 0.0 ] } },
{ "type": "Feature", "properties": { "TEXTSTRING": "88+500", "TEXT_SIZE": 2.5, "TEXT_ANGLE": 0.0 }, "geometry": { "type": "Point", "coordinates": [ 103.498610399970914, 16.12511535697179, 0.0 ] } },
{ "type": "Feature", "properties": { "TEXTSTRING": "88+400", "TEXT_SIZE": 2.5, "TEXT_ANGLE": 0.0 }, "geometry": { "type": "Point", "coordinates": [ 103.497726245113938, 16.125409030367937, 0.0 ] } },
{ "type": "Feature", "properties": { "TEXTSTRING": "88+300", "TEXT_SIZE": 2.5, "TEXT_ANGLE": 0.0 }, "geometry": { "type": "Point", "coordinates": [ 103.496832449386389, 16.125674054891899, 0.0 ] } },
{ "type": "Feature", "properties": { "TEXTSTRING": "88+200", "TEXT_SIZE": 2.5, "TEXT_ANGLE": 0.0 }, "geometry": { "type": "Point", "coordinates": [ 103.495930015767911, 16.125910139279078, 0.0 ] } },
{ "type": "Feature", "properties": { "TEXTSTRING": "88+100", "TEXT_SIZE": 2.5, "TEXT_ANGLE": 0.0 }, "geometry": { "type": "Point", "coordinates": [ 103.495019947117044, 16.126117010356428, 0.0 ] } },
{ "type": "Feature", "properties": { "TEXTSTRING": "88+000", "TEXT_SIZE": 2.5, "TEXT_ANGLE": 0.0 }, "geometry": { "type": "Point", "coordinates": [ 103.494103245896454, 16.126294449191274, 0.0 ] } },
{ "type": "Feature", "properties": { "TEXTSTRING": "87+900", "TEXT_SIZE": 2.5, "TEXT_ANGLE": 0.0 }, "geometry": { "type": "Point", "coordinates": [ 103.493180933141659, 16.126442255074892, 0.0 ] } },
{ "type": "Feature", "properties": { "TEXTSTRING": "87+800", "TEXT_SIZE": 2.5, "TEXT_ANGLE": 0.0 }, "geometry": { "type": "Point", "coordinates": [ 103.492254038973343, 16.126560263531211, 0.0 ] } },
{ "type": "Feature", "properties": { "TEXTSTRING": "87+700", "TEXT_SIZE": 2.5, "TEXT_ANGLE": 0.0 }, "geometry": { "type": "Point", "coordinates": [ 103.491323593314149, 16.126648337213879, 0.0 ] } },
{ "type": "Feature", "properties": { "TEXTSTRING": "87+600", "TEXT_SIZE": 2.5, "TEXT_ANGLE": 0.0 }, "geometry": { "type": "Point", "coordinates": [ 103.490390616400475, 16.126706383914328, 0.0 ] } },
{ "type": "Feature", "properties": { "TEXTSTRING": "87+500", "TEXT_SIZE": 2.5, "TEXT_ANGLE": 0.0 }, "geometry": { "type": "Point", "coordinates": [ 103.489456165662631, 16.126734338818217, 0.0 ] } },
{ "type": "Feature", "properties": { "TEXTSTRING": "87+400", "TEXT_SIZE": 2.5, "TEXT_ANGLE": 0.0 }, "geometry": { "type": "Point", "coordinates": [ 103.48852127020993, 16.12673217307966, 0.0 ] } },
{ "type": "Feature", "properties": { "TEXTSTRING": "87+300", "TEXT_SIZE": 2.5, "TEXT_ANGLE": 0.0 }, "geometry": { "type": "Point", "coordinates": [ 103.487586968156293, 16.126699903122628, 0.0 ] } },
{ "type": "Feature", "properties": { "TEXTSTRING": "87+200", "TEXT_SIZE": 2.5, "TEXT_ANGLE": 0.0 }, "geometry": { "type": "Point", "coordinates": [ 103.486653764341412, 16.126644979568248, 0.0 ] } },
{ "type": "Feature", "properties": { "TEXTSTRING": "87+100", "TEXT_SIZE": 2.5, "TEXT_ANGLE": 0.0 }, "geometry": { "type": "Point", "coordinates": [ 103.485720753586861, 16.126586908246981, 0.0 ] } },
{ "type": "Feature", "properties": { "TEXTSTRING": "87+000", "TEXT_SIZE": 2.5, "TEXT_ANGLE": 0.0 }, "geometry": { "type": "Point", "coordinates": [ 103.484787743816227, 16.126528823852798, 0.0 ] } },
{ "type": "Feature", "properties": { "TEXTSTRING": "86+900", "TEXT_SIZE": 2.5, "TEXT_ANGLE": 0.0 }, "geometry": { "type": "Point", "coordinates": [ 103.48385473496117, 16.126470735422874, 0.0 ] } },
{ "type": "Feature", "properties": { "TEXTSTRING": "86+800", "TEXT_SIZE": 2.5, "TEXT_ANGLE": 0.0 }, "geometry": { "type": "Point", "coordinates": [ 103.482921727021946, 16.126412642957256, 0.0 ] } },
{ "type": "Feature", "properties": { "TEXTSTRING": "86+700", "TEXT_SIZE": 2.5, "TEXT_ANGLE": 0.0 }, "geometry": { "type": "Point", "coordinates": [ 103.481988729279152, 16.126354555559647, 0.0 ] } },
{ "type": "Feature", "properties": { "TEXTSTRING": "86+600", "TEXT_SIZE": 2.5, "TEXT_ANGLE": 0.0 }, "geometry": { "type": "Point", "coordinates": [ 103.481055723172361, 16.126296455022842, 0.0 ] } },
{ "type": "Feature", "properties": { "TEXTSTRING": "86+500", "TEXT_SIZE": 2.5, "TEXT_ANGLE": 0.0 }, "geometry": { "type": "Point", "coordinates": [ 103.480122717982198, 16.126238350450507, 0.0 ] } },
{ "type": "Feature", "properties": { "TEXTSTRING": "86+400", "TEXT_SIZE": 2.5, "TEXT_ANGLE": 0.0 }, "geometry": { "type": "Point", "coordinates": [ 103.479189713639983, 16.126180250879781, 0.0 ] } },
{ "type": "Feature", "properties": { "TEXTSTRING": "86+300", "TEXT_SIZE": 2.5, "TEXT_ANGLE": 0.0 }, "geometry": { "type": "Point", "coordinates": [ 103.478256719632924, 16.126122138303185, 0.0 ] } },
{ "type": "Feature", "properties": { "TEXTSTRING": "86+200", "TEXT_SIZE": 2.5, "TEXT_ANGLE": 0.0 }, "geometry": { "type": "Point", "coordinates": [ 103.477323717194196, 16.126064021624572, 0.0 ] } },
{ "type": "Feature", "properties": { "TEXTSTRING": "86+100", "TEXT_SIZE": 2.5, "TEXT_ANGLE": 0.0 }, "geometry": { "type": "Point", "coordinates": [ 103.476390715673134, 16.126005900910606, 0.0 ] } },
{ "type": "Feature", "properties": { "TEXTSTRING": "86+000", "TEXT_SIZE": 2.5, "TEXT_ANGLE": 0.0 }, "geometry": { "type": "Point", "coordinates": [ 103.475457715000914, 16.125947785198449, 0.0 ] } },
{ "type": "Feature", "properties": { "TEXTSTRING": "85+900", "TEXT_SIZE": 2.5, "TEXT_ANGLE": 0.0 }, "geometry": { "type": "Point", "coordinates": [ 103.474524724665059, 16.125889656480794, 0.0 ] } },
{ "type": "Feature", "properties": { "TEXTSTRING": "85+800", "TEXT_SIZE": 2.5, "TEXT_ANGLE": 0.0 }, "geometry": { "type": "Point", "coordinates": [ 103.473591725898601, 16.125831523661152, 0.0 ] } },
{ "type": "Feature", "properties": { "TEXTSTRING": "85+700", "TEXT_SIZE": 2.5, "TEXT_ANGLE": 0.0 }, "geometry": { "type": "Point", "coordinates": [ 103.47265872805086, 16.125773386806362, 0.0 ] } },
{ "type": "Feature", "properties": { "TEXTSTRING": "85+600", "TEXT_SIZE": 2.5, "TEXT_ANGLE": 0.0 }, "geometry": { "type": "Point", "coordinates": [ 103.471725731052871, 16.125715254953565, 0.0 ] } },
{ "type": "Feature", "properties": { "TEXTSTRING": "85+500", "TEXT_SIZE": 2.5, "TEXT_ANGLE": 0.0 }, "geometry": { "type": "Point", "coordinates": [ 103.470792735043375, 16.125657110028637, 0.0 ] } },
{ "type": "Feature", "properties": { "TEXTSTRING": "85+400", "TEXT_SIZE": 2.5, "TEXT_ANGLE": 0.0 }, "geometry": { "type": "Point", "coordinates": [ 103.469859749302472, 16.125598961135768, 0.0 ] } },
{ "type": "Feature", "properties": { "TEXTSTRING": "85+300", "TEXT_SIZE": 2.5, "TEXT_ANGLE": 0.0 }, "geometry": { "type": "Point", "coordinates": [ 103.468926755062881, 16.125540817178017, 0.0 ] } },
{ "type": "Feature", "properties": { "TEXTSTRING": "85+200", "TEXT_SIZE": 2.5, "TEXT_ANGLE": 0.0 }, "geometry": { "type": "Point", "coordinates": [ 103.467993761812735, 16.1254826601483, 0.0 ] } },
{ "type": "Feature", "properties": { "TEXTSTRING": "85+100", "TEXT_SIZE": 2.5, "TEXT_ANGLE": 0.0 }, "geometry": { "type": "Point", "coordinates": [ 103.467060769482913, 16.125424499083742, 0.0 ] } },
{ "type": "Feature", "properties": { "TEXTSTRING": "85+000", "TEXT_SIZE": 2.5, "TEXT_ANGLE": 0.0 }, "geometry": { "type": "Point", "coordinates": [ 103.466127777726001, 16.125366379169634, 0.0 ] } },
{ "type": "Feature", "properties": { "TEXTSTRING": "84+900", "TEXT_SIZE": 2.5, "TEXT_ANGLE": 0.0 }, "geometry": { "type": "Point", "coordinates": [ 103.465194270582089, 16.125317026963046, 0.0 ] } },
{ "type": "Feature", "properties": { "TEXTSTRING": "84+800", "TEXT_SIZE": 2.5, "TEXT_ANGLE": 0.0 }, "geometry": { "type": "Point", "coordinates": [ 103.464259723818088, 16.125292290522562, 0.0 ] } },
{ "type": "Feature", "properties": { "TEXTSTRING": "84+700", "TEXT_SIZE": 2.5, "TEXT_ANGLE": 0.0 }, "geometry": { "type": "Point", "coordinates": [ 103.463324829140134, 16.125293358706532, 0.0 ] } },
{ "type": "Feature", "properties": { "TEXTSTRING": "84+600", "TEXT_SIZE": 2.5, "TEXT_ANGLE": 0.0 }, "geometry": { "type": "Point", "coordinates": [ 103.462390352733564, 16.125320246040605, 0.0 ] } },
{ "type": "Feature", "properties": { "TEXTSTRING": "84+500", "TEXT_SIZE": 2.5, "TEXT_ANGLE": 0.0 }, "geometry": { "type": "Point", "coordinates": [ 103.461456718969757, 16.125367587267586, 0.0 ] } },
{ "type": "Feature", "properties": { "TEXTSTRING": "84+400", "TEXT_SIZE": 2.5, "TEXT_ANGLE": 0.0 }, "geometry": { "type": "Point", "coordinates": [ 103.460523222998575, 16.125417654696925, 0.0 ] } },
{ "type": "Feature", "properties": { "TEXTSTRING": "84+300", "TEXT_SIZE": 2.5, "TEXT_ANGLE": 0.0 }, "geometry": { "type": "Point", "coordinates": [ 103.459589736215847, 16.125467727103835, 0.0 ] } },
{ "type": "Feature", "properties": { "TEXTSTRING": "84+200", "TEXT_SIZE": 2.5, "TEXT_ANGLE": 0.0 }, "geometry": { "type": "Point", "coordinates": [ 103.458656356486273, 16.125519657887288, 0.0 ] } },
{ "type": "Feature", "properties": { "TEXTSTRING": "84+100", "TEXT_SIZE": 2.5, "TEXT_ANGLE": 0.0 }, "geometry": { "type": "Point", "coordinates": [ 103.457724800084605, 16.125595718859429, 0.0 ] } },
{ "type": "Feature", "properties": { "TEXTSTRING": "84+000", "TEXT_SIZE": 2.5, "TEXT_ANGLE": 0.0 }, "geometry": { "type": "Point", "coordinates": [ 103.456796526641128, 16.125702969835558, 0.0 ] } },
{ "type": "Feature", "properties": { "TEXTSTRING": "83+900", "TEXT_SIZE": 2.5, "TEXT_ANGLE": 0.0 }, "geometry": { "type": "Point", "coordinates": [ 103.455869608596515, 16.125821035360502, 0.0 ] } },
{ "type": "Feature", "properties": { "TEXTSTRING": "83+800", "TEXT_SIZE": 2.5, "TEXT_ANGLE": 0.0 }, "geometry": { "type": "Point", "coordinates": [ 103.45494269917134, 16.125939096827548, 0.0 ] } },
{ "type": "Feature", "properties": { "TEXTSTRING": "83+700", "TEXT_SIZE": 2.5, "TEXT_ANGLE": 0.0 }, "geometry": { "type": "Point", "coordinates": [ 103.454015789016864, 16.126057154168997, 0.0 ] } },
{ "type": "Feature", "properties": { "TEXTSTRING": "83+600", "TEXT_SIZE": 2.5, "TEXT_ANGLE": 0.0 }, "geometry": { "type": "Point", "coordinates": [ 103.453088868784363, 16.126175207316958, 0.0 ] } },
{ "type": "Feature", "properties": { "TEXTSTRING": "83+500", "TEXT_SIZE": 2.5, "TEXT_ANGLE": 0.0 }, "geometry": { "type": "Point", "coordinates": [ 103.452161957242211, 16.126293247369908, 0.0 ] } },
{ "type": "Feature", "properties": { "TEXTSTRING": "83+400", "TEXT_SIZE": 2.5, "TEXT_ANGLE": 0.0 }, "geometry": { "type": "Point", "coordinates": [ 103.451235035552401, 16.126411292266109, 0.0 ] } },
{ "type": "Feature", "properties": { "TEXTSTRING": "83+300", "TEXT_SIZE": 2.5, "TEXT_ANGLE": 0.0 }, "geometry": { "type": "Point", "coordinates": [ 103.450308122483307, 16.126529333104173, 0.0 ] } },
{ "type": "Feature", "properties": { "TEXTSTRING": "83+200", "TEXT_SIZE": 2.5, "TEXT_ANGLE": 0.0 }, "geometry": { "type": "Point", "coordinates": [ 103.449381199337139, 16.126647369748241, 0.0 ] } },
{ "type": "Feature", "properties": { "TEXTSTRING": "83+100", "TEXT_SIZE": 2.5, "TEXT_ANGLE": 0.0 }, "geometry": { "type": "Point", "coordinates": [ 103.448454284882516, 16.126765393297102, 0.0 ] } },
{ "type": "Feature", "properties": { "TEXTSTRING": "83+000", "TEXT_SIZE": 2.5, "TEXT_ANGLE": 0.0 }, "geometry": { "type": "Point", "coordinates": [ 103.447527369630066, 16.126883421756713, 0.0 ] } },
{ "type": "Feature", "properties": { "TEXTSTRING": "82+900", "TEXT_SIZE": 2.5, "TEXT_ANGLE": 0.0 }, "geometry": { "type": "Point", "coordinates": [ 103.446600444301325, 16.127001446021925, 0.0 ] } },
{ "type": "Feature", "properties": { "TEXTSTRING": "82+800", "TEXT_SIZE": 2.5, "TEXT_ANGLE": 0.0 }, "geometry": { "type": "Point", "coordinates": [ 103.445673527594522, 16.127119466228766, 0.0 ] } },
{ "type": "Feature", "properties": { "TEXTSTRING": "82+700", "TEXT_SIZE": 2.5, "TEXT_ANGLE": 0.0 }, "geometry": { "type": "Point", "coordinates": [ 103.444746600882439, 16.127237473203991, 0.0 ] } },
{ "type": "Feature", "properties": { "TEXTSTRING": "82+600", "TEXT_SIZE": 2.5, "TEXT_ANGLE": 0.0 }, "geometry": { "type": "Point", "coordinates": [ 103.443819682722349, 16.127355485157704, 0.0 ] } },
{ "type": "Feature", "properties": { "TEXTSTRING": "82+500", "TEXT_SIZE": 2.5, "TEXT_ANGLE": 0.0 }, "geometry": { "type": "Point", "coordinates": [ 103.442892754486948, 16.127473492916504, 0.0 ] } },
{ "type": "Feature", "properties": { "TEXTSTRING": "82+400", "TEXT_SIZE": 2.5, "TEXT_ANGLE": 0.0 }, "geometry": { "type": "Point", "coordinates": [ 103.441965834874523, 16.127591496616727, 0.0 ] } },
{ "type": "Feature", "properties": { "TEXTSTRING": "82+300", "TEXT_SIZE": 2.5, "TEXT_ANGLE": 0.0 }, "geometry": { "type": "Point", "coordinates": [ 103.441038914536293, 16.127709496190086, 0.0 ] } },
{ "type": "Feature", "properties": { "TEXTSTRING": "82+200", "TEXT_SIZE": 2.5, "TEXT_ANGLE": 0.0 }, "geometry": { "type": "Point", "coordinates": [ 103.440111984194232, 16.127827482531217, 0.0 ] } },
{ "type": "Feature", "properties": { "TEXTSTRING": "82+100", "TEXT_SIZE": 2.5, "TEXT_ANGLE": 0.0 }, "geometry": { "type": "Point", "coordinates": [ 103.439185062405215, 16.127945473850559, 0.0 ] } },
{ "type": "Feature", "properties": { "TEXTSTRING": "82+000", "TEXT_SIZE": 2.5, "TEXT_ANGLE": 0.0 }, "geometry": { "type": "Point", "coordinates": [ 103.438258130542138, 16.128063460974335, 0.0 ] } },
{ "type": "Feature", "properties": { "TEXTSTRING": "81+900", "TEXT_SIZE": 2.5, "TEXT_ANGLE": 0.0 }, "geometry": { "type": "Point", "coordinates": [ 103.437331207303288, 16.128181444039296, 0.0 ] } },
{ "type": "Feature", "properties": { "TEXTSTRING": "81+800", "TEXT_SIZE": 2.5, "TEXT_ANGLE": 0.0 }, "geometry": { "type": "Point", "coordinates": [ 103.436404283410781, 16.128299413940024, 0.0 ] } },
{ "type": "Feature", "properties": { "TEXTSTRING": "81+700", "TEXT_SIZE": 2.5, "TEXT_ANGLE": 0.0 }, "geometry": { "type": "Point", "coordinates": [ 103.435477349374111, 16.128417388681715, 0.0 ] } },
{ "type": "Feature", "properties": { "TEXTSTRING": "81+600", "TEXT_SIZE": 2.5, "TEXT_ANGLE": 0.0 }, "geometry": { "type": "Point", "coordinates": [ 103.43455042396242, 16.128535359364449, 0.0 ] } },
{ "type": "Feature", "properties": { "TEXTSTRING": "81+500", "TEXT_SIZE": 2.5, "TEXT_ANGLE": 0.0 }, "geometry": { "type": "Point", "coordinates": [ 103.43362348847792, 16.128653325850959, 0.0 ] } },
{ "type": "Feature", "properties": { "TEXTSTRING": "81+400", "TEXT_SIZE": 2.5, "TEXT_ANGLE": 0.0 }, "geometry": { "type": "Point", "coordinates": [ 103.432696561689966, 16.128771279241505, 0.0 ] } },
{ "type": "Feature", "properties": { "TEXTSTRING": "81+300", "TEXT_SIZE": 2.5, "TEXT_ANGLE": 0.0 }, "geometry": { "type": "Point", "coordinates": [ 103.431769624758658, 16.128889237472475, 0.0 ] } },
{ "type": "Feature", "properties": { "TEXTSTRING": "81+200", "TEXT_SIZE": 2.5, "TEXT_ANGLE": 0.0 }, "geometry": { "type": "Point", "coordinates": [ 103.430842696453354, 16.129007191644284, 0.0 ] } },
{ "type": "Feature", "properties": { "TEXTSTRING": "81+100", "TEXT_SIZE": 2.5, "TEXT_ANGLE": 0.0 }, "geometry": { "type": "Point", "coordinates": [ 103.429915767425243, 16.129125141688164, 0.0 ] } },
{ "type": "Feature", "properties": { "TEXTSTRING": "81+000", "TEXT_SIZE": 2.5, "TEXT_ANGLE": 0.0 }, "geometry": { "type": "Point", "coordinates": [ 103.428988828325586, 16.129243087535158, 0.0 ] } },
{ "type": "Feature", "properties": { "TEXTSTRING": "80+900", "TEXT_SIZE": 2.5, "TEXT_ANGLE": 0.0 }, "geometry": { "type": "Point", "coordinates": [ 103.428061897923911, 16.129361020285973, 0.0 ] } },
{ "type": "Feature", "properties": { "TEXTSTRING": "80+800", "TEXT_SIZE": 2.5, "TEXT_ANGLE": 0.0 }, "geometry": { "type": "Point", "coordinates": [ 103.427134957379948, 16.12947895787654, 0.0 ] } },
{ "type": "Feature", "properties": { "TEXTSTRING": "80+700", "TEXT_SIZE": 2.5, "TEXT_ANGLE": 0.0 }, "geometry": { "type": "Point", "coordinates": [ 103.426208025463239, 16.129596891407697, 0.0 ] } },
{ "type": "Feature", "properties": { "TEXTSTRING": "80+600", "TEXT_SIZE": 2.5, "TEXT_ANGLE": 0.0 }, "geometry": { "type": "Point", "coordinates": [ 103.425281092824974, 16.129714820810481, 0.0 ] } },
{ "type": "Feature", "properties": { "TEXTSTRING": "80+500", "TEXT_SIZE": 2.5, "TEXT_ANGLE": 0.0 }, "geometry": { "type": "Point", "coordinates": [ 103.424354150187838, 16.129832736978859, 0.0 ] } },
{ "type": "Feature", "properties": { "TEXTSTRING": "80+400", "TEXT_SIZE": 2.5, "TEXT_ANGLE": 0.0 }, "geometry": { "type": "Point", "coordinates": [ 103.423427216107285, 16.129950658124574, 0.0 ] } },
{ "type": "Feature", "properties": { "TEXTSTRING": "80+300", "TEXT_SIZE": 2.5, "TEXT_ANGLE": 0.0 }, "geometry": { "type": "Point", "coordinates": [ 103.42250027195692, 16.130068575072482, 0.0 ] } },
{ "type": "Feature", "properties": { "TEXTSTRING": "80+200", "TEXT_SIZE": 2.5, "TEXT_ANGLE": 0.0 }, "geometry": { "type": "Point", "coordinates": [ 103.421573336435046, 16.130186487960756, 0.0 ] } },
{ "type": "Feature", "properties": { "TEXTSTRING": "80+100", "TEXT_SIZE": 2.5, "TEXT_ANGLE": 0.0 }, "geometry": { "type": "Point", "coordinates": [ 103.420646390915451, 16.130304387614125, 0.0 ] } },
{ "type": "Feature", "properties": { "TEXTSTRING": "80+000", "TEXT_SIZE": 2.5, "TEXT_ANGLE": 0.0 }, "geometry": { "type": "Point", "coordinates": [ 103.419719453953306, 16.13042229224461, 0.0 ] } },
{ "type": "Feature", "properties": { "TEXTSTRING": "79+900", "TEXT_SIZE": 2.5, "TEXT_ANGLE": 0.0 }, "geometry": { "type": "Point", "coordinates": [ 103.418792516271367, 16.130540192746075, 0.0 ] } },
{ "type": "Feature", "properties": { "TEXTSTRING": "79+800", "TEXT_SIZE": 2.5, "TEXT_ANGLE": 0.0 }, "geometry": { "type": "Point", "coordinates": [ 103.417865568520838, 16.130658089049106, 0.0 ] } },
{ "type": "Feature", "properties": { "TEXTSTRING": "79+700", "TEXT_SIZE": 2.5, "TEXT_ANGLE": 0.0 }, "geometry": { "type": "Point", "coordinates": [ 103.416938629400065, 16.130775981292242, 0.0 ] } },
{ "type": "Feature", "properties": { "TEXTSTRING": "79+600", "TEXT_SIZE": 2.5, "TEXT_ANGLE": 0.0 }, "geometry": { "type": "Point", "coordinates": [ 103.416011680283049, 16.130893860299853, 0.0 ] } },
{ "type": "Feature", "properties": { "TEXTSTRING": "79+500", "TEXT_SIZE": 2.5, "TEXT_ANGLE": 0.0 }, "geometry": { "type": "Point", "coordinates": [ 103.415084739724492, 16.131011744284308, 0.0 ] } },
{ "type": "Feature", "properties": { "TEXTSTRING": "79+400", "TEXT_SIZE": 2.5, "TEXT_ANGLE": 0.0 }, "geometry": { "type": "Point", "coordinates": [ 103.414157789098368, 16.1311296240698, 0.0 ] } },
{ "type": "Feature", "properties": { "TEXTSTRING": "79+300", "TEXT_SIZE": 2.5, "TEXT_ANGLE": 0.0 }, "geometry": { "type": "Point", "coordinates": [ 103.413230847102994, 16.131247499795197, 0.0 ] } },
{ "type": "Feature", "properties": { "TEXTSTRING": "79+200", "TEXT_SIZE": 2.5, "TEXT_ANGLE": 0.0 }, "geometry": { "type": "Point", "coordinates": [ 103.412303904461595, 16.13136536235416, 0.0 ] } },
{ "type": "Feature", "properties": { "TEXTSTRING": "79+100", "TEXT_SIZE": 2.5, "TEXT_ANGLE": 0.0 }, "geometry": { "type": "Point", "coordinates": [ 103.41137695168139, 16.131483229750572, 0.0 ] } },
{ "type": "Feature", "properties": { "TEXTSTRING": "79+000", "TEXT_SIZE": 2.5, "TEXT_ANGLE": 0.0 }, "geometry": { "type": "Point", "coordinates": [ 103.410450007532717, 16.131601093086761, 0.0 ] } },
{ "type": "Feature", "properties": { "TEXTSTRING": "78+900", "TEXT_SIZE": 2.5, "TEXT_ANGLE": 0.0 }, "geometry": { "type": "Point", "coordinates": [ 103.409523053317685, 16.13171895222332, 0.0 ] } },
{ "type": "Feature", "properties": { "TEXTSTRING": "78+800", "TEXT_SIZE": 2.5, "TEXT_ANGLE": 0.0 }, "geometry": { "type": "Point", "coordinates": [ 103.408596107806858, 16.131836798262771, 0.0 ] } },
{ "type": "Feature", "properties": { "TEXTSTRING": "78+700", "TEXT_SIZE": 2.5, "TEXT_ANGLE": 0.0 }, "geometry": { "type": "Point", "coordinates": [ 103.407669161507116, 16.131954649208936, 0.0 ] } },
{ "type": "Feature", "properties": { "TEXTSTRING": "78+600", "TEXT_SIZE": 2.5, "TEXT_ANGLE": 0.0 }, "geometry": { "type": "Point", "coordinates": [ 103.406742205141782, 16.132072495955093, 0.0 ] } },
{ "type": "Feature", "properties": { "TEXTSTRING": "78+500", "TEXT_SIZE": 2.5, "TEXT_ANGLE": 0.0 }, "geometry": { "type": "Point", "coordinates": [ 103.405815257409216, 16.132190338640765, 0.0 ] } },
{ "type": "Feature", "properties": { "TEXTSTRING": "78+400", "TEXT_SIZE": 2.5, "TEXT_ANGLE": 0.0 }, "geometry": { "type": "Point", "coordinates": [ 103.404888299611571, 16.132308177126173, 0.0 ] } },
{ "type": "Feature", "properties": { "TEXTSTRING": "78+300", "TEXT_SIZE": 2.5, "TEXT_ANGLE": 0.0 }, "geometry": { "type": "Point", "coordinates": [ 103.40396135051958, 16.132426002514244, 0.0 ] } },
{ "type": "Feature", "properties": { "TEXTSTRING": "78+200", "TEXT_SIZE": 2.5, "TEXT_ANGLE": 0.0 }, "geometry": { "type": "Point", "coordinates": [ 103.40303439129066, 16.132543832738552, 0.0 ] } },
{ "type": "Feature", "properties": { "TEXTSTRING": "78+100", "TEXT_SIZE": 2.5, "TEXT_ANGLE": 0.0 }, "geometry": { "type": "Point", "coordinates": [ 103.402107440695517, 16.132661658902197, 0.0 ] } },
{ "type": "Feature", "properties": { "TEXTSTRING": "78+000", "TEXT_SIZE": 2.5, "TEXT_ANGLE": 0.0 }, "geometry": { "type": "Point", "coordinates": [ 103.401180489385339, 16.132779480935135, 0.0 ] } },
{ "type": "Feature", "properties": { "TEXTSTRING": "77+900", "TEXT_SIZE": 2.5, "TEXT_ANGLE": 0.0 }, "geometry": { "type": "Point", "coordinates": [ 103.400253528083866, 16.13289728973038, 0.0 ] } },
{ "type": "Feature", "properties": { "TEXTSTRING": "77+800", "TEXT_SIZE": 2.5, "TEXT_ANGLE": 0.0 }, "geometry": { "type": "Point", "coordinates": [ 103.399326575344418, 16.133015103501592, 0.0 ] } },
{ "type": "Feature", "properties": { "TEXTSTRING": "77+700", "TEXT_SIZE": 2.5, "TEXT_ANGLE": 0.0 }, "geometry": { "type": "Point", "coordinates": [ 103.398399612541624, 16.133132913071602, 0.0 ] } },
{ "type": "Feature", "properties": { "TEXTSTRING": "77+600", "TEXT_SIZE": 2.5, "TEXT_ANGLE": 0.0 }, "geometry": { "type": "Point", "coordinates": [ 103.397472658373871, 16.133250718580715, 0.0 ] } },
{ "type": "Feature", "properties": { "TEXTSTRING": "77+500", "TEXT_SIZE": 2.5, "TEXT_ANGLE": 0.0 }, "geometry": { "type": "Point", "coordinates": [ 103.396545703565067, 16.133368510921926, 0.0 ] } },
{ "type": "Feature", "properties": { "TEXTSTRING": "77+400", "TEXT_SIZE": 2.5, "TEXT_ANGLE": 0.0 }, "geometry": { "type": "Point", "coordinates": [ 103.395618738620968, 16.133486308098302, 0.0 ] } },
{ "type": "Feature", "properties": { "TEXTSTRING": "77+300", "TEXT_SIZE": 2.5, "TEXT_ANGLE": 0.0 }, "geometry": { "type": "Point", "coordinates": [ 103.394691782312663, 16.133604101213631, 0.0 ] } },
{ "type": "Feature", "properties": { "TEXTSTRING": "77+200", "TEXT_SIZE": 2.5, "TEXT_ANGLE": 0.0 }, "geometry": { "type": "Point", "coordinates": [ 103.393764815942262, 16.133721890127109, 0.0 ] } },
{ "type": "Feature", "properties": { "TEXTSTRING": "77+100", "TEXT_SIZE": 2.5, "TEXT_ANGLE": 0.0 }, "geometry": { "type": "Point", "coordinates": [ 103.392837858208154, 16.133839674979448, 0.0 ] } },
{ "type": "Feature", "properties": { "TEXTSTRING": "77+000", "TEXT_SIZE": 2.5, "TEXT_ANGLE": 0.0 }, "geometry": { "type": "Point", "coordinates": [ 103.391910890485377, 16.133957446592966, 0.0 ] } },
{ "type": "Feature", "properties": { "TEXTSTRING": "76+900", "TEXT_SIZE": 2.5, "TEXT_ANGLE": 0.0 }, "geometry": { "type": "Point", "coordinates": [ 103.390983931326517, 16.134075223181966, 0.0 ] } },
{ "type": "Feature", "properties": { "TEXTSTRING": "76+800", "TEXT_SIZE": 2.5, "TEXT_ANGLE": 0.0 }, "geometry": { "type": "Point", "coordinates": [ 103.390056971455621, 16.134192995639175, 0.0 ] } },
{ "type": "Feature", "properties": { "TEXTSTRING": "76+700", "TEXT_SIZE": 2.5, "TEXT_ANGLE": 0.0 }, "geometry": { "type": "Point", "coordinates": [ 103.389130001523853, 16.134310763893886, 0.0 ] } },
{ "type": "Feature", "properties": { "TEXTSTRING": "76+600", "TEXT_SIZE": 2.5, "TEXT_ANGLE": 0.0 }, "geometry": { "type": "Point", "coordinates": [ 103.38820304030277, 16.134428519050516, 0.0 ] } },
{ "type": "Feature", "properties": { "TEXTSTRING": "76+500", "TEXT_SIZE": 2.5, "TEXT_ANGLE": 0.0 }, "geometry": { "type": "Point", "coordinates": [ 103.387276068948239, 16.134546279041086, 0.0 ] } },
{ "type": "Feature", "properties": { "TEXTSTRING": "76+400", "TEXT_SIZE": 2.5, "TEXT_ANGLE": 0.0 }, "geometry": { "type": "Point", "coordinates": [ 103.386349106231776, 16.134664034970189, 0.0 ] } },
{ "type": "Feature", "properties": { "TEXTSTRING": "76+300", "TEXT_SIZE": 2.5, "TEXT_ANGLE": 0.0 }, "geometry": { "type": "Point", "coordinates": [ 103.385422142804558, 16.134781786767039, 0.0 ] } },
{ "type": "Feature", "properties": { "TEXTSTRING": "76+200", "TEXT_SIZE": 2.5, "TEXT_ANGLE": 0.0 }, "geometry": { "type": "Point", "coordinates": [ 103.384495169390988, 16.134899525324066, 0.0 ] } },
{ "type": "Feature", "properties": { "TEXTSTRING": "76+100", "TEXT_SIZE": 2.5, "TEXT_ANGLE": 0.0 }, "geometry": { "type": "Point", "coordinates": [ 103.383568204542996, 16.135017268856146, 0.0 ] } },
{ "type": "Feature", "properties": { "TEXTSTRING": "76+000", "TEXT_SIZE": 2.5, "TEXT_ANGLE": 0.0 }, "geometry": { "type": "Point", "coordinates": [ 103.382641229635894, 16.135135008184829, 0.0 ] } },
{ "type": "Feature", "properties": { "TEXTSTRING": "75+900", "TEXT_SIZE": 2.5, "TEXT_ANGLE": 0.0 }, "geometry": { "type": "Point", "coordinates": [ 103.381714307397644, 16.135253078163387, 0.0 ] } },
{ "type": "Feature", "properties": { "TEXTSTRING": "75+800", "TEXT_SIZE": 2.5, "TEXT_ANGLE": 0.0 }, "geometry": { "type": "Point", "coordinates": [ 103.380788835659445, 16.135381249609637, 0.0 ] } },
{ "type": "Feature", "properties": { "TEXTSTRING": "75+700", "TEXT_SIZE": 2.5, "TEXT_ANGLE": 0.0 }, "geometry": { "type": "Point", "coordinates": [ 103.379866182373632, 16.135527196487889, 0.0 ] } },
{ "type": "Feature", "properties": { "TEXTSTRING": "75+600", "TEXT_SIZE": 2.5, "TEXT_ANGLE": 0.0 }, "geometry": { "type": "Point", "coordinates": [ 103.378946739733891, 16.135690948907062, 0.0 ] } },
{ "type": "Feature", "properties": { "TEXTSTRING": "75+500", "TEXT_SIZE": 2.5, "TEXT_ANGLE": 0.0 }, "geometry": { "type": "Point", "coordinates": [ 103.3780308634216, 16.135872428258459, 0.0 ] } },
{ "type": "Feature", "properties": { "TEXTSTRING": "75+400", "TEXT_SIZE": 2.5, "TEXT_ANGLE": 0.0 }, "geometry": { "type": "Point", "coordinates": [ 103.377118927599071, 16.136071583191942, 0.0 ] } },
{ "type": "Feature", "properties": { "TEXTSTRING": "75+300", "TEXT_SIZE": 2.5, "TEXT_ANGLE": 0.0 }, "geometry": { "type": "Point", "coordinates": [ 103.376211288102112, 16.136288317038243, 0.0 ] } },
{ "type": "Feature", "properties": { "TEXTSTRING": "75+200", "TEXT_SIZE": 2.5, "TEXT_ANGLE": 0.0 }, "geometry": { "type": "Point", "coordinates": [ 103.375308310046407, 16.13652254224219, 0.0 ] } },
{ "type": "Feature", "properties": { "TEXTSTRING": "75+100", "TEXT_SIZE": 2.5, "TEXT_ANGLE": 0.0 }, "geometry": { "type": "Point", "coordinates": [ 103.374410367827764, 16.136774180362867, 0.0 ] } },
{ "type": "Feature", "properties": { "TEXTSTRING": "75+000", "TEXT_SIZE": 2.5, "TEXT_ANGLE": 0.0 }, "geometry": { "type": "Point", "coordinates": [ 103.373517798745468, 16.137043116533953, 0.0 ] } },
{ "type": "Feature", "properties": { "TEXTSTRING": "74+900", "TEXT_SIZE": 2.5, "TEXT_ANGLE": 0.0 }, "geometry": { "type": "Point", "coordinates": [ 103.372630977353424, 16.137329254253615, 0.0 ] } },
{ "type": "Feature", "properties": { "TEXTSTRING": "74+800", "TEXT_SIZE": 2.5, "TEXT_ANGLE": 0.0 }, "geometry": { "type": "Point", "coordinates": [ 103.371750241036295, 16.137632469630859, 0.0 ] } },
{ "type": "Feature", "properties": { "TEXTSTRING": "74+700", "TEXT_SIZE": 2.5, "TEXT_ANGLE": 0.0 }, "geometry": { "type": "Point", "coordinates": [ 103.370875964508016, 16.137952648102743, 0.0 ] } },
{ "type": "Feature", "properties": { "TEXTSTRING": "74+600", "TEXT_SIZE": 2.5, "TEXT_ANGLE": 0.0 }, "geometry": { "type": "Point", "coordinates": [ 103.370008475965193, 16.138289647645301, 0.0 ] } },
{ "type": "Feature", "properties": { "TEXTSTRING": "74+500", "TEXT_SIZE": 2.5, "TEXT_ANGLE": 0.0 }, "geometry": { "type": "Point", "coordinates": [ 103.369148140786464, 16.138643353635832, 0.0 ] } },
{ "type": "Feature", "properties": { "TEXTSTRING": "74+400", "TEXT_SIZE": 2.5, "TEXT_ANGLE": 0.0 }, "geometry": { "type": "Point", "coordinates": [ 103.368295277907862, 16.139013614953328, 0.0 ] } },
{ "type": "Feature", "properties": { "TEXTSTRING": "74+300", "TEXT_SIZE": 2.5, "TEXT_ANGLE": 0.0 }, "geometry": { "type": "Point", "coordinates": [ 103.367450252945332, 16.139400289876413, 0.0 ] } },
{ "type": "Feature", "properties": { "TEXTSTRING": "74+200", "TEXT_SIZE": 2.5, "TEXT_ANGLE": 0.0 }, "geometry": { "type": "Point", "coordinates": [ 103.366613394348448, 16.139803209293117, 0.0 ] } },
{ "type": "Feature", "properties": { "TEXTSTRING": "74+100", "TEXT_SIZE": 2.5, "TEXT_ANGLE": 0.0 }, "geometry": { "type": "Point", "coordinates": [ 103.36578503977654, 16.140222222241395, 0.0 ] } },
{ "type": "Feature", "properties": { "TEXTSTRING": "74+000", "TEXT_SIZE": 2.5, "TEXT_ANGLE": 0.0 }, "geometry": { "type": "Point", "coordinates": [ 103.364965508347481, 16.140657159547654, 0.0 ] } },
{ "type": "Feature", "properties": { "TEXTSTRING": "73+900", "TEXT_SIZE": 2.5, "TEXT_ANGLE": 0.0 }, "geometry": { "type": "Point", "coordinates": [ 103.364155147236119, 16.141107852258262, 0.0 ] } },
{ "type": "Feature", "properties": { "TEXTSTRING": "73+800", "TEXT_SIZE": 2.5, "TEXT_ANGLE": 0.0 }, "geometry": { "type": "Point", "coordinates": [ 103.363354266378195, 16.141574113064287, 0.0 ] } },
{ "type": "Feature", "properties": { "TEXTSTRING": "73+700", "TEXT_SIZE": 2.5, "TEXT_ANGLE": 0.0 }, "geometry": { "type": "Point", "coordinates": [ 103.362563185068581, 16.142055754732951, 0.0 ] } },
{ "type": "Feature", "properties": { "TEXTSTRING": "73+600", "TEXT_SIZE": 2.5, "TEXT_ANGLE": 0.0 }, "geometry": { "type": "Point", "coordinates": [ 103.361782222537769, 16.14255259907242, 0.0 ] } },
{ "type": "Feature", "properties": { "TEXTSTRING": "73+500", "TEXT_SIZE": 2.5, "TEXT_ANGLE": 0.0 }, "geometry": { "type": "Point", "coordinates": [ 103.361010977329542, 16.143063423081752, 0.0 ] } },
{ "type": "Feature", "properties": { "TEXTSTRING": "73+400", "TEXT_SIZE": 2.5, "TEXT_ANGLE": 0.0 }, "geometry": { "type": "Point", "coordinates": [ 103.360242501125015, 16.143578151212825, 0.0 ] } },
{ "type": "Feature", "properties": { "TEXTSTRING": "73+300", "TEXT_SIZE": 2.5, "TEXT_ANGLE": 0.0 }, "geometry": { "type": "Point", "coordinates": [ 103.359474011812836, 16.144092867072516, 0.0 ] } },
{ "type": "Feature", "properties": { "TEXTSTRING": "73+200", "TEXT_SIZE": 2.5, "TEXT_ANGLE": 0.0 }, "geometry": { "type": "Point", "coordinates": [ 103.358705518593453, 16.144607588805574, 0.0 ] } },
{ "type": "Feature", "properties": { "TEXTSTRING": "73+100", "TEXT_SIZE": 2.5, "TEXT_ANGLE": 0.0 }, "geometry": { "type": "Point", "coordinates": [ 103.357937030965175, 16.145122298410609, 0.0 ] } },
{ "type": "Feature", "properties": { "TEXTSTRING": "73+000", "TEXT_SIZE": 2.5, "TEXT_ANGLE": 0.0 }, "geometry": { "type": "Point", "coordinates": [ 103.357168530154624, 16.1456370047799, 0.0 ] } },
{ "type": "Feature", "properties": { "TEXTSTRING": "72+900", "TEXT_SIZE": 2.5, "TEXT_ANGLE": 0.0 }, "geometry": { "type": "Point", "coordinates": [ 103.356400025436571, 16.146151717021706, 0.0 ] } },
{ "type": "Feature", "properties": { "TEXTSTRING": "72+800", "TEXT_SIZE": 2.5, "TEXT_ANGLE": 0.0 }, "geometry": { "type": "Point", "coordinates": [ 103.355631526309622, 16.146666417134789, 0.0 ] } },
{ "type": "Feature", "properties": { "TEXTSTRING": "72+700", "TEXT_SIZE": 2.5, "TEXT_ANGLE": 0.0 }, "geometry": { "type": "Point", "coordinates": [ 103.354863013925481, 16.147181123047719, 0.0 ] } },
{ "type": "Feature", "properties": { "TEXTSTRING": "72+600", "TEXT_SIZE": 2.5, "TEXT_ANGLE": 0.0 }, "geometry": { "type": "Point", "coordinates": [ 103.354094497782881, 16.147695816759246, 0.0 ] } },
{ "type": "Feature", "properties": { "TEXTSTRING": "72+500", "TEXT_SIZE": 2.5, "TEXT_ANGLE": 0.0 }, "geometry": { "type": "Point", "coordinates": [ 103.35332598715668, 16.148210507377875, 0.0 ] } },
{ "type": "Feature", "properties": { "TEXTSTRING": "72+400", "TEXT_SIZE": 2.5, "TEXT_ANGLE": 0.0 }, "geometry": { "type": "Point", "coordinates": [ 103.352557463272916, 16.148725203795404, 0.0 ] } },
{ "type": "Feature", "properties": { "TEXTSTRING": "72+300", "TEXT_SIZE": 2.5, "TEXT_ANGLE": 0.0 }, "geometry": { "type": "Point", "coordinates": [ 103.351788935630651, 16.14923988801069, 0.0 ] } },
{ "type": "Feature", "properties": { "TEXTSTRING": "72+200", "TEXT_SIZE": 2.5, "TEXT_ANGLE": 0.0 }, "geometry": { "type": "Point", "coordinates": [ 103.351020986593696, 16.149755368832448, 0.0 ] } },
{ "type": "Feature", "properties": { "TEXTSTRING": "72+100", "TEXT_SIZE": 2.5, "TEXT_ANGLE": 0.0 }, "geometry": { "type": "Point", "coordinates": [ 103.350263121162996, 16.150284561578296, 0.0 ] } },
{ "type": "Feature", "properties": { "TEXTSTRING": "72+000", "TEXT_SIZE": 2.5, "TEXT_ANGLE": 0.0 }, "geometry": { "type": "Point", "coordinates": [ 103.349523689466253, 16.15083756220746, 0.0 ] } },
{ "type": "Feature", "properties": { "TEXTSTRING": "71+900", "TEXT_SIZE": 2.5, "TEXT_ANGLE": 0.0 }, "geometry": { "type": "Point", "coordinates": [ 103.348803731718718, 16.151414071699968, 0.0 ] } },
{ "type": "Feature", "properties": { "TEXTSTRING": "71+800", "TEXT_SIZE": 2.5, "TEXT_ANGLE": 0.0 }, "geometry": { "type": "Point", "coordinates": [ 103.348104047846746, 16.152013454811819, 0.0 ] } },
{ "type": "Feature", "properties": { "TEXTSTRING": "71+700", "TEXT_SIZE": 2.5, "TEXT_ANGLE": 0.0 }, "geometry": { "type": "Point", "coordinates": [ 103.347425002122492, 16.152634621072949, 0.0 ] } },
{ "type": "Feature", "properties": { "TEXTSTRING": "71+600", "TEXT_SIZE": 2.5, "TEXT_ANGLE": 0.0 }, "geometry": { "type": "Point", "coordinates": [ 103.346756995945412, 16.153266922797794, 0.0 ] } },
{ "type": "Feature", "properties": { "TEXTSTRING": "71+500", "TEXT_SIZE": 2.5, "TEXT_ANGLE": 0.0 }, "geometry": { "type": "Point", "coordinates": [ 103.34608948636297, 16.153899713886663, 0.0 ] } },
{ "type": "Feature", "properties": { "TEXTSTRING": "71+400", "TEXT_SIZE": 2.5, "TEXT_ANGLE": 0.0 }, "geometry": { "type": "Point", "coordinates": [ 103.345415917071648, 16.154526445760553, 0.0 ] } },
{ "type": "Feature", "properties": { "TEXTSTRING": "71+300", "TEXT_SIZE": 2.5, "TEXT_ANGLE": 0.0 }, "geometry": { "type": "Point", "coordinates": [ 103.344712979788682, 16.155122103359119, 0.0 ] } },
{ "type": "Feature", "properties": { "TEXTSTRING": "71+200", "TEXT_SIZE": 2.5, "TEXT_ANGLE": 0.0 }, "geometry": { "type": "Point", "coordinates": [ 103.343971490046343, 16.155672372573918, 0.0 ] } },
{ "type": "Feature", "properties": { "TEXTSTRING": "71+100", "TEXT_SIZE": 2.5, "TEXT_ANGLE": 0.0 }, "geometry": { "type": "Point", "coordinates": [ 103.343206520011023, 16.156191983200145, 0.0 ] } },
{ "type": "Feature", "properties": { "TEXTSTRING": "71+000", "TEXT_SIZE": 2.5, "TEXT_ANGLE": 0.0 }, "geometry": { "type": "Point", "coordinates": [ 103.342437940756355, 16.156706628386431, 0.0 ] } },
{ "type": "Feature", "properties": { "TEXTSTRING": "70+900", "TEXT_SIZE": 2.5, "TEXT_ANGLE": 0.0 }, "geometry": { "type": "Point", "coordinates": [ 103.341669366941858, 16.157221279512413, 0.0 ] } },
{ "type": "Feature", "properties": { "TEXTSTRING": "70+800", "TEXT_SIZE": 2.5, "TEXT_ANGLE": 0.0 }, "geometry": { "type": "Point", "coordinates": [ 103.340900530508534, 16.157735563970451, 0.0 ] } },
{ "type": "Feature", "properties": { "TEXTSTRING": "70+700", "TEXT_SIZE": 2.5, "TEXT_ANGLE": 0.0 }, "geometry": { "type": "Point", "coordinates": [ 103.340117509261873, 16.158229211585958, 0.0 ] } },
{ "type": "Feature", "properties": { "TEXTSTRING": "70+600", "TEXT_SIZE": 2.5, "TEXT_ANGLE": 0.0 }, "geometry": { "type": "Point", "coordinates": [ 103.339293198458961, 16.158654882647415, 0.0 ] } },
{ "type": "Feature", "properties": { "TEXTSTRING": "70+500", "TEXT_SIZE": 2.5, "TEXT_ANGLE": 0.0 }, "geometry": { "type": "Point", "coordinates": [ 103.33842718851173, 16.158994526558896, 0.0 ] } },
{ "type": "Feature", "properties": { "TEXTSTRING": "70+400", "TEXT_SIZE": 2.5, "TEXT_ANGLE": 0.0 }, "geometry": { "type": "Point", "coordinates": [ 103.337529040416314, 16.159244349682957, 0.0 ] } },
{ "type": "Feature", "properties": { "TEXTSTRING": "70+300", "TEXT_SIZE": 2.5, "TEXT_ANGLE": 0.0 }, "geometry": { "type": "Point", "coordinates": [ 103.336608708867104, 16.159401582802509, 0.0 ] } },
{ "type": "Feature", "properties": { "TEXTSTRING": "70+200", "TEXT_SIZE": 2.5, "TEXT_ANGLE": 0.0 }, "geometry": { "type": "Point", "coordinates": [ 103.335676383164397, 16.159464488929849, 0.0 ] } },
{ "type": "Feature", "properties": { "TEXTSTRING": "70+100", "TEXT_SIZE": 2.5, "TEXT_ANGLE": 0.0 }, "geometry": { "type": "Point", "coordinates": [ 103.334741834784239, 16.159442154351584, 0.0 ] } },
{ "type": "Feature", "properties": { "TEXTSTRING": "70+000", "TEXT_SIZE": 2.5, "TEXT_ANGLE": 0.0 }, "geometry": { "type": "Point", "coordinates": [ 103.333808650296163, 16.159385440473194, 0.0 ] } },
{ "type": "Feature", "properties": { "TEXTSTRING": "69+900", "TEXT_SIZE": 2.5, "TEXT_ANGLE": 0.0 }, "geometry": { "type": "Point", "coordinates": [ 103.332875563623091, 16.159327205091657, 0.0 ] } },
{ "type": "Feature", "properties": { "TEXTSTRING": "69+800", "TEXT_SIZE": 2.5, "TEXT_ANGLE": 0.0 }, "geometry": { "type": "Point", "coordinates": [ 103.3319424779813, 16.159268956634111, 0.0 ] } },
{ "type": "Feature", "properties": { "TEXTSTRING": "69+700", "TEXT_SIZE": 2.5, "TEXT_ANGLE": 0.0 }, "geometry": { "type": "Point", "coordinates": [ 103.331009393219503, 16.159210713173454, 0.0 ] } },
{ "type": "Feature", "properties": { "TEXTSTRING": "69+600", "TEXT_SIZE": 2.5, "TEXT_ANGLE": 0.0 }, "geometry": { "type": "Point", "coordinates": [ 103.33007630948957, 16.159152456636882, 0.0 ] } },
{ "type": "Feature", "properties": { "TEXTSTRING": "69+500", "TEXT_SIZE": 2.5, "TEXT_ANGLE": 0.0 }, "geometry": { "type": "Point", "coordinates": [ 103.329143226640085, 16.159094205097301, 0.0 ] } },
{ "type": "Feature", "properties": { "TEXTSTRING": "69+400", "TEXT_SIZE": 2.5, "TEXT_ANGLE": 0.0 }, "geometry": { "type": "Point", "coordinates": [ 103.328210144823075, 16.159035940481917, 0.0 ] } },
{ "type": "Feature", "properties": { "TEXTSTRING": "69+300", "TEXT_SIZE": 2.5, "TEXT_ANGLE": 0.0 }, "geometry": { "type": "Point", "coordinates": [ 103.327277063886967, 16.158977680863607, 0.0 ] } },
{ "type": "Feature", "properties": { "TEXTSTRING": "69+200", "TEXT_SIZE": 2.5, "TEXT_ANGLE": 0.0 }, "geometry": { "type": "Point", "coordinates": [ 103.326343983983946, 16.158919408169609, 0.0 ] } },
{ "type": "Feature", "properties": { "TEXTSTRING": "69+100", "TEXT_SIZE": 2.5, "TEXT_ANGLE": 0.0 }, "geometry": { "type": "Point", "coordinates": [ 103.325410905038325, 16.158861131436375, 0.0 ] } },
{ "type": "Feature", "properties": { "TEXTSTRING": "69+000", "TEXT_SIZE": 2.5, "TEXT_ANGLE": 0.0 }, "geometry": { "type": "Point", "coordinates": [ 103.32447782697426, 16.158802859700351, 0.0 ] } },
{ "type": "Feature", "properties": { "TEXTSTRING": "68+900", "TEXT_SIZE": 2.5, "TEXT_ANGLE": 0.0 }, "geometry": { "type": "Point", "coordinates": [ 103.323544749944205, 16.158744574888807, 0.0 ] } },
{ "type": "Feature", "properties": { "TEXTSTRING": "68+800", "TEXT_SIZE": 2.5, "TEXT_ANGLE": 0.0 }, "geometry": { "type": "Point", "coordinates": [ 103.322611673796146, 16.158686295074567, 0.0 ] } },
{ "type": "Feature", "properties": { "TEXTSTRING": "68+700", "TEXT_SIZE": 2.5, "TEXT_ANGLE": 0.0 }, "geometry": { "type": "Point", "coordinates": [ 103.321678598682723, 16.158628002184894, 0.0 ] } },
{ "type": "Feature", "properties": { "TEXTSTRING": "68+600", "TEXT_SIZE": 2.5, "TEXT_ANGLE": 0.0 }, "geometry": { "type": "Point", "coordinates": [ 103.320745524451723, 16.158569714292632, 0.0 ] } },
{ "type": "Feature", "properties": { "TEXTSTRING": "68+500", "TEXT_SIZE": 2.5, "TEXT_ANGLE": 0.0 }, "geometry": { "type": "Point", "coordinates": [ 103.319812525482774, 16.158510374658938, 0.0 ] } },
{ "type": "Feature", "properties": { "TEXTSTRING": "68+400", "TEXT_SIZE": 2.5, "TEXT_ANGLE": 0.0 }, "geometry": { "type": "Point", "coordinates": [ 103.318882350149948, 16.158420192024337, 0.0 ] } },
{ "type": "Feature", "properties": { "TEXTSTRING": "68+300", "TEXT_SIZE": 2.5, "TEXT_ANGLE": 0.0 }, "geometry": { "type": "Point", "coordinates": [ 103.317964971816309, 16.158247671277881, 0.0 ] } },
{ "type": "Feature", "properties": { "TEXTSTRING": "68+200", "TEXT_SIZE": 2.5, "TEXT_ANGLE": 0.0 }, "geometry": { "type": "Point", "coordinates": [ 103.317071424403835, 16.157982950176471, 0.0 ] } },
{ "type": "Feature", "properties": { "TEXTSTRING": "68+100", "TEXT_SIZE": 2.5, "TEXT_ANGLE": 0.0 }, "geometry": { "type": "Point", "coordinates": [ 103.316211605153498, 16.157628944967946, 0.0 ] } },
{ "type": "Feature", "properties": { "TEXTSTRING": "68+000", "TEXT_SIZE": 2.5, "TEXT_ANGLE": 0.0 }, "geometry": { "type": "Point", "coordinates": [ 103.315392060395965, 16.157194473765063, 0.0 ] } },
{ "type": "Feature", "properties": { "TEXTSTRING": "67+900", "TEXT_SIZE": 2.5, "TEXT_ANGLE": 0.0 }, "geometry": { "type": "Point", "coordinates": [ 103.314595086569511, 16.156721933929795, 0.0 ] } },
{ "type": "Feature", "properties": { "TEXTSTRING": "67+800", "TEXT_SIZE": 2.5, "TEXT_ANGLE": 0.0 }, "geometry": { "type": "Point", "coordinates": [ 103.31379997431732, 16.156246451073628, 0.0 ] } },
{ "type": "Feature", "properties": { "TEXTSTRING": "67+700", "TEXT_SIZE": 2.5, "TEXT_ANGLE": 0.0 }, "geometry": { "type": "Point", "coordinates": [ 103.313004865977192, 16.155770974624357, 0.0 ] } },
{ "type": "Feature", "properties": { "TEXTSTRING": "67+600", "TEXT_SIZE": 2.5, "TEXT_ANGLE": 0.0 }, "geometry": { "type": "Point", "coordinates": [ 103.312209761702263, 16.155295486509594, 0.0 ] } },
{ "type": "Feature", "properties": { "TEXTSTRING": "67+500", "TEXT_SIZE": 2.5, "TEXT_ANGLE": 0.0 }, "geometry": { "type": "Point", "coordinates": [ 103.311414651989608, 16.154820004728165, 0.0 ] } },
{ "type": "Feature", "properties": { "TEXTSTRING": "67+400", "TEXT_SIZE": 2.5, "TEXT_ANGLE": 0.0 }, "geometry": { "type": "Point", "coordinates": [ 103.310614806990003, 16.154352073759259, 0.0 ] } },
{ "type": "Feature", "properties": { "TEXTSTRING": "67+300", "TEXT_SIZE": 2.5, "TEXT_ANGLE": 0.0 }, "geometry": { "type": "Point", "coordinates": [ 103.309793127008234, 16.153921180940788, 0.0 ] } },
{ "type": "Feature", "properties": { "TEXTSTRING": "67+200", "TEXT_SIZE": 2.5, "TEXT_ANGLE": 0.0 }, "geometry": { "type": "Point", "coordinates": [ 103.308943777791015, 16.153543763046194, 0.0 ] } },
{ "type": "Feature", "properties": { "TEXTSTRING": "67+100", "TEXT_SIZE": 2.5, "TEXT_ANGLE": 0.0 }, "geometry": { "type": "Point", "coordinates": [ 103.308070303935779, 16.153221863091566, 0.0 ] } },
{ "type": "Feature", "properties": { "TEXTSTRING": "67+000", "TEXT_SIZE": 2.5, "TEXT_ANGLE": 0.0 }, "geometry": { "type": "Point", "coordinates": [ 103.307176591819953, 16.152956903300833, 0.0 ] } },
{ "type": "Feature", "properties": { "TEXTSTRING": "66+900", "TEXT_SIZE": 2.5, "TEXT_ANGLE": 0.0 }, "geometry": { "type": "Point", "coordinates": [ 103.306266595097711, 16.152750080560498, 0.0 ] } },
{ "type": "Feature", "properties": { "TEXTSTRING": "66+800", "TEXT_SIZE": 2.5, "TEXT_ANGLE": 0.0 }, "geometry": { "type": "Point", "coordinates": [ 103.305344372650879, 16.152602303469127, 0.0 ] } },
{ "type": "Feature", "properties": { "TEXTSTRING": "66+700", "TEXT_SIZE": 2.5, "TEXT_ANGLE": 0.0 }, "geometry": { "type": "Point", "coordinates": [ 103.304414013500903, 16.152514227893722, 0.0 ] } },
{ "type": "Feature", "properties": { "TEXTSTRING": "66+600", "TEXT_SIZE": 2.5, "TEXT_ANGLE": 0.0 }, "geometry": { "type": "Point", "coordinates": [ 103.303479647870219, 16.152486058249881, 0.0 ] } },
{ "type": "Feature", "properties": { "TEXTSTRING": "66+500", "TEXT_SIZE": 2.5, "TEXT_ANGLE": 0.0 }, "geometry": { "type": "Point", "coordinates": [ 103.302544882776203, 16.152503698465654, 0.0 ] } },
{ "type": "Feature", "properties": { "TEXTSTRING": "66+400", "TEXT_SIZE": 2.5, "TEXT_ANGLE": 0.0 }, "geometry": { "type": "Point", "coordinates": [ 103.301610376197104, 16.152532705046152, 0.0 ] } },
{ "type": "Feature", "properties": { "TEXTSTRING": "66+300", "TEXT_SIZE": 2.5, "TEXT_ANGLE": 0.0 }, "geometry": { "type": "Point", "coordinates": [ 103.300675878573912, 16.152561770827525, 0.0 ] } },
{ "type": "Feature", "properties": { "TEXTSTRING": "66+200", "TEXT_SIZE": 2.5, "TEXT_ANGLE": 0.0 }, "geometry": { "type": "Point", "coordinates": [ 103.299741371747416, 16.152590832406577, 0.0 ] } },
{ "type": "Feature", "properties": { "TEXTSTRING": "66+100", "TEXT_SIZE": 2.5, "TEXT_ANGLE": 0.0 }, "geometry": { "type": "Point", "coordinates": [ 103.298806874494147, 16.152619880896225, 0.0 ] } },
{ "type": "Feature", "properties": { "TEXTSTRING": "66+000", "TEXT_SIZE": 2.5, "TEXT_ANGLE": 0.0 }, "geometry": { "type": "Point", "coordinates": [ 103.297872333580258, 16.152647488042728, 0.0 ] } },
{ "type": "Feature", "properties": { "TEXTSTRING": "65+900", "TEXT_SIZE": 2.5, "TEXT_ANGLE": 0.0 }, "geometry": { "type": "Point", "coordinates": [ 103.296937439555933, 16.152654095553306, 0.0 ] } },
{ "type": "Feature", "properties": { "TEXTSTRING": "65+800", "TEXT_SIZE": 2.5, "TEXT_ANGLE": 0.0 }, "geometry": { "type": "Point", "coordinates": [ 103.296003305573905, 16.152617843099478, 0.0 ] } },
{ "type": "Feature", "properties": { "TEXTSTRING": "65+700", "TEXT_SIZE": 2.5, "TEXT_ANGLE": 0.0 }, "geometry": { "type": "Point", "coordinates": [ 103.295072214012464, 16.152536507864497, 0.0 ] } },
{ "type": "Feature", "properties": { "TEXTSTRING": "65+600", "TEXT_SIZE": 2.5, "TEXT_ANGLE": 0.0 }, "geometry": { "type": "Point", "coordinates": [ 103.294146491886522, 16.152410298350691, 0.0 ] } },
{ "type": "Feature", "properties": { "TEXTSTRING": "65+500", "TEXT_SIZE": 2.5, "TEXT_ANGLE": 0.0 }, "geometry": { "type": "Point", "coordinates": [ 103.293228465335233, 16.152239522497293, 0.0 ] } },
{ "type": "Feature", "properties": { "TEXTSTRING": "65+400", "TEXT_SIZE": 2.5, "TEXT_ANGLE": 0.0 }, "geometry": { "type": "Point", "coordinates": [ 103.29232041263478, 16.152024614413012, 0.0 ] } },
{ "type": "Feature", "properties": { "TEXTSTRING": "65+300", "TEXT_SIZE": 2.5, "TEXT_ANGLE": 0.0 }, "geometry": { "type": "Point", "coordinates": [ 103.29142461117118, 16.151766107639542, 0.0 ] } },
{ "type": "Feature", "properties": { "TEXTSTRING": "65+200", "TEXT_SIZE": 2.5, "TEXT_ANGLE": 0.0 }, "geometry": { "type": "Point", "coordinates": [ 103.290543299958159, 16.151464643885848, 0.0 ] } },
{ "type": "Feature", "properties": { "TEXTSTRING": "65+100", "TEXT_SIZE": 2.5, "TEXT_ANGLE": 0.0 }, "geometry": { "type": "Point", "coordinates": [ 103.289678679475756, 16.151120991097862, 0.0 ] } },
{ "type": "Feature", "properties": { "TEXTSTRING": "65+000", "TEXT_SIZE": 2.5, "TEXT_ANGLE": 0.0 }, "geometry": { "type": "Point", "coordinates": [ 103.288832912130289, 16.150735989238058, 0.0 ] } },
{ "type": "Feature", "properties": { "TEXTSTRING": "64+900", "TEXT_SIZE": 2.5, "TEXT_ANGLE": 0.0 }, "geometry": { "type": "Point", "coordinates": [ 103.288008121705815, 16.150310613536021, 0.0 ] } },
{ "type": "Feature", "properties": { "TEXTSTRING": "64+800", "TEXT_SIZE": 2.5, "TEXT_ANGLE": 0.0 }, "geometry": { "type": "Point", "coordinates": [ 103.287206356350353, 16.149845929003437, 0.0 ] } },
{ "type": "Feature", "properties": { "TEXTSTRING": "64+700", "TEXT_SIZE": 2.5, "TEXT_ANGLE": 0.0 }, "geometry": { "type": "Point", "coordinates": [ 103.28642963531901, 16.149343090806116, 0.0 ] } },
{ "type": "Feature", "properties": { "TEXTSTRING": "64+600", "TEXT_SIZE": 2.5, "TEXT_ANGLE": 0.0 }, "geometry": { "type": "Point", "coordinates": [ 103.285679883370165, 16.148803361806735, 0.0 ] } },
{ "type": "Feature", "properties": { "TEXTSTRING": "64+500", "TEXT_SIZE": 2.5, "TEXT_ANGLE": 0.0 }, "geometry": { "type": "Point", "coordinates": [ 103.284958987092367, 16.148228085903366, 0.0 ] } }
]
}
