{
"type": "FeatureCollection",
"name": "railwaybridge",
"crs": { "type": "name", "properties": { "name": "urn:ogc:def:crs:OGC:1.3:CRS84" } },
"features": [
{ "type": "Feature", "properties": { }, "geometry": { "type": "LineString", "coordinates": [ [ 103.742068326566013, 16.168550398363418, 0.0 ], [ 103.742057737281087, 16.168528244549549, 0.0 ], [ 103.742163865222921, 16.168480866408839, 0.0 ], [ 103.742174454517937, 16.168503020218182, 0.0 ], [ 103.742172756471078, 16.168503778268956, 0.0 ], [ 103.742163343764432, 16.168484085993931, 0.0 ], [ 103.742060611915662, 16.168529948034632, 0.0 ], [ 103.742070024613611, 16.168549640313536, 0.0 ], [ 103.742068326566013, 16.168550398363418, 0.0 ] ] } },
{ "type": "Feature", "properties": { }, "geometry": { "type": "LineString", "coordinates": [ [ 103.742062572894255, 16.168534050592761, 0.0 ], [ 103.74216530474483, 16.168488188551258, 0.0 ] ] } },
{ "type": "Feature", "properties": { }, "geometry": { "type": "LineString", "coordinates": [ [ 103.742057737281087, 16.168528244549549, 0.0 ], [ 103.742054599715615, 16.168521680456472, 0.0 ], [ 103.742160727654436, 16.168474302317104, 0.0 ], [ 103.742163865222921, 16.168480866408839, 0.0 ] ] } },
{ "type": "Feature", "properties": { }, "geometry": { "type": "LineString", "coordinates": [ [ 103.742052643138692, 16.16853051869888, 0.0 ], [ 103.742168959362928, 16.168478592256658, 0.0 ] ] } },
{ "type": "Feature", "properties": { }, "geometry": { "type": "LineString", "coordinates": [ [ 103.741811831144176, 16.168013783582079, 0.0 ], [ 103.741822420377744, 16.168035937405325, 0.0 ], [ 103.74192854809489, 16.167988559364922, 0.0 ], [ 103.741917958851204, 16.16796640554621, 0.0 ], [ 103.741916260808267, 16.167967163595232, 0.0 ], [ 103.741925673469069, 16.16798685587862, 0.0 ], [ 103.741822941839956, 16.168032717821234, 0.0 ], [ 103.741813529187851, 16.168013025533952, 0.0 ], [ 103.741811831144176, 16.168013783582079, 0.0 ] ] } },
{ "type": "Feature", "properties": { }, "geometry": { "type": "LineString", "coordinates": [ [ 103.741820980870628, 16.168028615261413, 0.0 ], [ 103.741923712497922, 16.167982753319613, 0.0 ] ] } },
{ "type": "Feature", "properties": { }, "geometry": { "type": "LineString", "coordinates": [ [ 103.741822420377744, 16.168035937405325, 0.0 ], [ 103.741825557928863, 16.168042501501024, 0.0 ], [ 103.741931685649007, 16.167995123459285, 0.0 ], [ 103.74192854809489, 16.167988559364922, 0.0 ] ] } },
{ "type": "Feature", "properties": { }, "geometry": { "type": "LineString", "coordinates": [ [ 103.741817326246121, 16.168038211549842, 0.0 ], [ 103.741933642224126, 16.167986285217566, 0.0 ] ] } },
{ "type": "Feature", "properties": { }, "geometry": { "type": "LineString", "coordinates": [ [ 103.741926181157339, 16.167991607588156, 0.0 ], [ 103.742160125564808, 16.168481042778737, 0.0 ], [ 103.742169129462866, 16.168477023212333, 0.0 ], [ 103.741935185036454, 16.167987588030233, 0.0 ], [ 103.741926181157339, 16.167991607588156, 0.0 ] ] } },
{ "type": "Feature", "properties": { }, "geometry": { "type": "LineString", "coordinates": [ [ 103.741817274804703, 16.168040225747838, 0.0 ], [ 103.742051218983093, 16.168529661041049, 0.0 ], [ 103.742060222885272, 16.168525641479572, 0.0 ], [ 103.741826278687938, 16.168036206194852, 0.0 ], [ 103.741817274804703, 16.168040225747838, 0.0 ] ] } },
{ "type": "Feature", "properties": { }, "geometry": { "type": "LineString", "coordinates": [ [ 103.735567962264327, 16.156572476966144, 0.000000002421428 ], [ 103.735653632874715, 16.156679829523519, 0.000000002421428 ], [ 103.735646227793367, 16.156685349434426, 0.000000002421428 ], [ 103.735560557185039, 16.156577996874244, 0.000000002421428 ], [ 103.735567962264327, 16.156572476966144, 0.000000002421428 ] ] } },
{ "type": "Feature", "properties": { }, "geometry": { "type": "LineString", "coordinates": [ [ 103.735475554247998, 16.156641359876279, 0.000000002421428 ], [ 103.735561224833745, 16.156748712470289, 0.000000002421428 ], [ 103.73556862991974, 16.156743192562701, 0.000000002421428 ], [ 103.735482959331904, 16.1566358399715, 0.000000002421428 ], [ 103.735475554247998, 16.156641359876279, 0.000000002421428 ] ] } },
{ "type": "Feature", "properties": { }, "geometry": { "type": "LineString", "coordinates": [ [ 103.735650843133499, 16.156688757589709, 0.000000002337328 ], [ 103.735570868228962, 16.156748372610771, 0.000000002337328 ], [ 103.735563443441237, 16.156739068720618, 0.000000002337328 ], [ 103.735563423959917, 16.156739043407356, 0.000000002337328 ], [ 103.735563405404534, 16.156739017452416, 0.000000002337328 ], [ 103.735563387797697, 16.156738990887419, 0.000000002337328 ], [ 103.73556337116085, 16.15673896374474, 0.000000002337328 ], [ 103.735563355514245, 16.15673893605744, 0.000000002337328 ], [ 103.735563340876965, 16.156738907859253, 0.000000002337328 ], [ 103.735563327266846, 16.156738879184541, 0.000000002337328 ], [ 103.735563314700457, 16.156738850068223, 0.000000002337328 ], [ 103.735563303193118, 16.156738820545794, 0.000000002337328 ], [ 103.735563292758854, 16.156738790653208, 0.000000002337328 ], [ 103.735563283410343, 16.156738760426883, 0.000000002337328 ], [ 103.735563275159024, 16.156738729903658, 0.000000002337328 ], [ 103.735563268014914, 16.156738699120712, 0.000000002337328 ], [ 103.735563261986741, 16.156738668115548, 0.000000002337328 ], [ 103.735563257081822, 16.156738636925951, 0.000000002337328 ], [ 103.735563253306168, 16.156738605589904, 0.000000002337328 ], [ 103.735563250664342, 16.156738574145603, 0.000000002337328 ], [ 103.735563249159597, 16.156738542631345, 0.000000002337328 ], [ 103.735563248793753, 16.156738511085532, 0.000000002337328 ], [ 103.735563249567235, 16.156738479546593, 0.000000002337328 ], [ 103.735563251479121, 16.156738448052966, 0.000000002337328 ], [ 103.735563254527094, 16.156738416642998, 0.000000002337328 ], [ 103.735563258707415, 16.156738385354977, 0.000000002337328 ], [ 103.735563264014985, 16.156738354227013, 0.000000002337328 ], [ 103.735563270443379, 16.156738323297034, 0.000000002337328 ], [ 103.735563277984724, 16.156738292602725, 0.000000002337328 ], [ 103.735563286629855, 16.156738262181484, 0.000000002337328 ], [ 103.735563296368227, 16.156738232070364, 0.000000002337328 ], [ 103.735563307187988, 16.156738202306059, 0.000000002337328 ], [ 103.735563319075951, 16.156738172924832, 0.000000002337328 ], [ 103.735563332017634, 16.156738143962482, 0.000000002337328 ], [ 103.735563345997249, 16.156738115454289, 0.000000002337328 ], [ 103.735563360997787, 16.156738087434988, 0.000000002337328 ], [ 103.735563377000972, 16.156738059938718, 0.000000002337328 ], [ 103.735563393987277, 16.156738032998984, 0.000000002337328 ], [ 103.735563411936056, 16.156738006648585, 0.000000002337328 ], [ 103.735563430825394, 16.156737980919655, 0.000000002337328 ], [ 103.735563450632313, 16.156737955843521, 0.000000002337328 ], [ 103.735563471332654, 16.156737931450746, 0.000000002337328 ], [ 103.735563492901221, 16.156737907771042, 0.000000002337328 ], [ 103.735563515311725, 16.156737884833255, 0.000000002337328 ], [ 103.735563538536852, 16.156737862665342, 0.000000002337328 ], [ 103.735563562548322, 16.156737841294301, 0.000000002337328 ], [ 103.735563587316875, 16.156737820746173, 0.000000002337328 ], [ 103.735563612812328, 16.156737801045999, 0.000000002337328 ], [ 103.735642106698066, 16.156679290009585, 0.000000002337328 ], [ 103.735642132889353, 16.156679271181353, 0.000000002337328 ], [ 103.735642159744572, 16.156679253248004, 0.000000002337328 ], [ 103.735642187231008, 16.156679236231394, 0.000000002337328 ], [ 103.735642215315153, 16.15667922015226, 0.000000002337328 ], [ 103.735642243962829, 16.156679205030184, 0.000000002337328 ], [ 103.735642273139092, 16.156679190883597, 0.000000002337328 ], [ 103.735642302808429, 16.156679177729728, 0.000000002337328 ], [ 103.735642332934674, 16.156679165584595, 0.000000002337328 ], [ 103.735642363481134, 16.156679154463017, 0.000000002337328 ], [ 103.73564239441059, 16.156679144378529, 0.000000002337328 ], [ 103.735642425685342, 16.156679135343424, 0.000000002337328 ], [ 103.735642457267303, 16.156679127368694, 0.000000002337328 ], [ 103.735642489118007, 16.15667912046408, 0.000000002337328 ], [ 103.735642521198614, 16.156679114637971, 0.000000002337328 ], [ 103.735642553470086, 16.156679109897482, 0.000000002337328 ], [ 103.735642585893046, 16.156679106248383, 0.000000002337328 ], [ 103.735642618428045, 16.156679103695112, 0.000000002337328 ], [ 103.73564265103542, 16.156679102240794, 0.000000002337328 ], [ 103.735642683675437, 16.156679101887196, 0.000000002337328 ], [ 103.735642716308348, 16.156679102634737, 0.000000002337328 ], [ 103.735642748894392, 16.156679104482528, 0.000000002337328 ], [ 103.735642781393864, 16.156679107428292, 0.000000002337328 ], [ 103.735642813767143, 16.156679111468463, 0.000000002337328 ], [ 103.735642845974823, 16.156679116598102, 0.000000002337328 ], [ 103.735642877977654, 16.156679122810967, 0.000000002337328 ], [ 103.73564290973664, 16.156679130099494, 0.000000002337328 ], [ 103.735642941213101, 16.156679138454795, 0.000000002337328 ], [ 103.735642972368666, 16.15667914786669, 0.000000002337328 ], [ 103.735643003165379, 16.156679158323719, 0.000000002337328 ], [ 103.735643033565751, 16.156679169813131, 0.000000002337328 ], [ 103.735643063532706, 16.156679182320943, 0.000000002337328 ], [ 103.735643093029751, 16.156679195831902, 0.000000002337328 ], [ 103.735643122020946, 16.156679210329553, 0.000000002337328 ], [ 103.735643150470978, 16.156679225796228, 0.000000002337328 ], [ 103.735643178345171, 16.156679242213094, 0.000000002337328 ], [ 103.735643205609563, 16.156679259560139, 0.000000002337328 ], [ 103.735643232230956, 16.156679277816231, 0.000000002337328 ], [ 103.735643258176893, 16.156679296959133, 0.000000002337328 ], [ 103.735643283415769, 16.156679316965512, 0.000000002337328 ], [ 103.73564330791686, 16.15667933781101, 0.000000002337328 ], [ 103.73564333165028, 16.15667935947021, 0.000000002337328 ], [ 103.735643354587125, 16.156679381916739, 0.000000002337328 ], [ 103.735643376699457, 16.156679405123239, 0.000000002337328 ], [ 103.735643397960331, 16.156679429061441, 0.000000002337328 ], [ 103.735643418343855, 16.156679453702186, 0.000000002337328 ], [ 103.735650843133499, 16.156688757589709, 0.000000002337328 ] ] } },
{ "type": "Feature", "properties": { }, "geometry": { "type": "LineString", "coordinates": [ [ 103.735558318877409, 16.156572816826195, 0.000000002337328 ], [ 103.73547834399703, 16.156632431814486, 0.000000002337328 ], [ 103.73548576877694, 16.156641735707129, 0.000000002337328 ], [ 103.73548578916045, 16.156641760347878, 0.000000002337328 ], [ 103.735485810421295, 16.156641784286101, 0.000000002337328 ], [ 103.735485832533584, 16.156641807492619, 0.000000002337328 ], [ 103.735485855470429, 16.156641829939161, 0.000000002337328 ], [ 103.735485879203836, 16.156641851598376, 0.000000002337328 ], [ 103.73548590370487, 16.156641872443892, 0.000000002337328 ], [ 103.735485928943746, 16.156641892450295, 0.000000002337328 ], [ 103.735485954889654, 16.156641911593205, 0.000000002337328 ], [ 103.735485981511033, 16.156641929849325, 0.000000002337328 ], [ 103.735486008775396, 16.156641947196384, 0.000000002337328 ], [ 103.735486036649576, 16.156641963613271, 0.000000002337328 ], [ 103.735486065099579, 16.156641979079964, 0.000000002337328 ], [ 103.735486094090774, 16.156641993577633, 0.000000002337328 ], [ 103.735486123587791, 16.156642007088614, 0.000000002337328 ], [ 103.735486153554731, 16.156642019596443, 0.000000002337328 ], [ 103.735486183955075, 16.156642031085884, 0.000000002337328 ], [ 103.735486214751788, 16.156642041542927, 0.000000002337328 ], [ 103.735486245907325, 16.156642050954844, 0.000000002337328 ], [ 103.735486277383785, 16.156642059310169, 0.000000002337328 ], [ 103.735486309142757, 16.156642066598714, 0.000000002337328 ], [ 103.735486341145574, 16.156642072811611, 0.000000002337328 ], [ 103.73548637335324, 16.156642077941267, 0.000000002337328 ], [ 103.735486405726519, 16.156642081981463, 0.000000002337328 ], [ 103.735486438225976, 16.15664208492726, 0.000000002337328 ], [ 103.735486470812006, 16.156642086775062, 0.000000002337328 ], [ 103.735486503444903, 16.156642087522634, 0.000000002337328 ], [ 103.73548653608492, 16.156642087169057, 0.000000002337328 ], [ 103.735486568692281, 16.156642085714754, 0.000000002337328 ], [ 103.735486601227279, 16.156642083161511, 0.000000002337328 ], [ 103.73548663365024, 16.156642079512434, 0.000000002337328 ], [ 103.735486665921698, 16.15664207477197, 0.000000002337328 ], [ 103.735486698002319, 16.156642068945885, 0.000000002337328 ], [ 103.735486729852994, 16.156642062041293, 0.000000002337328 ], [ 103.73548676143497, 16.156642054066591, 0.000000002337328 ], [ 103.735486792709722, 16.156642045031511, 0.000000002337328 ], [ 103.735486823639178, 16.156642034947041, 0.000000002337328 ], [ 103.735486854185623, 16.15664202382548, 0.000000002337328 ], [ 103.735486884311882, 16.156642011680383, 0.000000002337328 ], [ 103.735486913981219, 16.156641998526535, 0.000000002337328 ], [ 103.735486943157497, 16.156641984379963, 0.000000002337328 ], [ 103.735486971805159, 16.156641969257905, 0.000000002337328 ], [ 103.735486999889332, 16.156641953178795, 0.000000002337328 ], [ 103.735487027375768, 16.156641936162206, 0.000000002337328 ], [ 103.735487054230987, 16.156641918228878, 0.000000002337328 ], [ 103.735487080422274, 16.156641899400661, 0.000000002337328 ], [ 103.735565574288401, 16.156583388390857, 0.000000002337328 ], [ 103.735565599783826, 16.156583368690683, 0.000000002337328 ], [ 103.735565624552365, 16.156583348142554, 0.000000002337328 ], [ 103.735565648563806, 16.156583326771518, 0.000000002337328 ], [ 103.735565671788933, 16.1565833046036, 0.000000002337328 ], [ 103.735565694199394, 16.156583281665814, 0.000000002337328 ], [ 103.735565715767947, 16.156583257986107, 0.000000002337328 ], [ 103.735565736468274, 16.156583233593331, 0.000000002337328 ], [ 103.735565756275179, 16.156583208517194, 0.000000002337328 ], [ 103.735565775164503, 16.15658318278826, 0.000000002337328 ], [ 103.735565793113267, 16.156583156437865, 0.000000002337328 ], [ 103.735565810099558, 16.156583129498124, 0.000000002337328 ], [ 103.735565826102729, 16.15658310200185, 0.000000002337328 ], [ 103.735565841103252, 16.156583073982549, 0.000000002337328 ], [ 103.735565855082854, 16.156583045474353, 0.000000002337328 ], [ 103.735565868024523, 16.156583016511998, 0.000000002337328 ], [ 103.735565879912471, 16.156582987130772, 0.000000002337328 ], [ 103.735565890732204, 16.156582957366464, 0.000000002337328 ], [ 103.735565900470576, 16.156582927255354, 0.000000002337328 ], [ 103.735565909115692, 16.156582896834099, 0.000000002337328 ], [ 103.735565916657052, 16.156582866139793, 0.000000002337328 ], [ 103.735565923085417, 16.156582835209811, 0.000000002337328 ], [ 103.735565928393001, 16.15658280408185, 0.000000002337328 ], [ 103.735565932573323, 16.156582772793829, 0.000000002337328 ], [ 103.735565935621267, 16.156582741383865, 0.000000002337328 ], [ 103.735565937533167, 16.156582709890223, 0.000000002337328 ], [ 103.73556593830665, 16.156582678351292, 0.000000002337328 ], [ 103.735565937940791, 16.156582646805482, 0.000000002337328 ], [ 103.735565936436032, 16.156582615291214, 0.000000002337328 ], [ 103.73556593379422, 16.156582583846912, 0.000000002337328 ], [ 103.735565930018552, 16.156582552510873, 0.000000002337328 ], [ 103.735565925113647, 16.156582521321273, 0.000000002337328 ], [ 103.735565919085474, 16.156582490316104, 0.000000002337328 ], [ 103.735565911941364, 16.156582459533169, 0.000000002337328 ], [ 103.735565903690059, 16.15658242900993, 0.000000002337328 ], [ 103.735565894341562, 16.156582398783609, 0.000000002337328 ], [ 103.735565883907299, 16.15658236889103, 0.000000002337328 ], [ 103.73556587239996, 16.156582339368597, 0.000000002337328 ], [ 103.735565859833585, 16.156582310252286, 0.000000002337328 ], [ 103.735565846223466, 16.156582281577567, 0.000000002337328 ], [ 103.7355658315862, 16.156582253379376, 0.000000002337328 ], [ 103.735565815939623, 16.156582225692077, 0.000000002337328 ], [ 103.735565799302776, 16.156582198549405, 0.000000002337328 ], [ 103.735565781695939, 16.156582171984411, 0.000000002337328 ], [ 103.735565763140571, 16.156582146029468, 0.000000002337328 ], [ 103.735565743659265, 16.156582120716202, 0.000000002337328 ], [ 103.735558318877409, 16.156572816826195, 0.000000002337328 ] ] } },
{ "type": "Feature", "properties": { }, "geometry": { "type": "LineString", "coordinates": [ [ 103.72864962042533, 16.150051196372143, 0.0 ], [ 103.728585226612211, 16.150126394667652, 0.0 ], [ 103.728575861312564, 16.150118903151004, 0.0 ], [ 103.728575836533921, 16.150118882615299, 0.0 ], [ 103.728575812511878, 16.150118861256299, 0.0 ], [ 103.728575789275723, 16.150118839100035, 0.0 ], [ 103.728575766853751, 16.150118816173496, 0.0 ], [ 103.728575745273304, 16.15011879250461, 0.0 ], [ 103.728575724560656, 16.150118768122226, 0.0 ], [ 103.728575704741033, 16.150118743056037, 0.0 ], [ 103.728575685838607, 16.1501187173366, 0.0 ], [ 103.728575667876399, 16.150118690995228, 0.0 ], [ 103.728575650876266, 16.150118664064031, 0.0 ], [ 103.728575634858956, 16.150118636575812, 0.0 ], [ 103.72857561984398, 16.150118608564064, 0.0 ], [ 103.728575605849613, 16.150118580062916, 0.0 ], [ 103.728575592892909, 16.150118551107077, 0.0 ], [ 103.728575580989656, 16.150118521731851, 0.0 ], [ 103.728575570154376, 16.150118491973021, 0.0 ], [ 103.72857556040023, 16.150118461866832, 0.0 ], [ 103.728575551739155, 16.150118431449968, 0.0 ], [ 103.728575544181652, 16.150118400759489, 0.0 ], [ 103.728575537736958, 16.150118369832786, 0.0 ], [ 103.728575532412904, 16.150118338707539, 0.0 ], [ 103.728575528215998, 16.150118307421675, 0.0 ], [ 103.728575525151342, 16.150118276013291, 0.0 ], [ 103.728575523222688, 16.150118244520677, 0.0 ], [ 103.728575522432351, 16.150118212982193, 0.0 ], [ 103.728575522781313, 16.150118181436262, 0.0 ], [ 103.728575524269161, 16.150118149921312, 0.0 ], [ 103.728575526894062, 16.150118118475753, 0.0 ], [ 103.728575530652833, 16.150118087137884, 0.0 ], [ 103.728575535540884, 16.150118055945896, 0.0 ], [ 103.72857554155226, 16.15011802493779, 0.0 ], [ 103.728575548679643, 16.150117994151334, 0.0 ], [ 103.728575556914336, 16.150117963624048, 0.0 ], [ 103.728575566246334, 16.150117933393119, 0.0 ], [ 103.728575576664241, 16.150117903495378, 0.0 ], [ 103.728575588155365, 16.150117873967258, 0.0 ], [ 103.728575600705739, 16.150117844844722, 0.0 ], [ 103.728575614300041, 16.150117816163267, 0.0 ], [ 103.728575628921703, 16.150117787957821, 0.0 ], [ 103.728575644552933, 16.150117760262766, 0.0 ], [ 103.728575661174673, 16.150117733111827, 0.0 ], [ 103.728575678766674, 16.150117706538083, 0.0 ], [ 103.728575697307505, 16.150117680573928, 0.0 ], [ 103.728575716774586, 16.150117655250984, 0.0 ], [ 103.728575737144183, 16.150117630600104, 0.0 ], [ 103.728638938480003, 16.150043824868632, 0.0 ], [ 103.728638959727277, 16.150043800919835, 0.0 ], [ 103.728638981826379, 16.150043777702319, 0.0 ], [ 103.728639004750391, 16.150043755244365, 0.0 ], [ 103.728639028471363, 16.15004373357333, 0.0 ], [ 103.728639052960389, 16.150043712715618, 0.0 ], [ 103.728639078187655, 16.150043692696645, 0.0 ], [ 103.728639104122408, 16.1500436735408, 0.0 ], [ 103.728639130733043, 16.150043655271425, 0.0 ], [ 103.728639157987175, 16.150043637910773, 0.0 ], [ 103.728639185851563, 16.150043621479995, 0.0 ], [ 103.728639214292286, 16.150043605999112, 0.0 ], [ 103.728639243274671, 16.150043591486988, 0.0 ], [ 103.728639272763417, 16.150043577961299, 0.0 ], [ 103.728639302722598, 16.150043565438516, 0.0 ], [ 103.728639333115709, 16.150043553933919, 0.0 ], [ 103.728639363905714, 16.1500435434615, 0.0 ], [ 103.728639395055126, 16.150043534034033, 0.0 ], [ 103.728639426525973, 16.150043525663005, 0.0 ], [ 103.728639458279915, 16.150043518358601, 0.0 ], [ 103.728639490278269, 16.150043512129738, 0.0 ], [ 103.728639522482027, 16.150043506983987, 0.0 ], [ 103.728639554851995, 16.150043502927627, 0.0 ], [ 103.728639587348724, 16.150043499965602, 0.0 ], [ 103.728639619932579, 16.150043498101521, 0.0 ], [ 103.728639652563913, 16.150043497337649, 0.0 ], [ 103.728639685202964, 16.150043497674915, 0.0 ], [ 103.728639717809941, 16.150043499112918, 0.0 ], [ 103.728639750345138, 16.1500435016499, 0.0 ], [ 103.728639782768894, 16.150043505282774, 0.0 ], [ 103.728639815041731, 16.150043510007102, 0.0 ], [ 103.728639847124313, 16.150043515817146, 0.0 ], [ 103.72863987897756, 16.150043522705808, 0.0 ], [ 103.728639910562649, 16.150043530664718, 0.0 ], [ 103.728639941841124, 16.150043539684155, 0.0 ], [ 103.728639972774857, 16.15004354975315, 0.0 ], [ 103.728640003326177, 16.150043560859423, 0.0 ], [ 103.72864003345785, 16.150043572989457, 0.0 ], [ 103.728640063133156, 16.150043586128447, 0.0 ], [ 103.728640092315956, 16.15004360026041, 0.0 ], [ 103.728640120970695, 16.150043615368119, 0.0 ], [ 103.728640149062457, 16.150043631433174, 0.0 ], [ 103.728640176557022, 16.150043648435989, 0.0 ], [ 103.728640203420881, 16.150043666355863, 0.0 ], [ 103.728640229621291, 16.15004368517096, 0.0 ], [ 103.728640255126379, 16.150043704858351, 0.0 ], [ 103.72864962042533, 16.150051196372143, 0.0 ] ] } },
{ "type": "Feature", "properties": { }, "geometry": { "type": "LineString", "coordinates": [ [ 103.728424853447677, 16.149871399940025, 0.0 ], [ 103.728360459618202, 16.14994659816692, 0.0 ], [ 103.728369824901392, 16.149954089691995, 0.0 ], [ 103.728369850406423, 16.149954109379411, 0.0 ], [ 103.72836987660682, 16.149954128194533, 0.0 ], [ 103.728369903470622, 16.149954146114439, 0.0 ], [ 103.728369930965144, 16.14995416311729, 0.0 ], [ 103.728369959056877, 16.149954179182373, 0.0 ], [ 103.728369987711574, 16.149954194290117, 0.0 ], [ 103.728370016894345, 16.149954208422116, 0.0 ], [ 103.728370046569623, 16.149954221561149, 0.0 ], [ 103.728370076701253, 16.149954233691211, 0.0 ], [ 103.728370107252545, 16.14995424479752, 0.0 ], [ 103.72837013818625, 16.14995425486655, 0.0 ], [ 103.728370169464682, 16.149954263886034, 0.0 ], [ 103.728370201049756, 16.149954271844976, 0.0 ], [ 103.728370232902975, 16.149954278733677, 0.0 ], [ 103.728370264985543, 16.149954284543764, 0.0 ], [ 103.728370297258351, 16.149954289268138, 0.0 ], [ 103.728370329682093, 16.149954292901043, 0.0 ], [ 103.728370362217262, 16.149954295438068, 0.0 ], [ 103.728370394824211, 16.149954296876107, 0.0 ], [ 103.728370427463247, 16.149954297213416, 0.0 ], [ 103.728370460094553, 16.149954296449589, 0.0 ], [ 103.728370492678422, 16.149954294585541, 0.0 ], [ 103.728370525175109, 16.149954291623555, 0.0 ], [ 103.728370557545063, 16.149954287567244, 0.0 ], [ 103.728370589748835, 16.149954282421529, 0.0 ], [ 103.728370621747175, 16.149954276192705, 0.0 ], [ 103.728370653501102, 16.149954268888337, 0.0 ], [ 103.728370684971949, 16.149954260517344, 0.0 ], [ 103.728370716121347, 16.14995425108992, 0.0 ], [ 103.728370746911352, 16.149954240617543, 0.0 ], [ 103.728370777304463, 16.149954229112979, 0.0 ], [ 103.728370807263644, 16.149954216590238, 0.0 ], [ 103.72837083675239, 16.149954203064592, 0.0 ], [ 103.728370865734789, 16.149954188552503, 0.0 ], [ 103.728370894175512, 16.149954173071652, 0.0 ], [ 103.7283709220399, 16.149954156640906, 0.0 ], [ 103.728370949294046, 16.149954139280297, 0.0 ], [ 103.728370975904696, 16.149954121010953, 0.0 ], [ 103.728371001839463, 16.14995410185514, 0.0 ], [ 103.728371027066729, 16.149954081836206, 0.0 ], [ 103.728371051555783, 16.149954060978519, 0.0 ], [ 103.728371075276769, 16.14995403930752, 0.0 ], [ 103.728371098200782, 16.149954016849591, 0.0 ], [ 103.728371120299897, 16.149953993632099, 0.0 ], [ 103.728371141547214, 16.149953969683342, 0.0 ], [ 103.728434342897643, 16.149880164013183, 0.0 ], [ 103.728434363267226, 16.149880139362317, 0.0 ], [ 103.728434382734292, 16.149880114039377, 0.0 ], [ 103.728434401275109, 16.149880088075228, 0.0 ], [ 103.72843441886711, 16.149880061501506, 0.0 ], [ 103.72843443548885, 16.149880034350581, 0.0 ], [ 103.728434451120066, 16.149880006655525, 0.0 ], [ 103.728434465741742, 16.149879978450091, 0.0 ], [ 103.72843447933603, 16.149879949768646, 0.0 ], [ 103.728434491886389, 16.149879920646121, 0.0 ], [ 103.728434503377542, 16.149879891118005, 0.0 ], [ 103.728434513795463, 16.149879861220274, 0.0 ], [ 103.728434523127447, 16.149879830989349, 0.0 ], [ 103.728434531362169, 16.149879800462067, 0.0 ], [ 103.728434538489566, 16.149879769675614, 0.0 ], [ 103.728434544500956, 16.149879738667511, 0.0 ], [ 103.728434549389007, 16.14987970747552, 0.0 ], [ 103.728434553147778, 16.149879676137662, 0.0 ], [ 103.728434555772708, 16.149879644692106, 0.0 ], [ 103.72843455726057, 16.149879613177166, 0.0 ], [ 103.72843455760956, 16.149879581631232, 0.0 ], [ 103.728434556819238, 16.149879550092745, 0.0 ], [ 103.728434554890597, 16.149879518600123, 0.0 ], [ 103.72843455182597, 16.149879487191754, 0.0 ], [ 103.728434547629092, 16.149879455905882, 0.0 ], [ 103.728434542305067, 16.149879424780632, 0.0 ], [ 103.728434535860401, 16.149879393853926, 0.0 ], [ 103.728434528302927, 16.149879363163446, 0.0 ], [ 103.728434519641866, 16.149879332746572, 0.0 ], [ 103.728434509887762, 16.149879302640382, 0.0 ], [ 103.728434499052497, 16.149879272881538, 0.0 ], [ 103.728434487149286, 16.149879243506305, 0.0 ], [ 103.728434474192625, 16.149879214550467, 0.0 ], [ 103.728434460198301, 16.149879186049318, 0.0 ], [ 103.728434445183353, 16.14987915803756, 0.0 ], [ 103.728434429166072, 16.14987913054933, 0.0 ], [ 103.728434412165996, 16.149879103618122, 0.0 ], [ 103.728434394203816, 16.149879077276744, 0.0 ], [ 103.728434375301418, 16.149879051557289, 0.0 ], [ 103.728434355481852, 16.149879026491089, 0.0 ], [ 103.728434334769233, 16.149879002108694, 0.0 ], [ 103.728434313188828, 16.149878978439805, 0.0 ], [ 103.728434290766899, 16.149878955513255, 0.0 ], [ 103.728434267530787, 16.149878933356973, 0.0 ], [ 103.728434243508786, 16.149878911997959, 0.0 ], [ 103.728434218730186, 16.149878891462244, 0.0 ], [ 103.728424853447677, 16.149871399940025, 0.0 ] ] } },
{ "type": "Feature", "properties": { }, "geometry": { "type": "LineString", "coordinates": [ [ 103.72843446796503, 16.149869241595667, 0.0 ], [ 103.728650015270986, 16.15004166298975, 0.0 ], [ 103.728644052883283, 16.150048625795918, 0.0 ], [ 103.728428505575877, 16.149876204395746, 0.0 ], [ 103.72843446796503, 16.149869241595667, 0.0 ] ] } },
{ "type": "Feature", "properties": { }, "geometry": { "type": "LineString", "coordinates": [ [ 103.728360497062482, 16.14995647735779, 0.0 ], [ 103.728575610603841, 16.150128551834232, 0.0 ], [ 103.728581572996404, 16.150121589030377, 0.0 ], [ 103.728366459456495, 16.149949514560014, 0.0 ], [ 103.728360497062482, 16.14995647735779, 0.0 ] ] } },
{ "type": "Feature", "properties": { }, "geometry": { "type": "LineString", "coordinates": [ [ 103.725124356308584, 16.147231191805123, 0.0 ], [ 103.725059962239371, 16.147306389024397, 0.0 ], [ 103.725050597208877, 16.147298897369865, 0.0 ], [ 103.725050572430959, 16.147298876833791, 0.0 ], [ 103.725050548409641, 16.147298855474443, 0.0 ], [ 103.725050525174211, 16.147298833317841, 0.0 ], [ 103.725050502752978, 16.147298810390971, 0.0 ], [ 103.725050481173255, 16.14729878672178, 0.0 ], [ 103.725050460461318, 16.147298762339101, 0.0 ], [ 103.725050440642434, 16.147298737272635, 0.0 ], [ 103.725050421740733, 16.147298711552921, 0.0 ], [ 103.725050403779221, 16.147298685211304, 0.0 ], [ 103.725050386779799, 16.147298658279865, 0.0 ], [ 103.725050370763199, 16.147298630791425, 0.0 ], [ 103.72505035574892, 16.147298602779468, 0.0 ], [ 103.725050341755235, 16.147298574278128, 0.0 ], [ 103.725050328799227, 16.14729854532213, 0.0 ], [ 103.725050316896642, 16.147298515946748, 0.0 ], [ 103.725050306062016, 16.147298486187776, 0.0 ], [ 103.725050296308538, 16.147298456081465, 0.0 ], [ 103.725050287648088, 16.147298425664495, 0.0 ], [ 103.72505028009121, 16.147298394973934, 0.0 ], [ 103.725050273647128, 16.147298364047163, 0.0 ], [ 103.725050268323685, 16.147298332921864, 0.0 ], [ 103.725050264127361, 16.147298301635953, 0.0 ], [ 103.725050261063274, 16.147298270227569, 0.0 ], [ 103.725050259135159, 16.147298238734951, 0.0 ], [ 103.725050258345362, 16.147298207196485, 0.0 ], [ 103.725050258694864, 16.14729817565059, 0.0 ], [ 103.72505026018321, 16.1472981441357, 0.0 ], [ 103.725050262808594, 16.147298112690216, 0.0 ], [ 103.72505026656782, 16.147298081352442, 0.0 ], [ 103.725050271456311, 16.147298050160558, 0.0 ], [ 103.725050277468114, 16.147298019152565, 0.0 ], [ 103.725050284595895, 16.147297988366262, 0.0 ], [ 103.725050292830971, 16.147297957839129, 0.0 ], [ 103.725050302163325, 16.147297927608378, 0.0 ], [ 103.725050312581573, 16.147297897710828, 0.0 ], [ 103.725050324073024, 16.147297868182918, 0.0 ], [ 103.725050336623681, 16.147297839060609, 0.0 ], [ 103.72505035021824, 16.147297810379392, 0.0 ], [ 103.725050364840143, 16.147297782174203, 0.0 ], [ 103.7250503804716, 16.147297754479414, 0.0 ], [ 103.725050397093526, 16.147297727328755, 0.0 ], [ 103.725050414685697, 16.147297700755324, 0.0 ], [ 103.725050433226684, 16.147297674791481, 0.0 ], [ 103.725050452693878, 16.147297649468861, 0.0 ], [ 103.725050473063575, 16.147297624818322, 0.0 ], [ 103.725113674650729, 16.147223820143168, 0.0 ], [ 103.725113695898088, 16.14722379619473, 0.0 ], [ 103.725113717997246, 16.147223772977576, 0.0 ], [ 103.725113740921259, 16.147223750519991, 0.0 ], [ 103.725113764642231, 16.147223728849355, 0.0 ], [ 103.725113789131228, 16.147223707992044, 0.0 ], [ 103.725113814358423, 16.147223687973483, 0.0 ], [ 103.725113840293091, 16.147223668818057, 0.0 ], [ 103.725113866903641, 16.147223650549112, 0.0 ], [ 103.72511389415763, 16.147223633188908, 0.0 ], [ 103.725113922021862, 16.147223616758577, 0.0 ], [ 103.725113950462401, 16.147223601278156, 0.0 ], [ 103.725113979444572, 16.14722358676649, 0.0 ], [ 103.725114008933105, 16.147223573241273, 0.0 ], [ 103.725114038892016, 16.147223560718977, 0.0 ], [ 103.725114069284857, 16.147223549214853, 0.0 ], [ 103.725114100074563, 16.147223538742928, 0.0 ], [ 103.725114131223648, 16.147223529315955, 0.0 ], [ 103.72511416269414, 16.147223520945424, 0.0 ], [ 103.725114194447713, 16.147223513641521, 0.0 ], [ 103.725114226445669, 16.147223507413159, 0.0 ], [ 103.725114258649043, 16.147223502267916, 0.0 ], [ 103.725114291018571, 16.147223498212064, 0.0 ], [ 103.725114323514831, 16.147223495250554, 0.0 ], [ 103.725114356098246, 16.147223493386971, 0.0 ], [ 103.725114388729082, 16.147223492623606, 0.0 ], [ 103.725114421367607, 16.14722349296138, 0.0 ], [ 103.725114453974058, 16.147223494399885, 0.0 ], [ 103.725114486508701, 16.147223496937372, 0.0 ], [ 103.725114518931917, 16.147223500570739, 0.0 ], [ 103.725114551204157, 16.147223505295571, 0.0 ], [ 103.725114583286157, 16.147223511106105, 0.0 ], [ 103.725114615138793, 16.147223517995261, 0.0 ], [ 103.725114646723284, 16.147223525954644, 0.0 ], [ 103.725114678001106, 16.147223534974565, 0.0 ], [ 103.7251147089342, 16.147223545044028, 0.0 ], [ 103.725114739484866, 16.147223556150763, 0.0 ], [ 103.725114769615871, 16.147223568281245, 0.0 ], [ 103.725114799290509, 16.147223581420686, 0.0 ], [ 103.725114828472613, 16.147223595553093, 0.0 ], [ 103.72511485712667, 16.147223610661229, 0.0 ], [ 103.725114885217721, 16.14722362672671, 0.0 ], [ 103.725114912711561, 16.14722364372993, 0.0 ], [ 103.725114939574709, 16.147223661650205, 0.0 ], [ 103.725114965774409, 16.147223680465686, 0.0 ], [ 103.725114991278772, 16.147223700153454, 0.0 ], [ 103.725124356308584, 16.147231191805123, 0.0 ] ] } },
{ "type": "Feature", "properties": { }, "geometry": { "type": "LineString", "coordinates": [ [ 103.724899595790546, 16.147051392063975, 0.0 ], [ 103.724835201705019, 16.147126589214633, 0.0 ], [ 103.724844566719057, 16.147134080877581, 0.0 ], [ 103.724844592223377, 16.147134100565378, 0.0 ], [ 103.724844618423049, 16.147134119380887, 0.0 ], [ 103.724844645286154, 16.147134137301187, 0.0 ], [ 103.724844672779966, 16.14713415430445, 0.0 ], [ 103.724844700870975, 16.147134170369956, 0.0 ], [ 103.724844729524989, 16.14713418547813, 0.0 ], [ 103.724844758707079, 16.147134199610562, 0.0 ], [ 103.724844788381674, 16.147134212750046, 0.0 ], [ 103.724844818512651, 16.14713422488057, 0.0 ], [ 103.724844849063274, 16.147134235987338, 0.0 ], [ 103.724844879996326, 16.14713424605684, 0.0 ], [ 103.724844911274147, 16.1471342550768, 0.0 ], [ 103.724844942858596, 16.147134263036225, 0.0 ], [ 103.724844974711203, 16.147134269925413, 0.0 ], [ 103.724845006793174, 16.14713427573599, 0.0 ], [ 103.7248450390654, 16.147134280460858, 0.0 ], [ 103.724845071488588, 16.147134284094268, 0.0 ], [ 103.724845104023203, 16.147134286631797, 0.0 ], [ 103.724845136629639, 16.147134288070337, 0.0 ], [ 103.72484516926815, 16.147134288408161, 0.0 ], [ 103.724845201898987, 16.147134287644835, 0.0 ], [ 103.724845234482373, 16.147134285781288, 0.0 ], [ 103.724845266978619, 16.147134282819817, 0.0 ], [ 103.724845299348146, 16.14713427876401, 0.0 ], [ 103.724845331551492, 16.147134273618803, 0.0 ], [ 103.724845363549449, 16.147134267390474, 0.0 ], [ 103.724845395303007, 16.147134260086617, 0.0 ], [ 103.724845426773484, 16.147134251716121, 0.0 ], [ 103.724845457922569, 16.147134242289187, 0.0 ], [ 103.72484548871229, 16.147134231817301, 0.0 ], [ 103.724845519105102, 16.147134220313216, 0.0 ], [ 103.724845549064042, 16.147134207790959, 0.0 ], [ 103.724845578552561, 16.147134194265774, 0.0 ], [ 103.724845607534746, 16.147134179754151, 0.0 ], [ 103.724845635975271, 16.147134164273766, 0.0 ], [ 103.724845663839517, 16.147134147843474, 0.0 ], [ 103.72484569109352, 16.147134130483295, 0.0 ], [ 103.724845717704071, 16.147134112214385, 0.0 ], [ 103.724845743638753, 16.147134093058995, 0.0 ], [ 103.724845768865976, 16.147134073040473, 0.0 ], [ 103.724845793354987, 16.147134052183194, 0.0 ], [ 103.724845817075959, 16.147134030512579, 0.0 ], [ 103.72484584, 16.14713400805503, 0.0 ], [ 103.724845862099158, 16.147133984837904, 0.0 ], [ 103.724845883346546, 16.147133960889498, 0.0 ], [ 103.72490908494828, 16.14706015627565, 0.0 ], [ 103.724909105317963, 16.147060131625118, 0.0 ], [ 103.724909124785157, 16.147060106302515, 0.0 ], [ 103.724909143326116, 16.147060080338683, 0.0 ], [ 103.724909160918287, 16.147060053765259, 0.0 ], [ 103.724909177540226, 16.147060026614607, 0.0 ], [ 103.724909193171655, 16.147059998919833, 0.0 ], [ 103.724909207793573, 16.14705997071465, 0.0 ], [ 103.724909221388145, 16.147059942033447, 0.0 ], [ 103.724909233938789, 16.14705991291115, 0.0 ], [ 103.72490924543024, 16.147059883383232, 0.0 ], [ 103.724909255848502, 16.1470598534857, 0.0 ], [ 103.724909265180855, 16.147059823254953, 0.0 ], [ 103.724909273415946, 16.147059792727831, 0.0 ], [ 103.724909280543727, 16.147059761941517, 0.0 ], [ 103.724909286555558, 16.147059730933538, 0.0 ], [ 103.72490929144405, 16.147059699741661, 0.0 ], [ 103.724909295203304, 16.147059668403891, 0.0 ], [ 103.724909297828702, 16.147059636958403, 0.0 ], [ 103.724909299317062, 16.147059605443513, 0.0 ], [ 103.724909299666564, 16.147059573897625, 0.0 ], [ 103.724909298876796, 16.147059542359155, 0.0 ], [ 103.724909296948709, 16.147059510866544, 0.0 ], [ 103.72490929388465, 16.147059479458147, 0.0 ], [ 103.724909289688355, 16.147059448172246, 0.0 ], [ 103.724909284364927, 16.147059417046947, 0.0 ], [ 103.724909277920872, 16.147059386120173, 0.0 ], [ 103.724909270364023, 16.147059355429604, 0.0 ], [ 103.724909261703601, 16.147059325012631, 0.0 ], [ 103.724909251950152, 16.147059294906317, 0.0 ], [ 103.724909241115554, 16.14705926514733, 0.0 ], [ 103.724909229213011, 16.147059235771945, 0.0 ], [ 103.724909216257032, 16.147059206815943, 0.0 ], [ 103.72490920226339, 16.147059178314599, 0.0 ], [ 103.724909187249139, 16.147059150302631, 0.0 ], [ 103.724909171232568, 16.147059122814181, 0.0 ], [ 103.724909154233188, 16.147059095882742, 0.0 ], [ 103.724909136271734, 16.147059069541108, 0.0 ], [ 103.724909117370061, 16.147059043821383, 0.0 ], [ 103.724909097551205, 16.147059018754909, 0.0 ], [ 103.724909076839324, 16.147058994372212, 0.0 ], [ 103.724909055259644, 16.147058970703011, 0.0 ], [ 103.72490903283844, 16.147058947776124, 0.0 ], [ 103.724909009603053, 16.147058925619515, 0.0 ], [ 103.724908985581791, 16.147058904260152, 0.0 ], [ 103.724908960803901, 16.147058883724071, 0.0 ], [ 103.724899595790546, 16.147051392063975, 0.0 ] ] } },
{ "type": "Feature", "properties": { }, "geometry": { "type": "LineString", "coordinates": [ [ 103.724909210195349, 16.147049233871133, 0.0 ], [ 103.725124751306652, 16.147221658438514, 0.0 ], [ 103.725118788895216, 16.147228621145029, 0.0 ], [ 103.724903247782478, 16.147056196571551, 0.0 ], [ 103.724909210195349, 16.147049233871133, 0.0 ] ] } },
{ "type": "Feature", "properties": { }, "geometry": { "type": "LineString", "coordinates": [ [ 103.724835238984468, 16.147136468396081, 0.0 ], [ 103.725050346343608, 16.147308546039437, 0.0 ], [ 103.725056308759875, 16.147301583335228, 0.0 ], [ 103.724841201402185, 16.147129505697965, 0.0 ], [ 103.724835238984468, 16.147136468396081, 0.0 ] ] } },
{ "type": "Feature", "properties": { }, "geometry": { "type": "LineString", "coordinates": [ [ 103.722972111166598, 16.145509456547671, 0.0 ], [ 103.722907716941336, 16.145584653109911, 0.0 ], [ 103.722898352075163, 16.14557716137125, 0.0 ], [ 103.722898327297671, 16.145577140834956, 0.0 ], [ 103.722898303276807, 16.145577119475391, 0.0 ], [ 103.722898280041818, 16.145577097318583, 0.0 ], [ 103.722898257621026, 16.145577074391518, 0.0 ], [ 103.722898236041743, 16.145577050722132, 0.0 ], [ 103.722898215330261, 16.145577026339268, 0.0 ], [ 103.722898195511803, 16.145577001272631, 0.0 ], [ 103.722898176610528, 16.145576975552757, 0.0 ], [ 103.722898158649471, 16.145576949210984, 0.0 ], [ 103.722898141650504, 16.1455769222794, 0.0 ], [ 103.722898125634316, 16.145576894790832, 0.0 ], [ 103.722898110620463, 16.145576866778743, 0.0 ], [ 103.722898096627205, 16.145576838277293, 0.0 ], [ 103.722898083671595, 16.145576809321188, 0.0 ], [ 103.722898071769436, 16.145576779945713, 0.0 ], [ 103.722898060935208, 16.145576750186656, 0.0 ], [ 103.722898051182128, 16.145576720080264, 0.0 ], [ 103.722898042522061, 16.145576689663237, 0.0 ], [ 103.722898034965581, 16.145576658972615, 0.0 ], [ 103.722898028521868, 16.145576628045809, 0.0 ], [ 103.72289802319878, 16.145576596920478, 0.0 ], [ 103.722898019002827, 16.145576565634553, 0.0 ], [ 103.722898015939094, 16.145576534226155, 0.0 ], [ 103.722898014011321, 16.145576502733544, 0.0 ], [ 103.722898013221837, 16.145576471195088, 0.0 ], [ 103.722898013571651, 16.145576439649215, 0.0 ], [ 103.722898015060309, 16.145576408134364, 0.0 ], [ 103.722898017685978, 16.145576376688918, 0.0 ], [ 103.722898021445502, 16.145576345351195, 0.0 ], [ 103.722898026334249, 16.145576314159374, 0.0 ], [ 103.722898032346308, 16.145576283151467, 0.0 ], [ 103.722898039474345, 16.145576252365245, 0.0 ], [ 103.722898047709663, 16.145576221838208, 0.0 ], [ 103.722898057042229, 16.145576191607567, 0.0 ], [ 103.722898067460676, 16.145576161710132, 0.0 ], [ 103.722898078952312, 16.145576132182349, 0.0 ], [ 103.72289809150314, 16.145576103060179, 0.0 ], [ 103.722898105097869, 16.145576074379104, 0.0 ], [ 103.722898119719929, 16.145576046174078, 0.0 ], [ 103.722898135351514, 16.145576018479453, 0.0 ], [ 103.722898151973567, 16.145575991328975, 0.0 ], [ 103.722898169565852, 16.145575964755722, 0.0 ], [ 103.72289818810691, 16.145575938792067, 0.0 ], [ 103.722898207574175, 16.145575913469646, 0.0 ], [ 103.722898227943929, 16.145575888819312, 0.0 ], [ 103.722961429684247, 16.14550208478903, 0.0 ], [ 103.722961450931649, 16.145502060840805, 0.0 ], [ 103.722961473030836, 16.145502037623874, 0.0 ], [ 103.722961495954863, 16.145502015166532, 0.0 ], [ 103.72296151967582, 16.145501993496119, 0.0 ], [ 103.722961544164804, 16.145501972639057, 0.0 ], [ 103.72296156939197, 16.145501952620748, 0.0 ], [ 103.722961595326595, 16.145501933465582, 0.0 ], [ 103.72296162193706, 16.14550191519691, 0.0 ], [ 103.722961649190978, 16.145501897836962, 0.0 ], [ 103.722961677055125, 16.145501881406911, 0.0 ], [ 103.722961705495536, 16.145501865926764, 0.0 ], [ 103.722961734477593, 16.145501851415382, 0.0 ], [ 103.722961763965969, 16.14550183789046, 0.0 ], [ 103.722961793924739, 16.145501825368449, 0.0 ], [ 103.722961824317409, 16.145501813864627, 0.0 ], [ 103.722961855106931, 16.145501803392996, 0.0 ], [ 103.722961886255817, 16.145501793966325, 0.0 ], [ 103.72296191772611, 16.145501785596093, 0.0 ], [ 103.722961949479455, 16.145501778292502, 0.0 ], [ 103.72296198147717, 16.145501772064438, 0.0 ], [ 103.722962013680288, 16.145501766919509, 0.0 ], [ 103.722962046049545, 16.145501762863972, 0.0 ], [ 103.722962078545535, 16.145501759902761, 0.0 ], [ 103.722962111128652, 16.14550175803949, 0.0 ], [ 103.72296214375919, 16.145501757276438, 0.0 ], [ 103.722962176397417, 16.145501757614522, 0.0 ], [ 103.722962209003541, 16.145501759053342, 0.0 ], [ 103.722962241537857, 16.145501761591124, 0.0 ], [ 103.722962273960704, 16.145501765224804, 0.0 ], [ 103.722962306232617, 16.145501769949941, 0.0 ], [ 103.722962338314247, 16.145501775760771, 0.0 ], [ 103.722962370166528, 16.145501782650221, 0.0 ], [ 103.722962401750607, 16.145501790609899, 0.0 ], [ 103.722962433028073, 16.145501799630118, 0.0 ], [ 103.722962463960769, 16.145501809699862, 0.0 ], [ 103.722962494511037, 16.145501820806881, 0.0 ], [ 103.722962524641616, 16.145501832937644, 0.0 ], [ 103.722962554315842, 16.145501846077362, 0.0 ], [ 103.722962583497548, 16.145501860210025, 0.0 ], [ 103.722962612151164, 16.145501875318431, 0.0 ], [ 103.722962640241789, 16.145501891384164, 0.0 ], [ 103.722962667735217, 16.145501908387637, 0.0 ], [ 103.722962694597925, 16.145501926308157, 0.0 ], [ 103.722962720797199, 16.145501945123875, 0.0 ], [ 103.722962746301107, 16.145501964811871, 0.0 ], [ 103.722972111166598, 16.145509456547671, 0.0 ] ] } },
{ "type": "Feature", "properties": { }, "geometry": { "type": "LineString", "coordinates": [ [ 103.722747354591888, 16.145329654787268, 0.0 ], [ 103.722682960350355, 16.145404851280897, 0.0 ], [ 103.722692325200086, 16.145412343027981, 0.0 ], [ 103.722692350703952, 16.145412362716005, 0.0 ], [ 103.722692376903197, 16.145412381531752, 0.0 ], [ 103.722692403765848, 16.145412399452301, 0.0 ], [ 103.722692431259247, 16.145412416455805, 0.0 ], [ 103.72269245934983, 16.145412432521574, 0.0 ], [ 103.722692488003418, 16.145412447630004, 0.0 ], [ 103.722692517185081, 16.145412461762717, 0.0 ], [ 103.722692546859264, 16.145412474902464, 0.0 ], [ 103.722692576989829, 16.145412487033262, 0.0 ], [ 103.722692607540054, 16.145412498140313, 0.0 ], [ 103.722692638472722, 16.145412508210104, 0.0 ], [ 103.722692669750145, 16.145412517230355, 0.0 ], [ 103.722692701334225, 16.145412525190075, 0.0 ], [ 103.722692733186463, 16.145412532079572, 0.0 ], [ 103.722692765268064, 16.145412537890437, 0.0 ], [ 103.722692797539949, 16.145412542615613, 0.0 ], [ 103.722692829962782, 16.145412546249322, 0.0 ], [ 103.72269286249707, 16.145412548787156, 0.0 ], [ 103.722692895103179, 16.145412550226009, 0.0 ], [ 103.722692927741377, 16.145412550564139, 0.0 ], [ 103.722692960371916, 16.145412549801119, 0.0 ], [ 103.722692992955018, 16.145412547937898, 0.0 ], [ 103.722693025450994, 16.145412544976725, 0.0 ], [ 103.722693057820237, 16.145412540921228, 0.0 ], [ 103.722693090023341, 16.14541253577633, 0.0 ], [ 103.722693122021056, 16.145412529548317, 0.0 ], [ 103.722693153774401, 16.145412522244762, 0.0 ], [ 103.72269318524468, 16.145412513874572, 0.0 ], [ 103.722693216393552, 16.145412504447936, 0.0 ], [ 103.722693247183074, 16.145412493976348, 0.0 ], [ 103.722693277575729, 16.145412482472562, 0.0 ], [ 103.722693307534513, 16.145412469950596, 0.0 ], [ 103.722693337022889, 16.145412456425699, 0.0 ], [ 103.722693366004947, 16.145412441914356, 0.0 ], [ 103.722693394445372, 16.145412426434241, 0.0 ], [ 103.722693422309518, 16.145412410004226, 0.0 ], [ 103.722693449563437, 16.145412392644324, 0.0 ], [ 103.722693476173916, 16.145412374375674, 0.0 ], [ 103.722693502108555, 16.14541235522054, 0.0 ], [ 103.722693527335736, 16.145412335202273, 0.0 ], [ 103.722693551824733, 16.145412314345236, 0.0 ], [ 103.722693575545705, 16.145412292674866, 0.0 ], [ 103.72269359846976, 16.145412270217545, 0.0 ], [ 103.722693620568947, 16.145412247000646, 0.0 ], [ 103.722693641816363, 16.145412223052446, 0.0 ], [ 103.722756843571247, 16.145338419083465, 0.0 ], [ 103.722756863940987, 16.145338394433146, 0.0 ], [ 103.722756883408238, 16.145338369110743, 0.0 ], [ 103.722756901949296, 16.145338343147095, 0.0 ], [ 103.722756919541581, 16.145338316573856, 0.0 ], [ 103.722756936163634, 16.145338289423389, 0.0 ], [ 103.722756951795205, 16.145338261728774, 0.0 ], [ 103.722756966417265, 16.145338233523752, 0.0 ], [ 103.722756980011994, 16.145338204842687, 0.0 ], [ 103.722756992562822, 16.145338175720525, 0.0 ], [ 103.722757004054472, 16.145338146192742, 0.0 ], [ 103.722757014472919, 16.145338116295324, 0.0 ], [ 103.722757023805499, 16.145338086064687, 0.0 ], [ 103.722757032040818, 16.14533805553765, 0.0 ], [ 103.722757039168854, 16.145338024751435, 0.0 ], [ 103.722757045180927, 16.145337993743528, 0.0 ], [ 103.722757050069717, 16.145337962551714, 0.0 ], [ 103.722757053829227, 16.145337931213998, 0.0 ], [ 103.722757056454938, 16.145337899768556, 0.0 ], [ 103.722757057943596, 16.145337868253709, 0.0 ], [ 103.722757058293425, 16.145337836707839, 0.0 ], [ 103.722757057503969, 16.14533780516938, 0.0 ], [ 103.722757055576224, 16.145337773676761, 0.0 ], [ 103.722757052512506, 16.145337742268367, 0.0 ], [ 103.722757048316566, 16.145337710982439, 0.0 ], [ 103.722757042993507, 16.145337679857111, 0.0 ], [ 103.722757036549837, 16.14533764893029, 0.0 ], [ 103.722757028993371, 16.145337618239669, 0.0 ], [ 103.722757020333333, 16.145337587822635, 0.0 ], [ 103.722757010580281, 16.145337557716246, 0.0 ], [ 103.722756999746082, 16.145337527957182, 0.0 ], [ 103.722756987843965, 16.145337498581696, 0.0 ], [ 103.722756974888398, 16.145337469625588, 0.0 ], [ 103.722756960895168, 16.145337441124127, 0.0 ], [ 103.722756945881343, 16.145337413112042, 0.0 ], [ 103.722756929865199, 16.14533738562346, 0.0 ], [ 103.722756912866274, 16.145337358691869, 0.0 ], [ 103.722756894905245, 16.145337332350088, 0.0 ], [ 103.722756876004013, 16.145337306630193, 0.0 ], [ 103.722756856185597, 16.145337281563545, 0.0 ], [ 103.722756835474158, 16.145337257180675, 0.0 ], [ 103.722756813894918, 16.145337233511274, 0.0 ], [ 103.722756791474168, 16.145337210584206, 0.0 ], [ 103.722756768239222, 16.145337188427376, 0.0 ], [ 103.722756744218401, 16.145337167067797, 0.0 ], [ 103.722756719440952, 16.145337146531496, 0.0 ], [ 103.722747354591888, 16.145329654787268, 0.0 ] ] } },
{ "type": "Feature", "properties": { }, "geometry": { "type": "LineString", "coordinates": [ [ 103.722756968927968, 16.1453274966869, 0.0 ], [ 103.72297250625769, 16.145499923190716, 0.0 ], [ 103.722966543831816, 16.145506885836397, 0.0 ], [ 103.722751006500644, 16.145334459326488, 0.0 ], [ 103.722756968927968, 16.1453274966869, 0.0 ] ] } },
{ "type": "Feature", "properties": { }, "geometry": { "type": "LineString", "coordinates": [ [ 103.722682997529191, 16.145414730456583, 0.0 ], [ 103.722898101114325, 16.145586810032466, 0.0 ], [ 103.722904063545059, 16.145579847389094, 0.0 ], [ 103.72268895996136, 16.145407767819293, 0.0 ], [ 103.722682997529191, 16.145414730456583, 0.0 ] ] } },
{ "type": "Feature", "properties": { }, "geometry": { "type": "LineString", "coordinates": [ [ 103.716902149373894, 16.140790078248397, 0.0 ], [ 103.716882700219259, 16.140774517995652, 0.0 ], [ 103.716957231076819, 16.140687487064682, 0.0 ], [ 103.71697668022982, 16.140703047310552, 0.0 ], [ 103.716975487736647, 16.140704439805809, 0.0 ], [ 103.716958199600469, 16.140690608476127, 0.0 ], [ 103.716886053730519, 16.140774854418041, 0.0 ], [ 103.716903341868104, 16.140788685753638, 0.0 ], [ 103.716902149373894, 16.140790078248397, 0.0 ] ] } },
{ "type": "Feature", "properties": { }, "geometry": { "type": "LineString", "coordinates": [ [ 103.716889655425661, 16.140777735946394, 0.0 ], [ 103.716961801295298, 16.140693490003244, 0.0 ] ] } },
{ "type": "Feature", "properties": { }, "geometry": { "type": "LineString", "coordinates": [ [ 103.716882700219259, 16.140774517995652, 0.0 ], [ 103.716876937507365, 16.140769907550087, 0.0 ], [ 103.716951468365409, 16.140682876621156, 0.0 ], [ 103.716957231076819, 16.140687487064682, 0.0 ] ] } },
{ "type": "Feature", "properties": { }, "geometry": { "type": "LineString", "coordinates": [ [ 103.71687912273643, 16.140778695479543, 0.0 ], [ 103.716960808556308, 16.140683309579209, 0.0 ] ] } },
{ "type": "Feature", "properties": { }, "geometry": { "type": "LineString", "coordinates": [ [ 103.716431048437627, 16.140413173859809, 0.0 ], [ 103.716450497520711, 16.140428734149129, 0.0 ], [ 103.716525028414111, 16.140341703370648, 0.0 ], [ 103.716505579332647, 16.140326143088203, 0.0 ], [ 103.716504386838849, 16.140327535580795, 0.0 ], [ 103.716521674911135, 16.140341366943144, 0.0 ], [ 103.716449529006141, 16.140425612735978, 0.0 ], [ 103.716432240932477, 16.140411781367714, 0.0 ], [ 103.716431048437627, 16.140413173859809, 0.0 ] ] } },
{ "type": "Feature", "properties": { }, "geometry": { "type": "LineString", "coordinates": [ [ 103.716445927323917, 16.140422731201024, 0.0 ], [ 103.716518073229196, 16.140338485409426, 0.0 ] ] } },
{ "type": "Feature", "properties": { }, "geometry": { "type": "LineString", "coordinates": [ [ 103.716450497520711, 16.140428734149129, 0.0 ], [ 103.716456260212581, 16.140433344604919, 0.0 ], [ 103.716530791105498, 16.140346313824413, 0.0 ], [ 103.716525028414111, 16.140341703370648, 0.0 ] ] } },
{ "type": "Feature", "properties": { }, "geometry": { "type": "LineString", "coordinates": [ [ 103.716446920036162, 16.140432911625705, 0.0 ], [ 103.716528605895334, 16.140337525892495, 0.0 ] ] } },
{ "type": "Feature", "properties": { }, "geometry": { "type": "LineString", "coordinates": [ [ 103.716524256153107, 16.140345440584532, 0.0 ], [ 103.716953937578126, 16.140689207165451, 0.0 ], [ 103.716960260777128, 16.140681823455349, 0.0 ], [ 103.716530579355137, 16.140338056887298, 0.0 ], [ 103.716524256153107, 16.140345440584532, 0.0 ] ] } },
{ "type": "Feature", "properties": { }, "geometry": { "type": "LineString", "coordinates": [ [ 103.716447773744335, 16.140434749702617, 0.0 ], [ 103.716877455206173, 16.140778516439322, 0.0 ], [ 103.716883778410946, 16.140771132731953, 0.0 ], [ 103.716454096952134, 16.140427366008137, 0.0 ], [ 103.716447773744335, 16.140434749702617, 0.0 ] ] } },
{ "type": "Feature", "properties": { }, "geometry": { "type": "LineString", "coordinates": [ [ 103.693356664149022, 16.122061399888498, 0.0 ], [ 103.693344099651867, 16.122053550756917, 0.0 ], [ 103.693280662494246, 16.122148436994504, 0.0 ], [ 103.693293226994285, 16.122156286130004, 0.0 ], [ 103.693356664149022, 16.122061399888498, 0.0 ] ] } },
{ "type": "Feature", "properties": { }, "geometry": { "type": "LineString", "coordinates": [ [ 103.692951459631516, 16.121808265056021, 0.0 ], [ 103.692964024096682, 16.121816114208627, 0.0 ], [ 103.692900586851536, 16.121911000327493, 0.0 ], [ 103.692888022383485, 16.121903151170962, 0.0 ], [ 103.692951459631516, 16.121808265056021, 0.0 ] ] } },
{ "type": "Feature", "properties": { }, "geometry": { "type": "LineString", "coordinates": [ [ 103.692960936562073, 16.121807411166905, 0.0 ], [ 103.693353576593864, 16.122052696851107, 0.0 ], [ 103.693348603123326, 16.122060135933253, 0.0 ], [ 103.692955963084444, 16.121814850239435, 0.0 ], [ 103.692960936562073, 16.121807411166905, 0.0 ] ] } },
{ "type": "Feature", "properties": { }, "geometry": { "type": "LineString", "coordinates": [ [ 103.692891109916005, 16.121911854213504, 0.0 ], [ 103.693283750047314, 16.122157140032705, 0.0 ], [ 103.693288723522855, 16.122149700952491, 0.0 ], [ 103.692896083398651, 16.121904415142904, 0.0 ], [ 103.692891109916005, 16.121911854213504, 0.0 ] ] } },
{ "type": "Feature", "properties": { }, "geometry": { "type": "LineString", "coordinates": [ [ 103.693341562166779, 16.122057346206866, -0.000000000009457 ], [ 103.693344099651895, 16.122053550756888, -0.000000000009903 ] ] } },
{ "type": "Feature", "properties": { }, "geometry": { "type": "LineString", "coordinates": [ [ 103.693344099651895, 16.122053550756888, -0.000000000000628 ], [ 103.693350381900331, 16.122057475322759, -0.000000000009291 ] ] } },
{ "type": "Feature", "properties": { }, "geometry": { "type": "LineString", "coordinates": [ [ 103.693280662494246, 16.122148436994518, 0.00000000000124 ], [ 103.693286944744131, 16.12215236156235, 0.00000000000372 ] ] } },
{ "type": "Feature", "properties": { }, "geometry": { "type": "LineString", "coordinates": [ [ 103.692961486608084, 16.121819909653833, -0.000000000009457 ], [ 103.69296402409671, 16.121816114208595, -0.000000000009903 ] ] } },
{ "type": "Feature", "properties": { }, "geometry": { "type": "LineString", "coordinates": [ [ 103.69296402409671, 16.121816114208595, -0.000000000000628 ], [ 103.692957741863992, 16.121812189632379, -0.000000000009291 ] ] } },
{ "type": "Feature", "properties": { }, "geometry": { "type": "LineString", "coordinates": [ [ 103.692900586851536, 16.121911000327501, 0.00000000000124 ], [ 103.692894304617383, 16.121907075749327, 0.00000000000372 ] ] } },
{ "type": "Feature", "properties": { }, "geometry": { "type": "LineString", "coordinates": [ [ 103.680526423087599, 16.117272121360617, 0.0 ], [ 103.680511673831589, 16.117269705305809, 0.0 ], [ 103.680492147600162, 16.117381093431206, 0.0 ], [ 103.680506896863974, 16.117383509487937, 0.0 ], [ 103.680526423087599, 16.117272121360617, 0.0 ] ] } },
{ "type": "Feature", "properties": { }, "geometry": { "type": "LineString", "coordinates": [ [ 103.680050759800992, 16.117194203092502, 0.0 ], [ 103.680065509043359, 16.117196619178351, 0.0 ], [ 103.680045982576402, 16.117308007245647, 0.0 ], [ 103.680031233326233, 16.117305591157873, 0.0 ], [ 103.680050759800992, 16.117194203092502, 0.0 ] ] } },
{ "type": "Feature", "properties": { }, "geometry": { "type": "LineString", "coordinates": [ [ 103.680059117774491, 16.117189801632382, 0.0 ], [ 103.680520031799659, 16.117265303827146, 0.0 ], [ 103.680518500944473, 16.11727403665644, 0.0 ], [ 103.680057586900247, 16.117198534456968, 0.0 ], [ 103.680059117774491, 16.117189801632382, 0.0 ] ] } },
{ "type": "Feature", "properties": { }, "geometry": { "type": "LineString", "coordinates": [ [ 103.680037624597489, 16.117312408704755, 0.0 ], [ 103.680498538890504, 16.117387910965594, 0.0 ], [ 103.680500069747808, 16.117379178136666, 0.0 ], [ 103.680039155473878, 16.117303675880546, 0.0 ], [ 103.680037624597489, 16.117312408704755, 0.0 ] ] } },
{ "type": "Feature", "properties": { }, "geometry": { "type": "LineString", "coordinates": [ [ 103.680510892782834, 16.117274160830899, -0.000000000009457 ], [ 103.680511673831589, 16.11726970530577, -0.000000000009903 ] ] } },
{ "type": "Feature", "properties": { }, "geometry": { "type": "LineString", "coordinates": [ [ 103.680511673831589, 16.11726970530577, -0.000000000000628 ], [ 103.68051904845953, 16.117270913333304, -0.000000000009291 ] ] } },
{ "type": "Feature", "properties": { }, "geometry": { "type": "LineString", "coordinates": [ [ 103.680492147600162, 16.11738109343122, 0.00000000000124 ], [ 103.680499522232012, 16.117382301459706, 0.00000000000372 ] ] } },
{ "type": "Feature", "properties": { }, "geometry": { "type": "LineString", "coordinates": [ [ 103.680064727985197, 16.117201074701114, -0.000000000009457 ], [ 103.680065509043374, 16.117196619178312, -0.000000000009903 ] ] } },
{ "type": "Feature", "properties": { }, "geometry": { "type": "LineString", "coordinates": [ [ 103.680065509043374, 16.117196619178312, -0.000000000000628 ], [ 103.68005813442214, 16.117195411135516, -0.000000000009291 ] ] } },
{ "type": "Feature", "properties": { }, "geometry": { "type": "LineString", "coordinates": [ [ 103.680045982576402, 16.117308007245665, 0.00000000000124 ], [ 103.680038607951275, 16.117306799201895, 0.00000000000372 ] ] } },
{ "type": "Feature", "properties": { }, "geometry": { "type": "LineString", "coordinates": [ [ 103.656823121930387, 16.112838406039319, 0.0 ], [ 103.656809126077292, 16.112833300885995, 0.0 ], [ 103.656767867855578, 16.112939001611927, 0.0 ], [ 103.656781863714613, 16.112944106768381, 0.0 ], [ 103.656823121930387, 16.112838406039319, 0.0 ] ] } },
{ "type": "Feature", "properties": { }, "geometry": { "type": "LineString", "coordinates": [ [ 103.656371756061247, 16.112673764408637, 0.0 ], [ 103.656385751889957, 16.112678869589008, 0.0 ], [ 103.656344493489129, 16.112784570219997, 0.0 ], [ 103.656330497654494, 16.112779465036493, 0.0 ], [ 103.656371756061247, 16.112673764408637, 0.0 ] ] } },
{ "type": "Feature", "properties": { }, "geometry": { "type": "LineString", "coordinates": [ [ 103.65638083174747, 16.112670993914882, 0.0 ], [ 103.656818201766384, 16.112830530373778, 0.0 ], [ 103.65681496712395, 16.112838817311307, 0.0 ], [ 103.656377597090525, 16.112679280844727, 0.0 ], [ 103.65638083174747, 16.112670993914882, 0.0 ] ] } },
{ "type": "Feature", "properties": { }, "geometry": { "type": "LineString", "coordinates": [ [ 103.656335417797251, 16.112787340711701, 0.0 ], [ 103.65677278801985, 16.112946877278549, 0.0 ], [ 103.656776022666108, 16.112938590342008, 0.0 ], [ 103.656338652458004, 16.112779053782852, 0.0 ], [ 103.656335417797251, 16.112787340711701, 0.0 ] ] } },
{ "type": "Feature", "properties": { }, "geometry": { "type": "LineString", "coordinates": [ [ 103.656807475749346, 16.112837528915257, -0.000000000009457 ], [ 103.656809126077306, 16.112833300885967, -0.000000000009903 ] ] } },
{ "type": "Feature", "properties": { }, "geometry": { "type": "LineString", "coordinates": [ [ 103.656809126077306, 16.112833300885967, -0.000000000000628 ], [ 103.656816124003754, 16.112835853462727, -0.000000000009291 ] ] } },
{ "type": "Feature", "properties": { }, "geometry": { "type": "LineString", "coordinates": [ [ 103.656767867855578, 16.112939001611934, 0.00000000000124 ], [ 103.656774865784996, 16.112941554190272, 0.00000000000372 ] ] } },
{ "type": "Feature", "properties": { }, "geometry": { "type": "LineString", "coordinates": [ [ 103.656384101554849, 16.112683097614472, -0.000000000009457 ], [ 103.656385751889971, 16.112678869588972, -0.000000000009903 ] ] } },
{ "type": "Feature", "properties": { }, "geometry": { "type": "LineString", "coordinates": [ [ 103.656385751889971, 16.112678869588972, -0.000000000000628 ], [ 103.656378753975517, 16.112676316998897, -0.000000000009291 ] ] } },
{ "type": "Feature", "properties": { }, "geometry": { "type": "LineString", "coordinates": [ [ 103.656344493489115, 16.112784570220008, 0.00000000000124 ], [ 103.656337495571705, 16.112782017628366, 0.00000000000372 ] ] } },
{ "type": "Feature", "properties": { }, "geometry": { "type": "LineString", "coordinates": [ [ 103.621971932830832, 16.094431666311813, 0.0 ], [ 103.621952728480224, 16.094527493628405, 0.0 ], [ 103.62194079740037, 16.094525258776788, 0.0 ], [ 103.621940765478783, 16.09452525223665, 0.0 ], [ 103.62194073381275, 16.094525244623448, 0.0 ], [ 103.621940702440824, 16.09452523594646, 0.0 ], [ 103.621940671401234, 16.094525226216263, 0.0 ], [ 103.621940640731808, 16.094525215444712, 0.0 ], [ 103.621940610469892, 16.094525203644931, 0.0 ], [ 103.621940580652378, 16.094525190831284, 0.0 ], [ 103.621940551315561, 16.094525177019399, 0.0 ], [ 103.621940522495223, 16.094525162226102, 0.0 ], [ 103.62194049422645, 16.094525146469397, 0.0 ], [ 103.621940466543705, 16.094525129768503, 0.0 ], [ 103.621940439480682, 16.094525112143764, 0.0 ], [ 103.621940413070377, 16.094525093616639, 0.0 ], [ 103.621940387344978, 16.09452507420972, 0.0 ], [ 103.621940362335806, 16.094525053946633, 0.0 ], [ 103.62194033807333, 16.094525032852086, 0.0 ], [ 103.621940314587121, 16.094525010951756, 0.0 ], [ 103.621940291905787, 16.094524988272337, 0.0 ], [ 103.621940270056982, 16.094524964841462, 0.0 ], [ 103.621940249067293, 16.094524940687673, 0.0 ], [ 103.621940228962302, 16.094524915840406, 0.0 ], [ 103.621940209766521, 16.094524890329925, 0.0 ], [ 103.621940191503327, 16.094524864187317, 0.0 ], [ 103.621940174194961, 16.094524837444428, 0.0 ], [ 103.621940157862525, 16.094524810133841, 0.0 ], [ 103.621940142525901, 16.094524782288826, 0.0 ], [ 103.621940128203789, 16.094524753943315, 0.0 ], [ 103.621940114913642, 16.094524725131841, 0.0 ], [ 103.62194010267163, 16.094524695889511, 0.0 ], [ 103.621940091492689, 16.094524666251932, 0.0 ], [ 103.621940081390434, 16.09452463625523, 0.0 ], [ 103.621940072377171, 16.094524605935963, 0.0 ], [ 103.621940064463885, 16.094524575331043, 0.0 ], [ 103.621940057660197, 16.094524544477768, 0.0 ], [ 103.621940051974434, 16.094524513413738, 0.0 ], [ 103.621940047413489, 16.094524482176791, 0.0 ], [ 103.621940043982946, 16.094524450804986, 0.0 ], [ 103.621940041686955, 16.09452441933654, 0.0 ], [ 103.62194004052833, 16.094524387809802, 0.0 ], [ 103.621940040508477, 16.094524356263175, 0.0 ], [ 103.62194004162744, 16.09452432473509, 0.0 ], [ 103.621940043883825, 16.094524293263969, 0.0 ], [ 103.621940047274904, 16.094524261888154, 0.0 ], [ 103.621940051796528, 16.094524230645867, 0.0 ], [ 103.621940057443211, 16.094524199575165, 0.0 ], [ 103.621958906163343, 16.094430146840086, 0.0 ], [ 103.621958912928179, 16.094430115978831, 0.0 ], [ 103.621958920802953, 16.094430085364628, 0.0 ], [ 103.621958929778046, 16.094430055034771, 0.0 ], [ 103.621958939842543, 16.094430025026213, 0.0 ], [ 103.62195895098418, 16.094429995375517, 0.0 ], [ 103.621958963189371, 16.094429966118803, 0.0 ], [ 103.621958976443253, 16.094429937291718, 0.0 ], [ 103.621958990729681, 16.094429908929381, 0.0 ], [ 103.621959006031233, 16.094429881066354, 0.0 ], [ 103.621959022329293, 16.094429853736564, 0.0 ], [ 103.621959039603979, 16.094429826973343, 0.0 ], [ 103.62195905783426, 16.09442980080928, 0.0 ], [ 103.621959076997925, 16.094429775276232, 0.0 ], [ 103.62195909707161, 16.094429750405336, 0.0 ], [ 103.621959118030887, 16.094429726226874, 0.0 ], [ 103.62195913985019, 16.094429702770327, 0.0 ], [ 103.621959162502947, 16.094429680064248, 0.0 ], [ 103.621959185961558, 16.09442965813631, 0.0 ], [ 103.621959210197474, 16.094429637013235, 0.0 ], [ 103.621959235181109, 16.094429616720749, 0.0 ], [ 103.621959260882065, 16.094429597283582, 0.0 ], [ 103.621959287269007, 16.094429578725414, 0.0 ], [ 103.621959314309819, 16.09442956106885, 0.0 ], [ 103.621959341971518, 16.094429544335405, 0.0 ], [ 103.621959370220424, 16.094429528545479, 0.0 ], [ 103.621959399022117, 16.094429513718278, 0.0 ], [ 103.621959428341512, 16.0944294998719, 0.0 ], [ 103.621959458142868, 16.094429487023199, 0.0 ], [ 103.621959488389905, 16.094429475187827, 0.0 ], [ 103.621959519045745, 16.094429464380216, 0.0 ], [ 103.621959550073043, 16.094429454613515, 0.0 ], [ 103.621959581434012, 16.094429445899635, 0.0 ], [ 103.621959613090425, 16.094429438249197, 0.0 ], [ 103.621959645003727, 16.094429431671504, 0.0 ], [ 103.621959677135038, 16.094429426174596, 0.0 ], [ 103.621959709445221, 16.094429421765142, 0.0 ], [ 103.621959741894884, 16.094429418448538, 0.0 ], [ 103.621959774444491, 16.09442941622881, 0.0 ], [ 103.621959807054424, 16.094429415108671, 0.0 ], [ 103.621959839684905, 16.094429415089483, 0.0 ], [ 103.621959872296202, 16.094429416171259, 0.0 ], [ 103.621959904848595, 16.0944294183527, 0.0 ], [ 103.621959937302407, 16.094429421631133, 0.0 ], [ 103.621959969618104, 16.094429426002566, 0.0 ], [ 103.621960001756307, 16.094429431461684, 0.0 ], [ 103.621971932830832, 16.094431666311813, 0.0 ] ] } },
{ "type": "Feature", "properties": { }, "geometry": { "type": "LineString", "coordinates": [ [ 103.621685587130628, 16.094378029730432, 0.0 ], [ 103.621666382652066, 16.094473857011447, 0.0 ], [ 103.621678313724544, 16.094476091877919, 0.0 ], [ 103.621678345862748, 16.094476097337079, 0.0 ], [ 103.621678378178444, 16.094476101708555, 0.0 ], [ 103.621678410632256, 16.094476104987027, 0.0 ], [ 103.621678443184649, 16.094476107168514, 0.0 ], [ 103.621678475795946, 16.09447610825034, 0.0 ], [ 103.621678508426442, 16.094476108231191, 0.0 ], [ 103.621678541036374, 16.094476107111095, 0.0 ], [ 103.621678573585982, 16.09447610489141, 0.0 ], [ 103.621678606035658, 16.094476101574841, 0.0 ], [ 103.621678638345841, 16.094476097165444, 0.0 ], [ 103.621678670477152, 16.094476091668572, 0.0 ], [ 103.621678702390483, 16.094476085090928, 0.0 ], [ 103.621678734046924, 16.094476077440529, 0.0 ], [ 103.621678765407893, 16.094476068726696, 0.0 ], [ 103.621678796435233, 16.094476058960041, 0.0 ], [ 103.621678827091074, 16.094476048152465, 0.0 ], [ 103.621678857338125, 16.094476036317133, 0.0 ], [ 103.62167888713951, 16.094476023468481, 0.0 ], [ 103.621678916458933, 16.094476009622131, 0.0 ], [ 103.621678945260641, 16.094475994794983, 0.0 ], [ 103.621678973509574, 16.09447597900509, 0.0 ], [ 103.621679001171316, 16.094475962271684, 0.0 ], [ 103.621679028212128, 16.094475944615159, 0.0 ], [ 103.621679054599127, 16.094475926057036, 0.0 ], [ 103.621679080300098, 16.094475906619898, 0.0 ], [ 103.621679105283775, 16.094475886327448, 0.0 ], [ 103.621679129519705, 16.094475865204402, 0.0 ], [ 103.621679152978359, 16.094475843276506, 0.0 ], [ 103.621679175631158, 16.094475820570462, 0.0 ], [ 103.621679197450504, 16.094475797113933, 0.0 ], [ 103.62167921840981, 16.094475772935514, 0.0 ], [ 103.621679238483537, 16.094475748064642, 0.0 ], [ 103.62167925764723, 16.094475722531634, 0.0 ], [ 103.621679275877554, 16.094475696367589, 0.0 ], [ 103.621679293152283, 16.094475669604382, 0.0 ], [ 103.621679309450371, 16.094475642274634, 0.0 ], [ 103.62167932475198, 16.094475614411621, 0.0 ], [ 103.621679339038437, 16.094475586049313, 0.0 ], [ 103.621679352292375, 16.094475557222246, 0.0 ], [ 103.621679364497595, 16.094475527965553, 0.0 ], [ 103.621679375639275, 16.094475498314864, 0.0 ], [ 103.621679385703814, 16.094475468306328, 0.0 ], [ 103.621679394678964, 16.094475437976492, 0.0 ], [ 103.621679402553781, 16.094475407362303, 0.0 ], [ 103.621679409318659, 16.094475376501066, 0.0 ], [ 103.621698258153103, 16.094381323797755, 0.0 ], [ 103.621698263799814, 16.094381292727068, 0.0 ], [ 103.621698268321481, 16.094381261484784, 0.0 ], [ 103.621698271712603, 16.094381230108969, 0.0 ], [ 103.621698273969031, 16.094381198637862, 0.0 ], [ 103.621698275088008, 16.094381167109784, 0.0 ], [ 103.621698275068198, 16.094381135563154, 0.0 ], [ 103.621698273909615, 16.094381104036412, 0.0 ], [ 103.621698271613653, 16.09438107256797, 0.0 ], [ 103.621698268183152, 16.094381041196161, 0.0 ], [ 103.62169826362225, 16.094381009959214, 0.0 ], [ 103.621698257936515, 16.094380978895177, 0.0 ], [ 103.621698251132884, 16.094380948041902, 0.0 ], [ 103.621698243219626, 16.094380917436975, 0.0 ], [ 103.621698234206406, 16.094380887117694, 0.0 ], [ 103.621698224104193, 16.094380857120989, 0.0 ], [ 103.621698212925295, 16.094380827483409, 0.0 ], [ 103.621698200683326, 16.094380798241058, 0.0 ], [ 103.621698187393235, 16.094380769429577, 0.0 ], [ 103.621698173071152, 16.094380741084052, 0.0 ], [ 103.621698157734585, 16.094380713239023, 0.0 ], [ 103.621698141402192, 16.094380685928424, 0.0 ], [ 103.621698124093868, 16.094380659185518, 0.0 ], [ 103.621698105830717, 16.094380633042885, 0.0 ], [ 103.621698086634979, 16.09438060753239, 0.0 ], [ 103.621698066530044, 16.094380582685098, 0.0 ], [ 103.621698045540398, 16.094380558531295, 0.0 ], [ 103.621698023691621, 16.094380535100395, 0.0 ], [ 103.62169800101033, 16.094380512420962, 0.0 ], [ 103.621697977524178, 16.094380490520606, 0.0 ], [ 103.621697953261744, 16.094380469426028, 0.0 ], [ 103.621697928252615, 16.094380449162916, 0.0 ], [ 103.621697902527259, 16.094380429755976, 0.0 ], [ 103.621697876116997, 16.094380411228816, 0.0 ], [ 103.62169784905403, 16.094380393604048, 0.0 ], [ 103.621697821371328, 16.094380376903125, 0.0 ], [ 103.621697793102598, 16.094380361146396, 0.0 ], [ 103.621697764282288, 16.09438034635307, 0.0 ], [ 103.621697734945528, 16.094380332541149, 0.0 ], [ 103.621697705128042, 16.094380319727481, 0.0 ], [ 103.621697674866169, 16.094380307927665, 0.0 ], [ 103.621697644196772, 16.094380297156082, 0.0 ], [ 103.621697613157224, 16.094380287425849, 0.0 ], [ 103.621697581785327, 16.094380278748833, 0.0 ], [ 103.621697550119336, 16.094380271135599, 0.0 ], [ 103.621697518197792, 16.094380264595419, 0.0 ], [ 103.621685587130628, 16.094378029730432, 0.0 ] ] } },
{ "type": "Feature", "properties": { }, "geometry": { "type": "LineString", "coordinates": [ [ 103.621692951755563, 16.094371680814248, 0.0 ], [ 103.621967551890776, 16.094423117285061, 0.0 ], [ 103.621965773711011, 16.094431990184884, 0.0 ], [ 103.621691173564429, 16.094380553710906, 0.0 ], [ 103.621692951755563, 16.094371680814248, 0.0 ] ] } },
{ "type": "Feature", "properties": { }, "geometry": { "type": "LineString", "coordinates": [ [ 103.621671314320054, 16.094482509205029, 0.0 ], [ 103.621945361971683, 16.094533842200352, 0.0 ], [ 103.621947140153623, 16.094524969300927, 0.0 ], [ 103.621673092513333, 16.094473636308756, 0.0 ], [ 103.621671314320054, 16.094482509205029, 0.0 ] ] } },
{ "type": "Feature", "properties": { }, "geometry": { "type": "LineString", "coordinates": [ [ 103.561352630762698, 16.099653353983868, 0.0 ], [ 103.561628994536207, 16.099607221475406, 0.0 ], [ 103.561626926715036, 16.099595643808712, 0.0 ], [ 103.561350562957557, 16.09964177631581, 0.0 ], [ 103.561352630762698, 16.099653353983868, 0.0 ] ] } },
{ "type": "Feature", "properties": { }, "geometry": { "type": "LineString", "coordinates": [ [ 103.561368059776044, 16.099739741198992, 0.0 ], [ 103.561644423669051, 16.099693608680358, 0.0 ], [ 103.56164235584653, 16.099682031013757, 0.0 ], [ 103.561365991969538, 16.099728163531029, 0.0 ], [ 103.561368059776044, 16.099739741198992, 0.0 ] ] } },
{ "type": "Feature", "properties": { }, "geometry": { "type": "LineString", "coordinates": [ [ 103.561626926715036, 16.099595643808712, 0.0 ], [ 103.561644423669051, 16.099693608680358, 0.0 ] ] } },
{ "type": "Feature", "properties": { }, "geometry": { "type": "LineString", "coordinates": [ [ 103.561648376896429, 16.09968652878592, 0.000000000000548 ], [ 103.561633106825312, 16.099601032170852, -0.000000000000664 ] ] } },
{ "type": "Feature", "properties": { }, "geometry": { "type": "LineString", "coordinates": [ [ 103.56163533743748, 16.099690539712562, 0.000000000000568 ], [ 103.561619431119368, 16.099601480738031, -0.000000000000684 ] ] } },
{ "type": "Feature", "properties": { }, "geometry": { "type": "LineString", "coordinates": [ [ 103.561619431119368, 16.099601480738031, 0.00000000000859 ], [ 103.561627722030849, 16.099600096757438, 0.00000000000859 ] ] } },
{ "type": "Feature", "properties": { }, "geometry": { "type": "LineString", "coordinates": [ [ 103.56163533743748, 16.099690539712562, 0.000000000000568 ], [ 103.561643628352684, 16.099689155731657, 0.000000000000568 ] ] } },
{ "type": "Feature", "properties": { }, "geometry": { "type": "LineString", "coordinates": [ [ 103.561626926715036, 16.099595643808712, 0.0 ], [ 103.561644423669051, 16.099693608680358, 0.0 ] ] } },
{ "type": "Feature", "properties": { }, "geometry": { "type": "LineString", "coordinates": [ [ 103.561648376896429, 16.099686528785924, 0.000000000000548 ], [ 103.561633106825312, 16.099601032170852, -0.000000000000664 ] ] } },
{ "type": "Feature", "properties": { }, "geometry": { "type": "LineString", "coordinates": [ [ 103.56164607386448, 16.099686913225153, 0.0 ], [ 103.561663576907151, 16.099683991486383, 0.0 ], [ 103.561663895033874, 16.099685772665843, 0.0 ], [ 103.561643628352684, 16.099689155731657, 0.0 ], [ 103.561627722030849, 16.099600096757438, 0.0 ], [ 103.561647988703015, 16.099596713692396, 0.0 ], [ 103.561648306829525, 16.099598494871866, 0.0 ], [ 103.561630803794344, 16.099601416609993, 0.0 ], [ 103.56164607386448, 16.099686913225153, 0.0 ] ] } },
{ "type": "Feature", "properties": { }, "geometry": { "type": "LineString", "coordinates": [ [ 103.56163533743748, 16.099690539712562, 0.000000000000568 ], [ 103.561619431119368, 16.099601480738031, -0.000000000000684 ] ] } },
{ "type": "Feature", "properties": { }, "geometry": { "type": "LineString", "coordinates": [ [ 103.561619431119368, 16.099601480738031, 0.00000000000859 ], [ 103.561627722030849, 16.099600096757438, 0.00000000000859 ] ] } },
{ "type": "Feature", "properties": { }, "geometry": { "type": "LineString", "coordinates": [ [ 103.561350562957557, 16.09964177631581, 0.0 ], [ 103.561368059776044, 16.099739741198992, 0.0 ] ] } },
{ "type": "Feature", "properties": { }, "geometry": { "type": "LineString", "coordinates": [ [ 103.56164235584653, 16.099682031013757, 0.0 ], [ 103.561365991969538, 16.099728163531029, 0.0 ] ] } },
{ "type": "Feature", "properties": { }, "geometry": { "type": "LineString", "coordinates": [ [ 103.561628994536207, 16.099607221475406, 0.0 ], [ 103.561352630762698, 16.099653353983868, 0.0 ] ] } },
{ "type": "Feature", "properties": { }, "geometry": { "type": "LineString", "coordinates": [ [ 103.561361879669633, 16.099734352829479, 0.000000000000548 ], [ 103.561346609721113, 16.099648856203977, -0.000000000000664 ] ] } },
{ "type": "Feature", "properties": { }, "geometry": { "type": "LineString", "coordinates": [ [ 103.56136418270242, 16.099733968393409, 0.0 ], [ 103.561346679653042, 16.099736890106914, 0.0 ], [ 103.561346997776951, 16.099738671286612, 0.0 ], [ 103.561367264465829, 16.099735288249775, 0.0 ], [ 103.561351358267203, 16.099646229265062, 0.0 ], [ 103.561331091587363, 16.099649612301139, 0.0 ], [ 103.561331409711045, 16.099651393480855, 0.0 ], [ 103.561348912752919, 16.099648471767988, 0.0 ], [ 103.56136418270242, 16.099733968393409, 0.0 ] ] } },
{ "type": "Feature", "properties": { }, "geometry": { "type": "LineString", "coordinates": [ [ 103.561375555383847, 16.099733904279589, 0.000000000000568 ], [ 103.561359649181526, 16.099644845295192, -0.000000000000684 ] ] } },
{ "type": "Feature", "properties": { }, "geometry": { "type": "LineString", "coordinates": [ [ 103.561359649181526, 16.099644845295192, 0.00000000000859 ], [ 103.561351358267203, 16.099646229265062, 0.00000000000859 ] ] } },
{ "type": "Feature", "properties": { }, "geometry": { "type": "LineString", "coordinates": [ [ 103.561375555383847, 16.099733904279589, 0.000000000000568 ], [ 103.561367264465829, 16.099735288249775, 0.000000000000568 ] ] } },
{ "type": "Feature", "properties": { }, "geometry": { "type": "LineString", "coordinates": [ [ 103.553568468933022, 16.101965004986091, 0.0 ], [ 103.553554757254915, 16.101970782917476, 0.0 ], [ 103.553601450054046, 16.102074343219567, 0.0 ], [ 103.553615161738449, 16.10206856528572, 0.0 ], [ 103.553568468933022, 16.101965004986091, 0.0 ] ] } },
{ "type": "Feature", "properties": { }, "geometry": { "type": "LineString", "coordinates": [ [ 103.553126266945227, 16.102151342795285, 0.0 ], [ 103.553139978646215, 16.102145564893537, 0.0 ], [ 103.553186671255162, 16.10224912527044, 0.0 ], [ 103.553172959547908, 16.102254903174657, 0.0 ], [ 103.553126266945227, 16.102151342795285, 0.0 ] ] } },
{ "type": "Feature", "properties": { }, "geometry": { "type": "LineString", "coordinates": [ [ 103.553130771357345, 16.102143238543665, 0.0 ], [ 103.553559261645702, 16.101962678654939, 0.0 ], [ 103.553562922359603, 16.101970797782815, 0.0 ], [ 103.553134432055856, 16.102151357677606, 0.0 ], [ 103.553130771357345, 16.102143238543665, 0.0 ] ] } },
{ "type": "Feature", "properties": { }, "geometry": { "type": "LineString", "coordinates": [ [ 103.553182166842433, 16.102257229523097, 0.0 ], [ 103.553610657347036, 16.102076669549305, 0.0 ], [ 103.553606996629554, 16.102068550422008, 0.0 ], [ 103.553178506140341, 16.102249110389739, 0.0 ], [ 103.553182166842433, 16.102257229523097, 0.0 ] ] } },
{ "type": "Feature", "properties": { }, "geometry": { "type": "LineString", "coordinates": [ [ 103.553556624966021, 16.101974925329682, -0.000000000009457 ], [ 103.553554757254901, 16.101970782917444, -0.000000000009903 ] ] } },
{ "type": "Feature", "properties": { }, "geometry": { "type": "LineString", "coordinates": [ [ 103.553554757254901, 16.101970782917444, -0.000000000000628 ], [ 103.553561613094047, 16.101967893951873, -0.000000000009291 ] ] } },
{ "type": "Feature", "properties": { }, "geometry": { "type": "LineString", "coordinates": [ [ 103.55360145005406, 16.102074343219581, 0.00000000000124 ], [ 103.553608305896347, 16.102071454252776, 0.00000000000372 ] ] } },
{ "type": "Feature", "properties": { }, "geometry": { "type": "LineString", "coordinates": [ [ 103.553141846349703, 16.102149707308747, -0.000000000009457 ], [ 103.5531399786462, 16.102145564893501, -0.000000000009903 ] ] } },
{ "type": "Feature", "properties": { }, "geometry": { "type": "LineString", "coordinates": [ [ 103.5531399786462, 16.102145564893501, -0.000000000000628 ], [ 103.553133122795799, 16.102148453844489, -0.000000000009291 ] ] } },
{ "type": "Feature", "properties": { }, "geometry": { "type": "LineString", "coordinates": [ [ 103.553186671255176, 16.102249125270454, 0.00000000000124 ], [ 103.553179815401634, 16.102252014222678, 0.00000000000372 ] ] } },
{ "type": "Feature", "properties": { }, "geometry": { "type": "LineString", "coordinates": [ [ 103.542684833263991, 16.10655931136262, 0.0 ], [ 103.542725172219519, 16.10664878886768, 0.0 ], [ 103.542714031040546, 16.106653482906793, 0.0 ], [ 103.542714000903672, 16.106653495003609, 0.0 ], [ 103.542713970348444, 16.106653506076285, 0.0 ], [ 103.542713939412096, 16.10665351611134, 0.0 ], [ 103.542713908132313, 16.106653525096547, 0.0 ], [ 103.542713876547225, 16.106653533020957, 0.0 ], [ 103.542713844695299, 16.106653539874923, 0.0 ], [ 103.542713812615332, 16.106653545650079, 0.0 ], [ 103.542713780346432, 16.106653550339399, 0.0 ], [ 103.542713747927891, 16.106653553937175, 0.0 ], [ 103.542713715399231, 16.10665355643901, 0.0 ], [ 103.542713682800056, 16.10665355784187, 0.0 ], [ 103.5427136501701, 16.106653558144036, 0.0 ], [ 103.542713617549097, 16.106653557345137, 0.0 ], [ 103.542713584976823, 16.106653555446165, 0.0 ], [ 103.542713552492941, 16.106653552449412, 0.0 ], [ 103.542713520137028, 16.106653548358533, 0.0 ], [ 103.542713487948518, 16.106653543178531, 0.0 ], [ 103.54271345596662, 16.106653536915694, 0.0 ], [ 103.5427134242303, 16.106653529577667, 0.0 ], [ 103.542713392778211, 16.106653521173381, 0.0 ], [ 103.54271336164868, 16.106653511713077, 0.0 ], [ 103.54271333087965, 16.106653501208292, 0.0 ], [ 103.542713300508595, 16.106653489671803, 0.0 ], [ 103.542713270572506, 16.106653477117689, 0.0 ], [ 103.542713241107876, 16.106653463561226, 0.0 ], [ 103.542713212150588, 16.106653449018939, 0.0 ], [ 103.542713183735941, 16.106653433508555, 0.0 ], [ 103.542713155898525, 16.10665341704895, 0.0 ], [ 103.542713128672276, 16.106653399660189, 0.0 ], [ 103.54271310209036, 16.106653381363458, 0.0 ], [ 103.542713076185166, 16.106653362181053, 0.0 ], [ 103.542713050988255, 16.106653342136337, 0.0 ], [ 103.542713026530322, 16.106653321253734, 0.0 ], [ 103.542713002841168, 16.106653299558687, 0.0 ], [ 103.542712979949641, 16.106653277077626, 0.0 ], [ 103.542712957883666, 16.106653253837948, 0.0 ], [ 103.542712936670085, 16.106653229867955, 0.0 ], [ 103.542712916334764, 16.106653205196857, 0.0 ], [ 103.542712896902486, 16.10665317985471, 0.0 ], [ 103.542712878396927, 16.106653153872394, 0.0 ], [ 103.542712860840609, 16.106653127281565, 0.0 ], [ 103.542712844254922, 16.106653100114606, 0.0 ], [ 103.542712828660115, 16.10665307240464, 0.0 ], [ 103.542712814075159, 16.106653044185403, 0.0 ], [ 103.542712800517805, 16.10665301549129, 0.0 ], [ 103.542673208584631, 16.106565194975243, 0.0 ], [ 103.542673196071448, 16.106565165841204, 0.0 ], [ 103.542673184617627, 16.106565136302741, 0.0 ], [ 103.542673174237166, 16.106565106395852, 0.0 ], [ 103.542673164942684, 16.106565076156954, 0.0 ], [ 103.542673156745508, 16.106565045622897, 0.0 ], [ 103.542673149655627, 16.106565014830892, 0.0 ], [ 103.542673143681682, 16.106564983818437, 0.0 ], [ 103.542673138830949, 16.106564952623323, 0.0 ], [ 103.542673135109339, 16.10656492128356, 0.0 ], [ 103.542673132521386, 16.10656488983733, 0.0 ], [ 103.542673131070245, 16.106564858322937, 0.0 ], [ 103.542673130757692, 16.106564826778794, 0.0 ], [ 103.542673131584081, 16.106564795243308, 0.0 ], [ 103.542673133548433, 16.106564763754925, 0.0 ], [ 103.542673136648347, 16.106564732351995, 0.0 ], [ 103.542673140880026, 16.106564701072774, 0.0 ], [ 103.542673146238343, 16.106564669955386, 0.0 ], [ 103.542673152716773, 16.106564639037725, 0.0 ], [ 103.542673160307373, 16.106564608357473, 0.0 ], [ 103.542673169000963, 16.106564577952003, 0.0 ], [ 103.542673178786913, 16.106564547858362, 0.0 ], [ 103.542673189653286, 16.10656451811321, 0.0 ], [ 103.542673201586879, 16.106564488752795, 0.0 ], [ 103.542673214573142, 16.10656445981288, 0.0 ], [ 103.542673228596229, 16.106564431328728, 0.0 ], [ 103.542673243639086, 16.106564403335035, 0.0 ], [ 103.542673259683383, 16.106564375865926, 0.0 ], [ 103.542673276709536, 16.106564348954851, 0.0 ], [ 103.54267329469684, 16.106564322634593, 0.0 ], [ 103.542673313623382, 16.10656429693724, 0.0 ], [ 103.54267333346607, 16.106564271894079, 0.0 ], [ 103.542673354200758, 16.106564247535637, 0.0 ], [ 103.542673375802181, 16.106564223891574, 0.0 ], [ 103.542673398244006, 16.106564200990711, 0.0 ], [ 103.54267342149889, 16.106564178860953, 0.0 ], [ 103.542673445538526, 16.106564157529242, 0.0 ], [ 103.542673470333597, 16.106564137021593, 0.0 ], [ 103.542673495853919, 16.106564117362964, 0.0 ], [ 103.54267352206837, 16.106564098577323, 0.0 ], [ 103.542673548945046, 16.106564080687555, 0.0 ], [ 103.542673576451179, 16.10656406371546, 0.0 ], [ 103.542673604553244, 16.106564047681708, 0.0 ], [ 103.542673633217049, 16.106564032605828, 0.0 ], [ 103.542673662407623, 16.106564018506209, 0.0 ], [ 103.542673692089437, 16.106564005399999, 0.0 ], [ 103.542684833263991, 16.10655931136262, 0.0 ] ] } },
{ "type": "Feature", "properties": { }, "geometry": { "type": "LineString", "coordinates": [ [ 103.54241744494135, 16.106671968086971, 0.0 ], [ 103.542457783790852, 16.106761445633644, 0.0 ], [ 103.542468924980938, 16.106756751608938, 0.0 ], [ 103.542468954662766, 16.106756738502767, 0.0 ], [ 103.542468983853396, 16.106756724403173, 0.0 ], [ 103.54246901251723, 16.106756709327328, 0.0 ], [ 103.542469040619366, 16.106756693293612, 0.0 ], [ 103.542469068125527, 16.106756676321538, 0.0 ], [ 103.542469095002247, 16.106756658431799, 0.0 ], [ 103.54246912121674, 16.106756639646186, 0.0 ], [ 103.542469146737105, 16.106756619987596, 0.0 ], [ 103.542469171532233, 16.106756599479962, 0.0 ], [ 103.542469195571883, 16.106756578148282, 0.0 ], [ 103.542469218826838, 16.106756556018542, 0.0 ], [ 103.542469241268705, 16.106756533117718, 0.0 ], [ 103.542469262870156, 16.10675650947368, 0.0 ], [ 103.542469283604902, 16.106756485115255, 0.0 ], [ 103.542469303447646, 16.106756460072123, 0.0 ], [ 103.542469322374217, 16.106756434374784, 0.0 ], [ 103.542469340361563, 16.106756408054551, 0.0 ], [ 103.542469357387787, 16.106756381143498, 0.0 ], [ 103.542469373432112, 16.106756353674403, 0.0 ], [ 103.542469388475013, 16.106756325680738, 0.0 ], [ 103.542469402498156, 16.106756297196597, 0.0 ], [ 103.542469415484447, 16.106756268256699, 0.0 ], [ 103.542469427418084, 16.106756238896295, 0.0 ], [ 103.542469438284513, 16.106756209151161, 0.0 ], [ 103.542469448070506, 16.10675617905753, 0.0 ], [ 103.54246945676411, 16.106756148652071, 0.0 ], [ 103.542469464354781, 16.106756117971834, 0.0 ], [ 103.54246947083324, 16.106756087054187, 0.0 ], [ 103.542469476191599, 16.106756055936799, 0.0 ], [ 103.542469480423321, 16.106756024657592, 0.0 ], [ 103.542469483523263, 16.106755993254662, 0.0 ], [ 103.542469485487644, 16.106755961766282, 0.0 ], [ 103.542469486314076, 16.106755930230811, 0.0 ], [ 103.542469486001551, 16.106755898686664, 0.0 ], [ 103.542469484550452, 16.106755867172279, 0.0 ], [ 103.542469481962527, 16.106755835726045, 0.0 ], [ 103.542469478240946, 16.106755804386282, 0.0 ], [ 103.542469473390256, 16.106755773191168, 0.0 ], [ 103.542469467416339, 16.10675574217872, 0.0 ], [ 103.542469460326487, 16.106755711386697, 0.0 ], [ 103.542469452129339, 16.10675568085264, 0.0 ], [ 103.542469442834872, 16.106755650613735, 0.0 ], [ 103.542469432454425, 16.106755620706831, 0.0 ], [ 103.542469421000646, 16.106755591168366, 0.0 ], [ 103.542469408487463, 16.106755562034319, 0.0 ], [ 103.542429816649019, 16.106667741481083, 0.0 ], [ 103.542429803091736, 16.106667712786951, 0.0 ], [ 103.542429788506809, 16.106667684567711, 0.0 ], [ 103.542429772912016, 16.106667656857717, 0.0 ], [ 103.542429756326399, 16.106667629690751, 0.0 ], [ 103.54242973877011, 16.106667603099897, 0.0 ], [ 103.542429720264579, 16.106667577117555, 0.0 ], [ 103.542429700832344, 16.106667551775384, 0.0 ], [ 103.542429680497065, 16.106667527104271, 0.0 ], [ 103.542429659283528, 16.106667503134251, 0.0 ], [ 103.54242963721758, 16.106667479894536, 0.0 ], [ 103.542429614326096, 16.106667457413455, 0.0 ], [ 103.542429590636971, 16.106667435718379, 0.0 ], [ 103.542429566179052, 16.106667414835744, 0.0 ], [ 103.54242954098217, 16.106667394790996, 0.0 ], [ 103.542429515077004, 16.106667375608556, 0.0 ], [ 103.542429488495131, 16.106667357311796, 0.0 ], [ 103.54242946126891, 16.106667339923003, 0.0 ], [ 103.542429433431522, 16.106667323463366, 0.0 ], [ 103.542429405016875, 16.106667307952943, 0.0 ], [ 103.542429376059616, 16.10666729341062, 0.0 ], [ 103.542429346595014, 16.106667279854118, 0.0 ], [ 103.542429316658939, 16.106667267299965, 0.0 ], [ 103.542429286287913, 16.106667255763433, 0.0 ], [ 103.542429255518883, 16.10666724525861, 0.0 ], [ 103.54242922438938, 16.106667235798266, 0.0 ], [ 103.542429192937306, 16.106667227393938, 0.0 ], [ 103.542429161200985, 16.106667220055872, 0.0 ], [ 103.542429129219101, 16.106667213792996, 0.0 ], [ 103.542429097030592, 16.106667208612944, 0.0 ], [ 103.542429064674693, 16.106667204522026, 0.0 ], [ 103.542429032190825, 16.106667201525234, 0.0 ], [ 103.542428999618551, 16.106667199626209, 0.0 ], [ 103.542428966997562, 16.106667198827278, 0.0 ], [ 103.542428934367592, 16.106667199129394, 0.0 ], [ 103.542428901768432, 16.106667200532208, 0.0 ], [ 103.542428869239757, 16.106667203034004, 0.0 ], [ 103.542428836821216, 16.106667206631734, 0.0 ], [ 103.542428804552301, 16.106667211321007, 0.0 ], [ 103.542428772472334, 16.106667217096128, 0.0 ], [ 103.542428740620394, 16.106667223950041, 0.0 ], [ 103.542428709035292, 16.106667231874411, 0.0 ], [ 103.54242867775551, 16.106667240859579, 0.0 ], [ 103.542428646819161, 16.106667250894585, 0.0 ], [ 103.542428616263905, 16.106667261967221, 0.0 ], [ 103.542428586127016, 16.106667274063991, 0.0 ], [ 103.54241744494135, 16.106671968086971, 0.0 ] ] } },
{ "type": "Feature", "properties": { }, "geometry": { "type": "LineString", "coordinates": [ [ 103.54241979243983, 16.106662702716907, 0.0 ], [ 103.542676212807891, 16.106554667038697, 0.0 ], [ 103.542679947894527, 16.106562951993215, 0.0 ], [ 103.542423527517045, 16.106670987675116, 0.0 ], [ 103.54241979243983, 16.106662702716907, 0.0 ] ] } },
{ "type": "Feature", "properties": { }, "geometry": { "type": "LineString", "coordinates": [ [ 103.542466918528774, 16.106765873289419, 0.0 ], [ 103.542722822974866, 16.106658054983701, 0.0 ], [ 103.542719087884947, 16.106649770029712, 0.0 ], [ 103.542463183448248, 16.106757588331742, 0.0 ], [ 103.542466918528774, 16.106765873289419, 0.0 ] ] } },
{ "type": "Feature", "properties": { }, "geometry": { "type": "LineString", "coordinates": [ [ 103.527631192900273, 16.112999405312234, 0.0 ], [ 103.527633560370148, 16.11300037972897, 0.0 ] ] } },
{ "type": "Feature", "properties": { }, "geometry": { "type": "LineString", "coordinates": [ [ 103.527277958612373, 16.113055892023358, 0.0 ], [ 103.527280326080827, 16.113056866443912, 0.0 ] ] } },
{ "type": "Feature", "properties": { }, "geometry": { "type": "LineString", "coordinates": [ [ 103.527338730183672, 16.11312456854786, 0.0 ], [ 103.527338555719155, 16.113122670389114, 0.0 ] ] } },
{ "type": "Feature", "properties": { }, "geometry": { "type": "LineString", "coordinates": [ [ 103.527633560370148, 16.11300037972897, 0.0 ], [ 103.527614704961366, 16.113008322050291, 0.0 ] ] } },
{ "type": "Feature", "properties": { }, "geometry": { "type": "LineString", "coordinates": [ [ 103.527572963190664, 16.112933601441103, 0.0 ], [ 103.527572788723901, 16.112931703282356, 0.0 ] ] } },
{ "type": "Feature", "properties": { }, "geometry": { "type": "LineString", "coordinates": [ [ 103.527357585612691, 16.113116626252818, 0.0 ], [ 103.527296378881744, 16.113047457974901, 0.0 ] ] } },
{ "type": "Feature", "properties": { }, "geometry": { "type": "LineString", "coordinates": [ [ 103.527300509522277, 16.113052125915932, 0.0 ], [ 103.527557628809561, 16.112943821777193, 0.0 ], [ 103.527549367519825, 16.112934485904312, 0.0 ], [ 103.527292248241423, 16.113042790033806, 0.0 ], [ 103.527300509522277, 16.113052125915932, 0.0 ] ] } },
{ "type": "Feature", "properties": { }, "geometry": { "type": "LineString", "coordinates": [ [ 103.527362151411197, 16.113121785951162, 0.0 ], [ 103.52761927076476, 16.113013481743533, 0.0 ], [ 103.527611009469339, 16.113004145872612, 0.0 ], [ 103.527353890124658, 16.113112450070997, 0.0 ], [ 103.527362151411197, 16.113121785951162, 0.0 ] ] } },
{ "type": "Feature", "properties": { }, "geometry": { "type": "LineString", "coordinates": [ [ 103.52735362596836, 16.113116322489898, 0.0 ], [ 103.52729539632638, 16.113050518548508, 0.0 ] ] } },
{ "type": "Feature", "properties": { }, "geometry": { "type": "LineString", "coordinates": [ [ 103.527338555719155, 16.113122670389114, 0.0 ], [ 103.52735362596836, 16.113116322489898, 0.0 ] ] } },
{ "type": "Feature", "properties": { }, "geometry": { "type": "LineString", "coordinates": [ [ 103.527357585612691, 16.113116626252818, 0.0 ], [ 103.527338730183672, 16.11312456854786, 0.0 ] ] } },
{ "type": "Feature", "properties": { }, "geometry": { "type": "LineString", "coordinates": [ [ 103.527277958612373, 16.113055892023358, 0.0 ], [ 103.527296814036589, 16.113047949733311, 0.0 ] ] } },
{ "type": "Feature", "properties": { }, "geometry": { "type": "LineString", "coordinates": [ [ 103.52729539632638, 16.113050518548508, 0.0 ], [ 103.527280326080827, 16.113056866443912, 0.0 ] ] } },
{ "type": "Feature", "properties": { }, "geometry": { "type": "LineString", "coordinates": [ [ 103.527557628809561, 16.112943821777204, 0.0 ], [ 103.527300509522277, 16.113052125915932, 0.0 ] ] } },
{ "type": "Feature", "properties": { }, "geometry": { "type": "LineString", "coordinates": [ [ 103.527549367519825, 16.112934485904312, 0.0 ], [ 103.527292248241423, 16.113042790033806, 0.0 ] ] } },
{ "type": "Feature", "properties": { }, "geometry": { "type": "LineString", "coordinates": [ [ 103.527557892961383, 16.112939949357649, 0.0 ], [ 103.527616122667311, 16.113005753232592, 0.0 ] ] } },
{ "type": "Feature", "properties": { }, "geometry": { "type": "LineString", "coordinates": [ [ 103.527572963190664, 16.112933601441103, 0.0 ], [ 103.527557892961383, 16.112939949357649, 0.0 ] ] } },
{ "type": "Feature", "properties": { }, "geometry": { "type": "LineString", "coordinates": [ [ 103.527553933319908, 16.112939645598708, 0.0 ], [ 103.527572788723901, 16.112931703282356, 0.0 ] ] } },
{ "type": "Feature", "properties": { }, "geometry": { "type": "LineString", "coordinates": [ [ 103.527614704961366, 16.113008322050291, 0.0 ], [ 103.527553933319908, 16.112939645598708, 0.0 ] ] } },
{ "type": "Feature", "properties": { }, "geometry": { "type": "LineString", "coordinates": [ [ 103.527616122667311, 16.113005753232592, 0.0 ], [ 103.527631192900273, 16.112999405312234, 0.0 ] ] } },
{ "type": "Feature", "properties": { }, "geometry": { "type": "LineString", "coordinates": [ [ 103.495345871318435, 16.125995929432996, 0.0 ], [ 103.495345818117656, 16.12599568236892, 0.0 ], [ 103.495345773869388, 16.125995433660616, 0.0 ], [ 103.49534573862752, 16.125995183611121, 0.0 ], [ 103.495345712434997, 16.125994932525064, 0.0 ], [ 103.495345695323749, 16.125994680708367, 0.0 ], [ 103.495345687314597, 16.125994428467816, 0.0 ], [ 103.495345688417316, 16.125994176110748, 0.0 ], [ 103.495345698630558, 16.125993923944602, 0.0 ], [ 103.495345717941859, 16.125993672276611, 0.0 ], [ 103.495345746327729, 16.125993421413391, 0.0 ], [ 103.495345783753564, 16.125993171660586, 0.0 ], [ 103.495345830173761, 16.125992923322482, 0.0 ], [ 103.495345885531762, 16.125992676701625, 0.0 ], [ 103.49534594976015, 16.125992432098506, 0.0 ], [ 103.495346022780637, 16.125992189811122, 0.0 ], [ 103.495346104504279, 16.125991950134669, 0.0 ], [ 103.495346194831512, 16.125991713361149, 0.0 ], [ 103.495346293652261, 16.125991479779053, 0.0 ], [ 103.495346400846159, 16.125991249672936, 0.0 ], [ 103.495346516282595, 16.125991023323159, 0.0 ], [ 103.495346639820923, 16.125990801005511, 0.0 ], [ 103.495346771310622, 16.125990582990831, 0.0 ], [ 103.495346910591508, 16.125990369544741, 0.0 ], [ 103.495347057493873, 16.125990160927294, 0.0 ], [ 103.495347211838762, 16.125989957392665, 0.0 ], [ 103.495347373438122, 16.125989759188819, 0.0 ], [ 103.495347542095061, 16.125989566557234, 0.0 ], [ 103.495347717604105, 16.125989379732619, 0.0 ], [ 103.495347899751394, 16.125989198942573, 0.0 ], [ 103.495348088315055, 16.125989024407378, 0.0 ], [ 103.49534828306534, 16.12598885633966, 0.0 ], [ 103.495348483764943, 16.125988694944194, 0.0 ], [ 103.495348690169379, 16.125988540417623, 0.0 ], [ 103.49534890202716, 16.125988392948191, 0.0 ], [ 103.49534911908016, 16.125988252715587, 0.0 ], [ 103.495349341063957, 16.125988119890653, 0.0 ], [ 103.495349567708104, 16.125987994635221, 0.0 ], [ 103.495349798736427, 16.125987877101895, 0.0 ], [ 103.495350033867496, 16.12598776743387, 0.0 ], [ 103.495350272814818, 16.125987665764754, 0.0 ], [ 103.495350515287285, 16.12598757221842, 0.0 ], [ 103.495350760989467, 16.125987486908848, 0.0 ], [ 103.495351009622013, 16.125987409939963, 0.0 ], [ 103.495351260882032, 16.125987341405537, 0.0 ], [ 103.495351514463366, 16.125987281389087, 0.0 ], [ 103.495351770057098, 16.125987229963716, 0.0 ], [ 103.4953520273518, 16.125987187192081, 0.0 ], [ 103.495352286034006, 16.125987153126303, 0.0 ], [ 103.495352545788563, 16.125987127807868, 0.0 ], [ 103.495352806298968, 16.125987111267641, 0.0 ], [ 103.495353067247876, 16.12598710352577, 0.0 ], [ 103.495353328317321, 16.125987104591669, 0.0 ], [ 103.49535358918925, 16.12598711446406, 0.0 ], [ 103.495353849545836, 16.125987133130909, 0.0 ], [ 103.495354109069851, 16.125987160569473, 0.0 ], [ 103.495354367445117, 16.125987196746323, 0.0 ], [ 103.495354624356864, 16.125987241617377, 0.0 ], [ 103.495354879492055, 16.12598729512797, 0.0 ], [ 103.495355132539856, 16.125987357212921, 0.0 ], [ 103.495355383191978, 16.125987427796566, 0.0 ], [ 103.495355631143028, 16.125987506792928, 0.0 ], [ 103.495355876090912, 16.125987594105752, 0.0 ], [ 103.495356117737202, 16.125987689628662, 0.0 ], [ 103.495356355787521, 16.125987793245287, 0.0 ], [ 103.495356589951797, 16.125987904829369, 0.0 ], [ 103.495356819944746, 16.125988024244979, 0.0 ], [ 103.495357045486188, 16.125988151346608, 0.0 ], [ 103.495357266301298, 16.125988285979428, 0.0 ], [ 103.495357482121051, 16.125988427979383, 0.0 ], [ 103.495357692682518, 16.12598857717348, 0.0 ], [ 103.495357897729164, 16.125988733379955, 0.0 ], [ 103.495358097011177, 16.125988896408483, 0.0 ], [ 103.495358290285736, 16.125989066060438, 0.0 ], [ 103.495358477317382, 16.12598924212914, 0.0 ], [ 103.495358657878242, 16.125989424400064, 0.0 ], [ 103.495358831748348, 16.125989612651146, 0.0 ], [ 103.495358998715844, 16.125989806653028, 0.0 ], [ 103.495359158577315, 16.125990006169353, 0.0 ], [ 103.495359311137989, 16.125990210957035, 0.0 ], [ 103.495359456211986, 16.125990420766573, 0.0 ], [ 103.495359593622581, 16.125990635342351, 0.0 ], [ 103.495359723202355, 16.125990854422934, 0.0 ], [ 103.495359844793413, 16.125991077741421, 0.0 ], [ 103.495359958247633, 16.125991305025718, 0.0 ], [ 103.495360063426787, 16.12599153599891, 0.0 ], [ 103.495360160202722, 16.125991770379621, 0.0 ], [ 103.495360248457544, 16.125992007882257, 0.0 ], [ 103.495360328083706, 16.125992248217475, 0.0 ], [ 103.495360398984218, 16.125992491092468, 0.0 ], [ 103.495360461072693, 16.125992736211327, 0.0 ], [ 103.495382965937438, 16.126088811987572, 0.0 ], [ 103.495383019138288, 16.126089059051651, 0.0 ], [ 103.495383063386612, 16.126089307759948, 0.0 ], [ 103.495383098628537, 16.126089557809443, 0.0 ], [ 103.495383124821103, 16.126089808895493, 0.0 ], [ 103.495383141932393, 16.12609006071219, 0.0 ], [ 103.495383149941574, 16.126090312952741, 0.0 ], [ 103.495383148838897, 16.126090565309813, 0.0 ], [ 103.495383138625698, 16.126090817475959, 0.0 ], [ 103.495383119314411, 16.126091069143957, 0.0 ], [ 103.49538309092857, 16.126091320007184, 0.0 ], [ 103.495383053502763, 16.126091569759993, 0.0 ], [ 103.49538300708258, 16.126091818098111, 0.0 ], [ 103.495382951724565, 16.126092064718975, 0.0 ], [ 103.495382887496191, 16.126092309322107, 0.0 ], [ 103.49538281447569, 16.126092551609503, 0.0 ], [ 103.495382732752034, 16.126092791285963, 0.0 ], [ 103.495382642424801, 16.126093028059497, 0.0 ], [ 103.495382543604023, 16.126093261641618, 0.0 ], [ 103.495382436410097, 16.126093491747742, 0.0 ], [ 103.495382320973633, 16.126093718097529, 0.0 ], [ 103.495382197435276, 16.126093940415199, 0.0 ], [ 103.495382065945535, 16.126094158429897, 0.0 ], [ 103.495381926664592, 16.126094371876, 0.0 ], [ 103.49538177976217, 16.126094580493465, 0.0 ], [ 103.495381625417224, 16.126094784028115, 0.0 ], [ 103.495381463817807, 16.126094982231983, 0.0 ], [ 103.495381295160797, 16.126095174863583, 0.0 ], [ 103.495381119651697, 16.126095361688229, 0.0 ], [ 103.495380937504308, 16.126095542478289, 0.0 ], [ 103.495380748940562, 16.126095717013509, 0.0 ], [ 103.49538055419022, 16.126095885081241, 0.0 ], [ 103.495380353490518, 16.126096046476732, 0.0 ], [ 103.495380147085967, 16.126096201003335, 0.0 ], [ 103.495379935228101, 16.126096348472782, 0.0 ], [ 103.495379718174988, 16.126096488705404, 0.0 ], [ 103.495379496191063, 16.126096621530362, 0.0 ], [ 103.495379269546831, 16.126096746785816, 0.0 ], [ 103.495379038518365, 16.12609686431917, 0.0 ], [ 103.495378803387197, 16.126096973987213, 0.0 ], [ 103.495378564439733, 16.126097075656347, 0.0 ], [ 103.495378321967152, 16.126097169202698, 0.0 ], [ 103.495378076264828, 16.126097254512292, 0.0 ], [ 103.495377827632154, 16.126097331481198, 0.0 ], [ 103.495377576371993, 16.126097400015642, 0.0 ], [ 103.495377322790517, 16.126097460032113, 0.0 ], [ 103.495377067196657, 16.126097511457505, 0.0 ], [ 103.495376809901813, 16.126097554229155, 0.0 ], [ 103.495376551219465, 16.126097588294957, 0.0 ], [ 103.495376291464765, 16.1260976136134, 0.0 ], [ 103.495376030954205, 16.126097630153648, 0.0 ], [ 103.495375770005154, 16.126097637895541, 0.0 ], [ 103.495375508935567, 16.126097636829652, 0.0 ], [ 103.495375248063482, 16.126097626957275, 0.0 ], [ 103.495374987706754, 16.126097608290443, 0.0 ], [ 103.495374728182597, 16.126097580851887, 0.0 ], [ 103.49537446980716, 16.126097544675059, 0.0 ], [ 103.495374212895285, 16.126097499804011, 0.0 ], [ 103.495373957759952, 16.126097446293421, 0.0 ], [ 103.495373704711994, 16.126097384208485, 0.0 ], [ 103.495373454059745, 16.126097313624854, 0.0 ], [ 103.495373206108539, 16.126097234628499, 0.0 ], [ 103.495372961160513, 16.126097147315686, 0.0 ], [ 103.49537271951408, 16.12609705179279, 0.0 ], [ 103.495372481463647, 16.126096948176173, 0.0 ], [ 103.49537224729923, 16.126096836592094, 0.0 ], [ 103.495372017306138, 16.126096717176488, 0.0 ], [ 103.495371791764583, 16.126096590074859, 0.0 ], [ 103.495371570949345, 16.126096455442053, 0.0 ], [ 103.495371355129464, 16.126096313442101, 0.0 ], [ 103.495371144567883, 16.126096164248004, 0.0 ], [ 103.495370939521123, 16.126096008041536, 0.0 ], [ 103.495370740238997, 16.126095845013015, 0.0 ], [ 103.495370546964338, 16.126095675361057, 0.0 ], [ 103.495370359932579, 16.126095499292365, 0.0 ], [ 103.495370179371619, 16.126095317021441, 0.0 ], [ 103.495370005501428, 16.126095128770356, 0.0 ], [ 103.495369838533833, 16.126094934768481, 0.0 ], [ 103.49536967867229, 16.12609473525216, 0.0 ], [ 103.495369526111531, 16.126094530464478, 0.0 ], [ 103.495369381037449, 16.126094320654939, 0.0 ], [ 103.495369243626783, 16.126094106079165, 0.0 ], [ 103.495369114046952, 16.126093886998579, 0.0 ], [ 103.495368992455823, 16.126093663680095, 0.0 ], [ 103.495368879001546, 16.126093436395799, 0.0 ], [ 103.495368773822349, 16.126093205422606, 0.0 ], [ 103.495368677046358, 16.126092971041903, 0.0 ], [ 103.495368588791493, 16.126092733539267, 0.0 ], [ 103.495368509165289, 16.126092493204045, 0.0 ], [ 103.495368438264734, 16.126092250329055, 0.0 ], [ 103.495368376176231, 16.126092005210197, 0.0 ], [ 103.495345871318435, 16.125995929432996, 0.0 ] ] } },
{ "type": "Feature", "properties": { }, "geometry": { "type": "LineString", "coordinates": [ [ 103.495709711015834, 16.125912352695, 0.0 ], [ 103.495709654459873, 16.125912106328201, 0.0 ], [ 103.495709606833302, 16.12591185820359, 0.0 ], [ 103.495709568194101, 16.125911608623454, 0.0 ], [ 103.495709538589381, 16.125911357891866, 0.0 ], [ 103.495709518055193, 16.125911106314298, 0.0 ], [ 103.495709506616549, 16.125910854197276, 0.0 ], [ 103.495709504287404, 16.125910601847949, 0.0 ], [ 103.495709511070586, 16.125910349573779, 0.0 ], [ 103.495709526957839, 16.125910097682112, 0.0 ], [ 103.495709551929806, 16.12590984647985, 0.0 ], [ 103.495709585956035, 16.125909596273036, 0.0 ], [ 103.495709628995101, 16.125909347366516, 0.0 ], [ 103.495709680994551, 16.125909100063538, 0.0 ], [ 103.495709741891034, 16.125908854665397, 0.0 ], [ 103.495709811610368, 16.125908611471083, 0.0 ], [ 103.495709890067616, 16.125908370776887, 0.0 ], [ 103.495709977167166, 16.125908132876059, 0.0 ], [ 103.495710072802922, 16.12590789805845, 0.0 ], [ 103.495710176858339, 16.125907666610136, 0.0 ], [ 103.49571028920667, 16.125907438813108, 0.0 ], [ 103.495710409711023, 16.125907214944903, 0.0 ], [ 103.495710538224586, 16.125906995278267, 0.0 ], [ 103.495710674590782, 16.125906780080836, 0.0 ], [ 103.495710818643474, 16.125906569614784, 0.0 ], [ 103.495710970207142, 16.125906364136547, 0.0 ], [ 103.495711129097145, 16.125906163896452, 0.0 ], [ 103.495711295119904, 16.125905969138469, 0.0 ], [ 103.495711468073139, 16.125905780099881, 0.0 ], [ 103.49571164774612, 16.125905597011002, 0.0 ], [ 103.495711833919955, 16.125905420094899, 0.0 ], [ 103.495712026367826, 16.125905249567104, 0.0 ], [ 103.495712224855239, 16.125905085635399, 0.0 ], [ 103.495712429140411, 16.125904928499498, 0.0 ], [ 103.495712638974425, 16.125904778350844, 0.0 ], [ 103.495712854101612, 16.125904635372386, 0.0 ], [ 103.495713074259911, 16.125904499738301, 0.0 ], [ 103.495713299181077, 16.125904371613849, 0.0 ], [ 103.495713528591068, 16.125904251155127, 0.0 ], [ 103.4957137622104, 16.125904138508901, 0.0 ], [ 103.495713999754429, 16.125904033812407, 0.0 ], [ 103.495714240933765, 16.125903937193197, 0.0 ], [ 103.495714485454542, 16.125903848769006, 0.0 ], [ 103.495714733018858, 16.125903768647543, 0.0 ], [ 103.495714983325101, 16.125903696926432, 0.0 ], [ 103.495715236068321, 16.125903633693063, 0.0 ], [ 103.495715490940555, 16.125903579024452, 0.0 ], [ 103.495715747631309, 16.125903532987238, 0.0 ], [ 103.495716005827845, 16.125903495637484, 0.0 ], [ 103.495716265215577, 16.125903467020699, 0.0 ], [ 103.4957165254785, 16.125903447171758, 0.0 ], [ 103.495716786299496, 16.125903436114843, 0.0 ], [ 103.495717047360827, 16.12590343386341, 0.0 ], [ 103.495717308344396, 16.125903440420224, 0.0 ], [ 103.495717568932264, 16.125903455777273, 0.0 ], [ 103.495717828806917, 16.12590347991587, 0.0 ], [ 103.495718087651767, 16.125903512806588, 0.0 ], [ 103.495718345151431, 16.125903554409362, 0.0 ], [ 103.495718600992191, 16.125903604673507, 0.0 ], [ 103.495718854862346, 16.125903663537784, 0.0 ], [ 103.495719106452597, 16.125903730930464, 0.0 ], [ 103.495719355456416, 16.125903806769461, 0.0 ], [ 103.495719601570443, 16.125903890962359, 0.0 ], [ 103.495719844494786, 16.125903983406594, 0.0 ], [ 103.495720083933534, 16.125904083989521, 0.0 ], [ 103.495720319594923, 16.125904192588617, 0.0 ], [ 103.495720551191866, 16.125904309071551, 0.0 ], [ 103.495720778442177, 16.125904433296416, 0.0 ], [ 103.495721001069015, 16.125904565111856, 0.0 ], [ 103.495721218801108, 16.125904704357289, 0.0 ], [ 103.495721431373198, 16.125904850863051, 0.0 ], [ 103.495721638526305, 16.125905004450654, 0.0 ], [ 103.495721840008031, 16.125905164932973, 0.0 ], [ 103.495722035572925, 16.125905332114488, 0.0 ], [ 103.495722224982686, 16.125905505791518, 0.0 ], [ 103.495722408006571, 16.12590568575245, 0.0 ], [ 103.495722584421614, 16.125905871778045, 0.0 ], [ 103.495722754012832, 16.125906063641644, 0.0 ], [ 103.495722916573641, 16.125906261109506, 0.0 ], [ 103.495723071905957, 16.125906463941039, 0.0 ], [ 103.495723219820562, 16.125906671889126, 0.0 ], [ 103.495723360137234, 16.125906884700409, 0.0 ], [ 103.495723492685016, 16.125907102115619, 0.0 ], [ 103.495723617302403, 16.125907323869868, 0.0 ], [ 103.495723733837593, 16.125907549692968, 0.0 ], [ 103.495723842148607, 16.125907779309806, 0.0 ], [ 103.495723942103453, 16.125908012440622, 0.0 ], [ 103.495724033580387, 16.125908248801384, 0.0 ], [ 103.49572411646794, 16.125908488104123, 0.0 ], [ 103.495724190665129, 16.125908730057283, 0.0 ], [ 103.495724256081559, 16.12590897436608, 0.0 ], [ 103.495748065516096, 16.126004755902208, 0.0 ], [ 103.495748122072115, 16.126005002268997, 0.0 ], [ 103.495748169698757, 16.126005250393604, 0.0 ], [ 103.495748208338, 16.12600549997374, 0.0 ], [ 103.495748237942792, 16.126005750705328, 0.0 ], [ 103.495748258477022, 16.126006002282889, 0.0 ], [ 103.495748269915694, 16.126006254399915, 0.0 ], [ 103.495748272244882, 16.126006506749235, 0.0 ], [ 103.495748265461728, 16.126006759023412, 0.0 ], [ 103.495748249574518, 16.126007010915085, 0.0 ], [ 103.495748224602579, 16.126007262117351, 0.0 ], [ 103.495748190576379, 16.126007512324172, 0.0 ], [ 103.495748147537327, 16.126007761230706, 0.0 ], [ 103.495748095537877, 16.126008008533695, 0.0 ], [ 103.49574803464138, 16.126008253931847, 0.0 ], [ 103.495747964922046, 16.126008497126165, 0.0 ], [ 103.495747886464812, 16.126008737820378, 0.0 ], [ 103.495747799365247, 16.126008975721213, 0.0 ], [ 103.495747703729478, 16.126009210538843, 0.0 ], [ 103.495747599674033, 16.126009441987168, 0.0 ], [ 103.495747487325687, 16.126009669784221, 0.0 ], [ 103.495747366821305, 16.126009893652441, 0.0 ], [ 103.495747238307686, 16.126010113319094, 0.0 ], [ 103.495747101941447, 16.126010328516546, 0.0 ], [ 103.495746957888727, 16.126010538982609, 0.0 ], [ 103.495746806324988, 16.126010744460878, 0.0 ], [ 103.495746647434913, 16.126010944700987, 0.0 ], [ 103.495746481412098, 16.126011139458992, 0.0 ], [ 103.495746308458806, 16.126011328497601, 0.0 ], [ 103.49574612878574, 16.126011511586501, 0.0 ], [ 103.495745942611819, 16.126011688502633, 0.0 ], [ 103.495745750163877, 16.126011859030442, 0.0 ], [ 103.495745551676364, 16.126012022962176, 0.0 ], [ 103.495745347391107, 16.126012180098098, 0.0 ], [ 103.495745137556995, 16.126012330246773, 0.0 ], [ 103.495744922429694, 16.126012473225263, 0.0 ], [ 103.495744702271296, 16.126012608859362, 0.0 ], [ 103.495744477350016, 16.126012736983835, 0.0 ], [ 103.495744247939911, 16.126012857442582, 0.0 ], [ 103.495744014320465, 16.12601297008883, 0.0 ], [ 103.495743776776308, 16.126013074785352, 0.0 ], [ 103.495743535596858, 16.126013171404583, 0.0 ], [ 103.495743291075954, 16.126013259828792, 0.0 ], [ 103.495743043511496, 16.126013339950283, 0.0 ], [ 103.49574279320511, 16.126013411671412, 0.0 ], [ 103.495742540461762, 16.126013474904809, 0.0 ], [ 103.495742285589387, 16.126013529573431, 0.0 ], [ 103.495742028898491, 16.126013575610671, 0.0 ], [ 103.495741770701812, 16.126013612960445, 0.0 ], [ 103.495741511313923, 16.126013641577245, 0.0 ], [ 103.495741251050873, 16.1260136614262, 0.0 ], [ 103.49574099022972, 16.12601367248314, 0.0 ], [ 103.495740729168247, 16.126013674734583, 0.0 ], [ 103.495740468184536, 16.126013668177798, 0.0 ], [ 103.495740207596526, 16.126013652820756, 0.0 ], [ 103.495739947721717, 16.126013628682173, 0.0 ], [ 103.495739688876711, 16.126013595791466, 0.0 ], [ 103.495739431376904, 16.126013554188713, 0.0 ], [ 103.495739175536002, 16.126013503924579, 0.0 ], [ 103.495738921665691, 16.126013445060316, 0.0 ], [ 103.495738670075312, 16.12601337766764, 0.0 ], [ 103.495738421071337, 16.12601330182866, 0.0 ], [ 103.495738174957197, 16.126013217635773, 0.0 ], [ 103.495737932032682, 16.126013125191552, 0.0 ], [ 103.495737692593806, 16.126013024608628, 0.0 ], [ 103.495737456932275, 16.126012916009547, 0.0 ], [ 103.495737225335219, 16.126012799526617, 0.0 ], [ 103.495736998084766, 16.126012675301766, 0.0 ], [ 103.495736775457814, 16.126012543486326, 0.0 ], [ 103.495736557725593, 16.126012404240896, 0.0 ], [ 103.495736345153389, 16.126012257735145, 0.0 ], [ 103.495736138000169, 16.126012104147545, 0.0 ], [ 103.495735936518315, 16.126011943665226, 0.0 ], [ 103.495735740953322, 16.126011776483718, 0.0 ], [ 103.495735551543447, 16.126011602806702, 0.0 ], [ 103.495735368519448, 16.126011422845764, 0.0 ], [ 103.49573519210432, 16.12601123682018, 0.0 ], [ 103.495735022513017, 16.126011044956581, 0.0 ], [ 103.495734859952123, 16.126010847488722, 0.0 ], [ 103.495734704619707, 16.126010644657189, 0.0 ], [ 103.495734556705017, 16.126010436709109, 0.0 ], [ 103.495734416388288, 16.126010223897822, 0.0 ], [ 103.495734283840434, 16.12601000648262, 0.0 ], [ 103.495734159222977, 16.126009784728371, 0.0 ], [ 103.495734042687715, 16.126009558905274, 0.0 ], [ 103.495733934376659, 16.126009329288436, 0.0 ], [ 103.495733834421756, 16.126009096157617, 0.0 ], [ 103.495733742944779, 16.126008859796862, 0.0 ], [ 103.495733660057184, 16.126008620494122, 0.0 ], [ 103.495733585859952, 16.126008378540966, 0.0 ], [ 103.49573352044348, 16.126008134232166, 0.0 ], [ 103.495709711015834, 16.125912352695, 0.0 ] ] } },
{ "type": "Feature", "properties": { }, "geometry": { "type": "LineString", "coordinates": [ [ 103.496098223998573, 16.12592679764926, 0.0 ], [ 103.496069622884249, 16.125817265192421, 0.0 ], [ 103.496084127057841, 16.125813726420326, 0.0 ], [ 103.49611272817998, 16.125923258875883, 0.0 ], [ 103.496098223998573, 16.12592679764926, 0.0 ] ] } },
{ "type": "Feature", "properties": { }, "geometry": { "type": "LineString", "coordinates": [ [ 103.495019560585447, 16.126174851675898, 0.0 ], [ 103.494994077417914, 16.126064602353264, 0.0 ], [ 103.494979478298873, 16.126067755341648, 0.0 ], [ 103.49500496145842, 16.126178004665341, 0.0 ], [ 103.495019560585447, 16.126174851675898, 0.0 ] ] } },
{ "type": "Feature", "properties": { }, "geometry": { "type": "LineString", "coordinates": [ [ 103.495014319640646, 16.126183280386133, 0.0 ], [ 103.495011689916879, 16.126171921244627, 0.0 ], [ 103.495375728099077, 16.126093174700991, 0.0 ], [ 103.495377643087281, 16.126092760460466, 0.0 ], [ 103.495740552264905, 16.126009286993842, 0.0 ], [ 103.495742767428823, 16.126008777572725, 0.0 ], [ 103.496104490908223, 16.125920626791583, 0.0 ], [ 103.496107434243086, 16.125931913825905, 0.0 ], [ 103.495745707148558, 16.126020050824064, 0.0 ], [ 103.495743343252641, 16.126020626799299, 0.0 ], [ 103.495380426533956, 16.12610406971195, 0.0 ], [ 103.49537835417496, 16.126104517994136, 0.0 ], [ 103.495014315972256, 16.126183264540497, 0.0 ] ] } },
{ "type": "Feature", "properties": { }, "geometry": { "type": "LineString", "coordinates": [ [ 103.49498558033774, 16.126059140365705, 0.0 ], [ 103.495349618316126, 16.125980393849233, 0.0 ], [ 103.495349967494406, 16.125980313397719, 0.0 ], [ 103.495712880107959, 16.125896854740827, 0.0 ], [ 103.495713540722946, 16.125896698801348, 0.0 ], [ 103.496075267597888, 16.12580856183898, 0.0 ], [ 103.496078023564465, 16.125819894526472, 0.0 ], [ 103.495716484034944, 16.125907985839206, 0.0 ], [ 103.495715668624868, 16.125908184518046, 0.0 ], [ 103.495352754576132, 16.12599163742928, 0.0 ], [ 103.49535224673707, 16.12599174728247, 0.0 ], [ 103.494988208738164, 16.126070493801667, 0.0 ], [ 103.49498558033774, 16.126059140365705, 0.0 ] ] } },
{ "type": "Feature", "properties": { }, "geometry": { "type": "LineString", "coordinates": [ [ 103.491729666198452, 16.126577082536372, 0.0 ], [ 103.491730633034408, 16.126565192209895, 0.0 ], [ 103.491916693709754, 16.126547207404961, 0.0 ], [ 103.491915726037661, 16.126559108154272, 0.0 ], [ 103.491729666198452, 16.126577082536372, 0.0 ] ] } },
{ "type": "Feature", "properties": { }, "geometry": { "type": "LineString", "coordinates": [ [ 103.491722451558772, 16.126665809431941, 0.0 ], [ 103.49172341916902, 16.126653909599764, 0.0 ], [ 103.491909473382847, 16.126636005303002, 0.0 ], [ 103.491908505709404, 16.12664790605211, 0.0 ], [ 103.491722451558772, 16.126665809431941, 0.0 ] ] } },
{ "type": "Feature", "properties": { }, "geometry": { "type": "LineString", "coordinates": [ [ 103.49191187248941, 16.126641101410705, 0.0 ], [ 103.491929179879591, 16.126639488780334, 0.0 ], [ 103.491929365938233, 16.126641287289932, 0.0 ], [ 103.491908888752562, 16.126643195268436, 0.0 ], [ 103.491916327606788, 16.126551709859896, 0.0 ], [ 103.491937606690442, 16.126549727161336, 0.0 ], [ 103.491937792749127, 16.126551525670934, 0.0 ], [ 103.491919013788205, 16.126553275418313, 0.0 ], [ 103.49191187248941, 16.126641101410705, 0.0 ] ] } },
{ "type": "Feature", "properties": { }, "geometry": { "type": "LineString", "coordinates": [ [ 103.491727336325283, 16.126571135049382, 0.0 ], [ 103.491710028940957, 16.126572747663747, 0.0 ], [ 103.491709842884319, 16.126570949154136, 0.0 ], [ 103.491730320062658, 16.126569041194259, 0.0 ], [ 103.491722881122257, 16.12666052658885, 0.0 ], [ 103.491701602026495, 16.126662509264772, 0.0 ], [ 103.491701415969928, 16.126660710755164, 0.0 ], [ 103.491720194941223, 16.126658961027989, 0.0 ], [ 103.491727336325283, 16.126571135049382, 0.0 ] ] } },
{ "type": "Feature", "properties": { }, "geometry": { "type": "LineString", "coordinates": [ [ 103.48825900759897, 16.126676468496505, 0.0 ], [ 103.488539413114211, 16.126682829196717, 0.0 ], [ 103.488539127975159, 16.126694574563295, 0.0 ], [ 103.488258722443476, 16.126688213861311, 0.0 ], [ 103.48825900759897, 16.126676468496505, 0.0 ] ] } },
{ "type": "Feature", "properties": { }, "geometry": { "type": "LineString", "coordinates": [ [ 103.488256594741799, 16.126775852352008, 0.0 ], [ 103.488537000396235, 16.126782213067244, 0.0 ], [ 103.488537285535998, 16.126770467700783, 0.0 ], [ 103.488256879898003, 16.126764106987327, 0.0 ], [ 103.488256594741799, 16.126775852352008, 0.0 ] ] } },
{ "type": "Feature", "properties": { }, "geometry": { "type": "LineString", "coordinates": [ [ 103.488539957989744, 16.126775952244436, 0.0 ], [ 103.488557717015738, 16.12677635507708, 0.0 ], [ 103.488557673148279, 16.126778162056553, 0.0 ], [ 103.488537110065394, 16.126777695618603, 0.0 ], [ 103.48853930344535, 16.126687346645404, 0.0 ], [ 103.488559866518955, 16.126687813082356, 0.0 ], [ 103.488559822651609, 16.126689620061843, 0.0 ], [ 103.488542063633304, 16.126689217230034, 0.0 ], [ 103.488539957989744, 16.126775952244436, 0.0 ] ] } },
{ "type": "Feature", "properties": { }, "geometry": { "type": "LineString", "coordinates": [ [ 103.488253944231261, 16.126769464315878, 0.0 ], [ 103.488236185208805, 16.126769061458042, 0.0 ], [ 103.488236141338447, 16.126770868437202, 0.0 ], [ 103.488256704417267, 16.126771334904053, 0.0 ], [ 103.488258897923785, 16.126680985944521, 0.0 ], [ 103.488238334854231, 16.126680519478672, 0.0 ], [ 103.488238290983972, 16.12668232645785, 0.0 ], [ 103.488256049998725, 16.126682729314851, 0.0 ], [ 103.488253944231261, 16.126769464315878, 0.0 ] ] } },
{ "type": "Feature", "properties": { }, "geometry": { "type": "LineString", "coordinates": [ [ 103.484657576150084, 16.126470910656419, 0.000000000006785 ], [ 103.484650966096439, 16.126570116177053, 0.000000000006785 ] ] } },
{ "type": "Feature", "properties": { }, "geometry": { "type": "LineString", "coordinates": [ [ 103.484654185758188, 16.126563977356213, 0.0 ], [ 103.48467191289545, 16.126565080987472, 0.0 ], [ 103.48467179271276, 16.126566884724223, 0.0 ], [ 103.484651266553669, 16.126565606835239, 0.0 ], [ 103.484657275693351, 16.1264754199983, 0.0 ], [ 103.48467780184329, 16.126476697885924, 0.0 ], [ 103.484677681660756, 16.126478501622703, 0.0 ], [ 103.484659954531082, 16.126477397992574, 0.0 ], [ 103.484654185758188, 16.126563977356213, 0.0 ] ] } },
{ "type": "Feature", "properties": { }, "geometry": { "type": "LineString", "coordinates": [ [ 103.484470993705429, 16.126459294583508, 0.000000000006785 ], [ 103.484464383560351, 16.126558500090567, 0.000000000006785 ] ] } },
{ "type": "Feature", "properties": { }, "geometry": { "type": "LineString", "coordinates": [ [ 103.484651766179127, 16.126558393064606, 0.000000000006785 ], [ 103.484465164759882, 16.126546775803451, 0.000000000006785 ] ] } },
{ "type": "Feature", "properties": { }, "geometry": { "type": "LineString", "coordinates": [ [ 103.484650984990395, 16.126570117353324, 0.000000000006785 ], [ 103.484464383560351, 16.126558500090567, 0.000000000006785 ] ] } },
{ "type": "Feature", "properties": { }, "geometry": { "type": "LineString", "coordinates": [ [ 103.484656813856446, 16.126482636121583, 0.000000000006785 ], [ 103.484470212507048, 16.126471018870795, 0.000000000006785 ] ] } },
{ "type": "Feature", "properties": { }, "geometry": { "type": "LineString", "coordinates": [ [ 103.484657595044041, 16.126470911832691, 0.000000000006785 ], [ 103.484470993705429, 16.126459294583508, 0.000000000006785 ] ] } },
{ "type": "Feature", "properties": { }, "geometry": { "type": "LineString", "coordinates": [ [ 103.484462005185179, 16.126552012752729, 0.0 ], [ 103.484444278051839, 16.126550909104221, 0.0 ], [ 103.484444157867102, 16.126552712840677, 0.0 ], [ 103.484464684021717, 16.126553990749368, 0.0 ], [ 103.484470693244546, 16.126463803924771, 0.0 ], [ 103.48445016709907, 16.126462526017441, 0.0 ], [ 103.484450046914517, 16.126464329753915, 0.0 ], [ 103.484467774040283, 16.1264654334013, 0.0 ], [ 103.484462005185179, 16.126552012752729, 0.0 ] ] } },
{ "type": "Feature", "properties": { }, "geometry": { "type": "LineString", "coordinates": [ [ 103.473879650079255, 16.125858174739211, 0.0 ], [ 103.473990274985894, 16.125805297131951, 0.0 ], [ 103.474012653545799, 16.125849042539219, 0.0 ], [ 103.473902028618681, 16.125901920156295, 0.0 ], [ 103.473879650079255, 16.125858174739211, 0.0 ] ] } },
{ "type": "Feature", "properties": { }, "geometry": { "type": "LineString", "coordinates": [ [ 103.474616610052252, 16.125955347001668, 0.0 ], [ 103.474624547821293, 16.125836301242948, 0.0 ], [ 103.474674929659216, 16.125839440138037, 0.0 ], [ 103.474666991919804, 16.125958485901176, 0.0 ], [ 103.474616610052252, 16.125955347001668, 0.0 ] ] } },
{ "type": "Feature", "properties": { }, "geometry": { "type": "LineString", "coordinates": [ [ 103.465168538589097, 16.125370189982192, 144.984 ], [ 103.46518909428508, 16.125370888430218, 144.984 ], [ 103.46518902859799, 16.125372694773553, 144.984 ], [ 103.465165669852368, 16.125371901082442, 144.984 ], [ 103.465169775303281, 16.125259004624432, 144.984 ], [ 103.465193134035772, 16.125259798313966, 144.984 ], [ 103.465193068348867, 16.125261604657336, 144.984 ], [ 103.465172512664054, 16.125260906210656, 144.984 ], [ 103.465168538589097, 16.125370189982192, 144.984 ] ] } },
{ "type": "Feature", "properties": { }, "geometry": { "type": "LineString", "coordinates": [ [ 103.46515819505386, 16.125371647100749, 144.984 ], [ 103.465173144650919, 16.125372155063879, 144.984 ], [ 103.465177250097625, 16.125259258605368, 144.984 ], [ 103.465162300508979, 16.125258750643248, 144.984 ], [ 103.46515819505386, 16.125371647100749, 144.984 ] ] } },
{ "type": "Feature", "properties": { }, "geometry": { "type": "LineString", "coordinates": [ [ 103.464789192550512, 16.125357300085451, 144.984 ], [ 103.464768636860882, 16.125356601599115, 144.984 ], [ 103.464768571170012, 16.125358407942006, 144.984 ], [ 103.464791929908458, 16.12535920167635, 144.984 ], [ 103.464796035569549, 16.12524630524371, 144.984 ], [ 103.464772676844234, 16.125245511510943, 144.984 ], [ 103.464772611153535, 16.125247317853859, 144.984 ], [ 103.464793166831967, 16.125248016338837, 144.984 ], [ 103.464789192550512, 16.125357300085451, 144.984 ] ] } },
{ "type": "Feature", "properties": { }, "geometry": { "type": "LineString", "coordinates": [ [ 103.464799404704848, 16.1253594556708, 144.984 ], [ 103.46478445511211, 16.125358947681637, 144.984 ], [ 103.464788560777421, 16.125246051249505, 144.984 ], [ 103.464803510361733, 16.125246559237652, 144.984 ], [ 103.464799404704848, 16.1253594556708, 144.984 ] ] } },
{ "type": "Feature", "properties": { }, "geometry": { "type": "LineString", "coordinates": [ [ 103.464796242390648, 16.125240618121797, 144.984 ], [ 103.465169982113821, 16.125253317501301, 144.984 ], [ 103.465169660126151, 16.125262171903707, 144.984 ], [ 103.464795920386507, 16.125249472522203, 144.984 ], [ 103.464796242390648, 16.125240618121797, 144.984 ] ] } },
{ "type": "Feature", "properties": { }, "geometry": { "type": "LineString", "coordinates": [ [ 103.464791723086805, 16.125364888798046, 144.984 ], [ 103.465165463041302, 16.125377588205488, 144.984 ], [ 103.465165785029811, 16.125368733803221, 144.984 ], [ 103.464792045091798, 16.125356034397772, 144.984 ], [ 103.464791723086805, 16.125364888798046, 144.984 ] ] } },
{ "type": "Feature", "properties": { }, "geometry": { "type": "LineString", "coordinates": [ [ 103.459882388982621, 16.125395484721675, 0.0 ], [ 103.459867453467609, 16.12539629115874, 0.0 ], [ 103.459873971245159, 16.125509081256588, 0.0 ], [ 103.459888906768683, 16.125508274819808, 0.0 ], [ 103.459882388982621, 16.125395484721675, 0.0 ] ] } },
{ "type": "Feature", "properties": { }, "geometry": { "type": "LineString", "coordinates": [ [ 103.459400718611505, 16.125421491784678, 0.0 ], [ 103.45941565412727, 16.125420685380625, 0.0 ], [ 103.459422171647333, 16.125533475469894, 0.0 ], [ 103.459407236123056, 16.125534281873659, 0.0 ], [ 103.459400718611505, 16.125421491784678, 0.0 ] ] } },
{ "type": "Feature", "properties": { }, "geometry": { "type": "LineString", "coordinates": [ [ 103.459407858147344, 16.125415408473849, 0.0 ], [ 103.459874592989649, 16.125390207830957, 0.0 ], [ 103.459875103983691, 16.125399050574671, 0.0 ], [ 103.459408369120524, 16.125424251216867, 0.0 ], [ 103.459407858147344, 16.125415408473849, 0.0 ] ] } },
{ "type": "Feature", "properties": { }, "geometry": { "type": "LineString", "coordinates": [ [ 103.45941503210733, 16.125539558780755, 0.0 ], [ 103.45988176724245, 16.125514358147626, 0.0 ], [ 103.459881256248295, 16.125505515403969, 0.0 ], [ 103.459414521134036, 16.125530716037797, 0.0 ], [ 103.45941503210733, 16.125539558780755, 0.0 ] ] } },
{ "type": "Feature", "properties": { }, "geometry": { "type": "LineString", "coordinates": [ [ 103.459867714178685, 16.125400802762655, -0.000000000009457 ], [ 103.459867453467609, 16.125396291158705, -0.000000000009903 ] ] } },
{ "type": "Feature", "properties": { }, "geometry": { "type": "LineString", "coordinates": [ [ 103.459867453467609, 16.125396291158705, -0.000000000000628 ], [ 103.459874921225108, 16.125395887940304, -0.000000000009291 ] ] } },
{ "type": "Feature", "properties": { }, "geometry": { "type": "LineString", "coordinates": [ [ 103.459873971245159, 16.125509081256599, 0.00000000000124 ], [ 103.459881439006921, 16.125508678038337, 0.00000000000372 ] ] } },
{ "type": "Feature", "properties": { }, "geometry": { "type": "LineString", "coordinates": [ [ 103.459415914828043, 16.125425196984196, -0.000000000009457 ], [ 103.45941565412727, 16.12542068538059, -0.000000000009903 ] ] } },
{ "type": "Feature", "properties": { }, "geometry": { "type": "LineString", "coordinates": [ [ 103.45941565412727, 16.12542068538059, -0.000000000000628 ], [ 103.459408186369402, 16.125421088582748, -0.000000000009291 ] ] } },
{ "type": "Feature", "properties": { }, "geometry": { "type": "LineString", "coordinates": [ [ 103.459422171647333, 16.125533475469908, 0.00000000000124 ], [ 103.459414703885201, 16.125533878671927, 0.00000000000372 ] ] } },
{ "type": "Feature", "properties": { }, "geometry": { "type": "LineString", "coordinates": [ [ 103.45482480134288, 16.125897152592046, 0.0 ], [ 103.454809970688473, 16.125899041220663, 0.0 ], [ 103.454825234992583, 16.126011039144725, 0.0 ], [ 103.454840065655375, 16.126009150515785, 0.0 ], [ 103.45482480134288, 16.125897152592046, 0.0 ] ] } },
{ "type": "Feature", "properties": { }, "geometry": { "type": "LineString", "coordinates": [ [ 103.454439204267359, 16.125946256592744, 0.0 ], [ 103.454454034926442, 16.125944367990535, 0.0 ], [ 103.454469299029228, 16.126056365922498, 0.0 ], [ 103.454454468361746, 16.126058254525034, 0.0 ], [ 103.454439204267359, 16.125946256592744, 0.0 ] ] } },
{ "type": "Feature", "properties": { }, "geometry": { "type": "LineString", "coordinates": [ [ 103.454447047602088, 16.125948452713772, 0.0 ], [ 103.45481781402674, 16.125901237328257, 0.0 ], [ 103.454816617305426, 16.125892456690995, 0.0 ], [ 103.454445850897216, 16.125939672075866, 0.0 ], [ 103.454447047602088, 16.125948452713772, 0.0 ] ] } },
{ "type": "Feature", "properties": { }, "geometry": { "type": "LineString", "coordinates": [ [ 103.454462652395804, 16.126062950439707, 0.0 ], [ 103.45483341903487, 16.126015735045794, 0.0 ], [ 103.454832222312646, 16.126006954408592, 0.0 ], [ 103.454461455690023, 16.126054169801868, 0.0 ], [ 103.454462652395804, 16.126062950439707, 0.0 ] ] } },
{ "type": "Feature", "properties": { }, "geometry": { "type": "LineString", "coordinates": [ [ 103.473244151601037, 16.125862137582462, 0.0 ], [ 103.475341339089354, 16.125992146272139, 0.0 ], [ 103.475340576214009, 16.126003762881162, 0.0 ], [ 103.473243388605326, 16.125873754173664, 0.0 ], [ 103.473244159350884, 16.125862138062935, 0.0 ] ] } },
{ "type": "Feature", "properties": { }, "geometry": { "type": "LineString", "coordinates": [ [ 103.473251727106103, 16.125746800576895, 0.0 ], [ 103.475348913399287, 16.125876809089444, 0.0 ], [ 103.475348150525434, 16.125888425698701, 0.0 ], [ 103.473250964111884, 16.125758417168313, 0.0 ], [ 103.473251734855936, 16.12574680105736, 0.0 ] ] } },
{ "type": "Feature", "properties": { }, "geometry": { "type": "LineString", "coordinates": [ [ 103.43852692417488, 16.128087948505762, 0.0 ], [ 103.438511203008773, 16.127972545773247, 0.0 ], [ 103.438230344306305, 16.128008294788213, 0.0 ], [ 103.438246065308661, 16.128123697526995, 0.0 ], [ 103.43852692417488, 16.128087948505762, 0.0 ] ] } },
{ "type": "Feature", "properties": { }, "geometry": { "type": "LineString", "coordinates": [ [ 103.438231784583962, 16.128018867399405, 0.0 ], [ 103.438512643301436, 16.127983118383856, 0.0 ] ] } },
{ "type": "Feature", "properties": { }, "geometry": { "type": "LineString", "coordinates": [ [ 103.438525483881222, 16.128077375895209, 0.0 ], [ 103.438244625029995, 16.128113124915867, 0.0 ] ] } },
{ "type": "Feature", "properties": { }, "geometry": { "type": "LineString", "coordinates": [ [ 103.438239361004221, 16.128113248029869, 0.0 ], [ 103.438220822463819, 16.128115607687413, 0.0 ], [ 103.43822106657862, 16.128117399655412, 0.0 ], [ 103.438242385900267, 16.128114686049081, 0.0 ], [ 103.438229203694505, 16.128017919777403, 0.0 ], [ 103.438207884383289, 16.128020633383329, 0.0 ], [ 103.438208128497934, 16.128022425351329, 0.0 ], [ 103.43822666702961, 16.12802006569412, 0.0 ], [ 103.438239361004221, 16.128113248029869, 0.0 ] ] } },
{ "type": "Feature", "properties": { }, "geometry": { "type": "LineString", "coordinates": [ [ 103.438249679258846, 16.128112846201518, 0.0 ], [ 103.438236741164459, 16.12801787189796, 0.0 ], [ 103.438236736340059, 16.128017840700441, 0.0 ], [ 103.438236730392219, 16.128017809684675, 0.0 ], [ 103.438236723328188, 16.128017778888449, 0.0 ], [ 103.438236715156563, 16.128017748349293, 0.0 ], [ 103.438236705887306, 16.128017718104399, 0.0 ], [ 103.438236695531714, 16.128017688190621, 0.0 ], [ 103.438236684102407, 16.128017658644406, 0.0 ], [ 103.438236671613311, 16.128017629501763, 0.0 ], [ 103.438236658079617, 16.128017600798181, 0.0 ], [ 103.43823664351784, 16.128017572568623, 0.0 ], [ 103.438236627945713, 16.128017544847506, 0.0 ], [ 103.438236611382209, 16.128017517668599, 0.0 ], [ 103.438236593847506, 16.128017491065002, 0.0 ], [ 103.438236575362964, 16.128017465069142, 0.0 ], [ 103.438236555951121, 16.128017439712682, 0.0 ], [ 103.43823653563561, 16.128017415026505, 0.0 ], [ 103.438236514441186, 16.128017391040718, 0.0 ], [ 103.438236492393671, 16.128017367784512, 0.0 ], [ 103.438236469519921, 16.128017345286249, 0.0 ], [ 103.438236445847821, 16.128017323573317, 0.0 ], [ 103.438236421406188, 16.128017302672173, 0.0 ], [ 103.438236396224823, 16.128017282608294, 0.0 ], [ 103.438236370334408, 16.128017263406118, 0.0 ], [ 103.438236343766462, 16.128017245089033, 0.0 ], [ 103.438236316553372, 16.128017227679369, 0.0 ], [ 103.438236288728291, 16.128017211198323, 0.0 ], [ 103.438236260325112, 16.12801719566599, 0.0 ], [ 103.438236231378426, 16.128017181101288, 0.0 ], [ 103.438236201923544, 16.128017167521943, 0.0 ], [ 103.438236171996323, 16.128017154944533, 0.0 ], [ 103.438236141633212, 16.128017143384351, 0.0 ], [ 103.43823611087123, 16.128017132855508, 0.0 ], [ 103.438236079747853, 16.128017123370803, 0.0 ], [ 103.438236048300993, 16.128017114941819, 0.0 ], [ 103.438236016568965, 16.12801710757881, 0.0 ], [ 103.43823598459042, 16.128017101290755, 0.0 ], [ 103.438235952404327, 16.128017096085301, 0.0 ], [ 103.438235920049905, 16.128017091968804, 0.0 ], [ 103.438235887566549, 16.128017088946269, 0.0 ], [ 103.438235854993877, 16.128017087021391, 0.0 ], [ 103.438235822371539, 16.128017086196511, 0.0 ], [ 103.438235789739295, 16.128017086472624, 0.0 ], [ 103.438235757136894, 16.1280170878494, 0.0 ], [ 103.43823572460407, 16.128017090325173, 0.0 ], [ 103.438235692180442, 16.128017093896904, 0.0 ], [ 103.438223642135085, 16.128018627674809, 0.0 ], [ 103.438236824338134, 16.128115393946594, 0.0 ], [ 103.438248874389373, 16.128113860168472, 0.0 ], [ 103.438248906664313, 16.128113855505109, 0.0 ], [ 103.438248938751201, 16.128113849755824, 0.0 ], [ 103.438248970610985, 16.128113842927597, 0.0 ], [ 103.438249002204827, 16.128113835028756, 0.0 ], [ 103.43824903349423, 16.128113826068937, 0.0 ], [ 103.438249064441095, 16.128113816059034, 0.0 ], [ 103.438249095007691, 16.128113805011253, 0.0 ], [ 103.438249125156787, 16.128113792939057, 0.0 ], [ 103.438249154851647, 16.128113779857152, 0.0 ], [ 103.438249184056119, 16.128113765781471, 0.0 ], [ 103.438249212734576, 16.128113750729177, 0.0 ], [ 103.438249240852116, 16.128113734718589, 0.0 ], [ 103.438249268374477, 16.128113717769232, 0.0 ], [ 103.438249295268122, 16.128113699901743, 0.0 ], [ 103.43824932150028, 16.128113681137894, 0.0 ], [ 103.43824934703899, 16.128113661500556, 0.0 ], [ 103.438249371853132, 16.128113641013638, 0.0 ], [ 103.438249395912479, 16.128113619702109, 0.0 ], [ 103.438249419187741, 16.128113597591931, 0.0 ], [ 103.438249441650541, 16.128113574710049, 0.0 ], [ 103.438249463273507, 16.128113551084329, 0.0 ], [ 103.43824948403028, 16.128113526743576, 0.0 ], [ 103.438249503895619, 16.128113501717419, 0.0 ], [ 103.438249522845297, 16.128113476036365, 0.0 ], [ 103.438249540856205, 16.128113449731693, 0.0 ], [ 103.438249557906417, 16.128113422835462, 0.0 ], [ 103.438249573975156, 16.128113395380431, 0.0 ], [ 103.438249589042869, 16.128113367400061, 0.0 ], [ 103.438249603091165, 16.128113338928429, 0.0 ], [ 103.438249616102951, 16.128113310000234, 0.0 ], [ 103.438249628062351, 16.128113280650709, 0.0 ], [ 103.438249638954829, 16.128113250915629, 0.0 ], [ 103.438249648767083, 16.128113220831203, 0.0 ], [ 103.438249657487148, 16.128113190434092, 0.0 ], [ 103.438249665104451, 16.128113159761327, 0.0 ], [ 103.438249671609668, 16.128113128850291, 0.0 ], [ 103.4382496769949, 16.128113097738638, 0.0 ], [ 103.438249681253552, 16.128113066464259, 0.0 ], [ 103.438249684380466, 16.128113035065276, 0.0 ], [ 103.438249686371819, 16.12811300357993, 0.0 ], [ 103.438249687225181, 16.128112972046591, 0.0 ], [ 103.438249686939528, 16.128112940503673, 0.0 ], [ 103.438249685515203, 16.128112908989596, 0.0 ], [ 103.438249682953938, 16.128112877542783, 0.0 ], [ 103.438249679258846, 16.128112846201518, 0.0 ] ] } },
{ "type": "Feature", "properties": { }, "geometry": { "type": "LineString", "coordinates": [ [ 103.438530601435943, 16.128076177593286, 0.0 ], [ 103.438549139971528, 16.128073817908174, 0.0 ], [ 103.438549384089299, 16.128075609876063, 0.0 ], [ 103.43852806477318, 16.128078323513808, 0.0 ], [ 103.438514882427754, 16.127981557247466, 0.0 ], [ 103.438536201733442, 16.127978843610116, 0.0 ], [ 103.438536445851057, 16.127980635578012, 0.0 ], [ 103.438517907324226, 16.127982995262791, 0.0 ], [ 103.438530601435943, 16.128076177593286, 0.0 ] ] } },
{ "type": "Feature", "properties": { }, "geometry": { "type": "LineString", "coordinates": [ [ 103.438520527300028, 16.128078371403355, 0.0 ], [ 103.43850758907567, 16.127983397104764, 0.0 ], [ 103.438507585380535, 16.127983365763509, 0.0 ], [ 103.438507582819227, 16.127983334316685, 0.0 ], [ 103.438507581394859, 16.127983302802619, 0.0 ], [ 103.438507581109164, 16.127983271259694, 0.0 ], [ 103.438507581962497, 16.127983239726344, 0.0 ], [ 103.438507583953793, 16.127983208240995, 0.0 ], [ 103.438507587080665, 16.127983176841994, 0.0 ], [ 103.438507591339288, 16.127983145567615, 0.0 ], [ 103.438507596724463, 16.127983114455947, 0.0 ], [ 103.438507603229638, 16.127983083544894, 0.0 ], [ 103.438507610846884, 16.127983052872118, 0.0 ], [ 103.43850761956692, 16.127983022475, 0.0 ], [ 103.438507629379131, 16.127982992390557, 0.0 ], [ 103.438507640271553, 16.127982962655455, 0.0 ], [ 103.438507652230911, 16.127982933305915, 0.0 ], [ 103.438507665242639, 16.127982904377696, 0.0 ], [ 103.438507679290893, 16.127982875906046, 0.0 ], [ 103.438507694358549, 16.127982847925647, 0.0 ], [ 103.43850771042726, 16.127982820470596, 0.0 ], [ 103.438507727477429, 16.127982793574333, 0.0 ], [ 103.438507745488295, 16.127982767269646, 0.0 ], [ 103.438507764437915, 16.127982741588561, 0.0 ], [ 103.438507784303198, 16.127982716562379, 0.0 ], [ 103.438507805059942, 16.127982692221586, 0.0 ], [ 103.438507826682866, 16.127982668595841, 0.0 ], [ 103.438507849145608, 16.127982645713931, 0.0 ], [ 103.438507872420828, 16.127982623603721, 0.0 ], [ 103.438507896480147, 16.127982602292157, 0.0 ], [ 103.43850792129426, 16.12798258180521, 0.0 ], [ 103.438507946832914, 16.127982562167833, 0.0 ], [ 103.438507973065029, 16.127982543403945, 0.0 ], [ 103.438507999958631, 16.127982525536421, 0.0 ], [ 103.438508027480935, 16.127982508587021, 0.0 ], [ 103.438508055598462, 16.1279824925764, 0.0 ], [ 103.438508084276876, 16.127982477524061, 0.0 ], [ 103.438508113481305, 16.127982463448344, 0.0 ], [ 103.438508143176151, 16.127982450366407, 0.0 ], [ 103.438508173325218, 16.127982438294165, 0.0 ], [ 103.438508203891786, 16.127982427246344, 0.0 ], [ 103.438508234838608, 16.127982417236403, 0.0 ], [ 103.438508266127982, 16.127982408276537, 0.0 ], [ 103.438508297721796, 16.127982400377661, 0.0 ], [ 103.438508329581552, 16.127982393549395, 0.0 ], [ 103.438508361668426, 16.127982387800056, 0.0 ], [ 103.438508393943337, 16.127982383136665, 0.0 ], [ 103.438520443985794, 16.127980849342276, 0.0 ], [ 103.438533626333935, 16.128077615608518, 0.0 ], [ 103.438521576285595, 16.128079149403124, 0.0 ], [ 103.438521543861953, 16.128079152974912, 0.0 ], [ 103.438521511329114, 16.128079155450713, 0.0 ], [ 103.438521478726699, 16.128079156827539, 0.0 ], [ 103.438521446094441, 16.128079157103699, 0.0 ], [ 103.438521413472088, 16.128079156278854, 0.0 ], [ 103.438521380899388, 16.128079154354023, 0.0 ], [ 103.438521348416032, 16.12807915133153, 0.0 ], [ 103.438521316061582, 16.128079147215075, 0.0 ], [ 103.438521283875474, 16.128079142009661, 0.0 ], [ 103.438521251896915, 16.128079135721649, 0.0 ], [ 103.438521220164844, 16.128079128358685, 0.0 ], [ 103.438521188717971, 16.128079119929737, 0.0 ], [ 103.438521157594565, 16.128079110445075, 0.0 ], [ 103.438521126832541, 16.12807909991626, 0.0 ], [ 103.438521096469415, 16.128079088356131, 0.0 ], [ 103.438521066542165, 16.12807907577875, 0.0 ], [ 103.438521037087241, 16.128079062199447, 0.0 ], [ 103.43852100814054, 16.12807904763477, 0.0 ], [ 103.438520979737334, 16.128079032102477, 0.0 ], [ 103.43852095191221, 16.128079015621466, 0.0 ], [ 103.438520924699077, 16.128078998211834, 0.0 ], [ 103.438520898131088, 16.128078979894788, 0.0 ], [ 103.43852087224063, 16.12807896069264, 0.0 ], [ 103.438520847059237, 16.128078940628789, 0.0 ], [ 103.438520822617562, 16.128078919727681, 0.0 ], [ 103.438520798945419, 16.128078898014774, 0.0 ], [ 103.438520776071627, 16.128078875516533, 0.0 ], [ 103.438520754024083, 16.128078852260362, 0.0 ], [ 103.438520732829616, 16.128078828274585, 0.0 ], [ 103.438520712514062, 16.128078803588444, 0.0 ], [ 103.438520693102149, 16.128078778232005, 0.0 ], [ 103.438520674617578, 16.128078752236167, 0.0 ], [ 103.438520657082833, 16.128078725632587, 0.0 ], [ 103.438520640519272, 16.128078698453695, 0.0 ], [ 103.438520624947117, 16.128078670732595, 0.0 ], [ 103.438520610385297, 16.128078642503059, 0.0 ], [ 103.438520596851561, 16.128078613799492, 0.0 ], [ 103.438520584362394, 16.128078584656855, 0.0 ], [ 103.438520572933044, 16.128078555110651, 0.0 ], [ 103.438520562577423, 16.128078525196887, 0.0 ], [ 103.438520553308109, 16.128078494952007, 0.0 ], [ 103.438520545136456, 16.128078464412848, 0.0 ], [ 103.438520538072368, 16.128078433616629, 0.0 ], [ 103.438520532124471, 16.128078402600867, 0.0 ], [ 103.438520527300028, 16.128078371403355, 0.0 ] ] } },
{ "type": "Feature", "properties": { }, "geometry": { "type": "LineString", "coordinates": [ [ 103.420755529935363, 16.130344285136346, 0.0 ], [ 103.421216679758686, 16.130285632577525, 0.0 ] ] } },
{ "type": "Feature", "properties": { }, "geometry": { "type": "LineString", "coordinates": [ [ 103.420741071320464, 16.130238576077012, 0.0 ], [ 103.421202288579451, 16.130179914918987, 0.0 ] ] } },
{ "type": "Feature", "properties": { }, "geometry": { "type": "LineString", "coordinates": [ [ 103.421217875060066, 16.130294413262778, 0.0 ], [ 103.421201093278981, 16.130171134233873, 0.0 ] ] } },
{ "type": "Feature", "properties": { }, "geometry": { "type": "LineString", "coordinates": [ [ 103.421201093278981, 16.130171134233873, 0.0 ], [ 103.420739870418927, 16.130229796105965, 0.0 ] ] } },
{ "type": "Feature", "properties": { }, "geometry": { "type": "LineString", "coordinates": [ [ 103.420756730837823, 16.130353065107347, 0.0 ], [ 103.421217875060066, 16.130294413262774, 0.0 ] ] } },
{ "type": "Feature", "properties": { }, "geometry": { "type": "LineString", "coordinates": [ [ 103.420756730837823, 16.130353065107343, 0.0 ], [ 103.420739870418927, 16.130229796105954, 0.0 ] ] } },
{ "type": "Feature", "properties": { }, "geometry": { "type": "LineString", "coordinates": [ [ 103.365088901486033, 16.140535905575462, 0.0 ], [ 103.365333609774112, 16.140404985780446, -0.000000000058536 ] ] } },
{ "type": "Feature", "properties": { }, "geometry": { "type": "LineString", "coordinates": [ [ 103.36513675828914, 16.140618538291317, -0.000000000058536 ], [ 103.365381056504646, 16.140487837882706, -0.000000000058536 ] ] } },
{ "type": "Feature", "properties": { }, "geometry": { "type": "LineString", "coordinates": [ [ 103.36508433456342, 16.140528020021573, 0.0 ], [ 103.36514160151448, 16.140626900919941, 0.0 ], [ 103.365385858229644, 16.140496222713768, 0.0 ], [ 103.365329082464527, 16.140397079034365, 0.0 ], [ 103.36508433456342, 16.140528020021573, 0.0 ] ] } },
{ "type": "Feature", "properties": { }, "geometry": { "type": "LineString", "coordinates": [ [ 103.343031931203285, 16.156263127373059, 0.000000019727003 ], [ 103.342839776577975, 16.156391796922478, 0.000000018550266 ] ] } },
{ "type": "Feature", "properties": { }, "geometry": { "type": "LineString", "coordinates": [ [ 103.343053202981793, 16.156341404617354, 0.000000081520591 ], [ 103.342861069882872, 16.156470059718853, 0.000000081520591 ] ] } },
{ "type": "Feature", "properties": { }, "geometry": { "type": "LineString", "coordinates": [ [ 103.343034913085148, 16.156254534371612, -0.000000001465772 ], [ 103.343059178197407, 16.156343826668916, -0.000000001465772 ] ] } },
{ "type": "Feature", "properties": { }, "geometry": { "type": "LineString", "coordinates": [ [ 103.343057638969597, 16.156347056121987, -0.000000001465772 ], [ 103.343032362811869, 16.156254043312138, -0.000000001465772 ] ] } },
{ "type": "Feature", "properties": { }, "geometry": { "type": "LineString", "coordinates": [ [ 103.342858037405406, 16.156478513449507, -0.000000002651856 ], [ 103.342833772375357, 16.156389221137246, -0.000000002651856 ] ] } },
{ "type": "Feature", "properties": { }, "geometry": { "type": "LineString", "coordinates": [ [ 103.342835311607033, 16.156385991686172, -0.000000002651856 ], [ 103.34286058768086, 16.15647900451129, -0.000000002651856 ] ] } },
{ "type": "Feature", "properties": { }, "geometry": { "type": "LineString", "coordinates": [ [ 103.343056488883391, 16.156353496282556, 0.000000081520591 ], [ 103.34305112297109, 16.156357089379767, 0.000000081520591 ] ] } },
{ "type": "Feature", "properties": { }, "geometry": { "type": "LineString", "coordinates": [ [ 103.342864359109711, 16.156482149152254, 0.000000081520591 ], [ 103.34283652720076, 16.156379853945719, 0.000000081520591 ] ] } },
{ "type": "Feature", "properties": { }, "geometry": { "type": "LineString", "coordinates": [ [ 103.343055734421583, 16.156354001481791, 0.000000081520591 ], [ 103.342864359109711, 16.156482149152254, 0.000000081520591 ] ] } },
{ "type": "Feature", "properties": { }, "geometry": { "type": "LineString", "coordinates": [ [ 103.342835817128318, 16.156387851942689, 0.000000018875329 ], [ 103.342821921643136, 16.156397156548874, 0.000000018875329 ], [ 103.342820856644565, 16.156395670925988, 0.000000018875329 ], [ 103.34283776531052, 16.156384348652669, 0.000000018875329 ], [ 103.342863041385414, 16.156477361477599, 0.000000018875329 ], [ 103.342846132712268, 16.156488683752212, 0.000000018875329 ], [ 103.342845067713071, 16.156487198129401, 0.000000018875329 ], [ 103.342860082159206, 16.156477144254797, 0.000000018875329 ], [ 103.342835817128318, 16.156387851942689, 0.000000018875329 ] ] } },
{ "type": "Feature", "properties": { }, "geometry": { "type": "LineString", "coordinates": [ [ 103.342836501507293, 16.156379698011378, 0.000000018572602 ], [ 103.342864305189664, 16.156482012118804, 0.000000018901897 ] ] } },
{ "type": "Feature", "properties": { }, "geometry": { "type": "LineString", "coordinates": [ [ 103.343028645304145, 16.156251035707651, 0.000000019749273 ], [ 103.343056449076499, 16.156353349798692, 0.000000020078569 ] ] } },
{ "type": "Feature", "properties": { }, "geometry": { "type": "LineString", "coordinates": [ [ 103.343057133446251, 16.156345195865811, 0.000000019794668 ], [ 103.343071028918075, 16.156335891242861, 0.000000019794668 ], [ 103.343072093918366, 16.156337376864649, 0.000000019794668 ], [ 103.34305518526817, 16.156348699158233, 0.000000019794668 ], [ 103.343029909111465, 16.156255686348196, 0.000000019794668 ], [ 103.343046817754484, 16.156244364055922, 0.000000019794668 ], [ 103.343047882754163, 16.156245849677781, 0.000000019794668 ], [ 103.343032868334831, 16.156255903568358, 0.000000019794668 ], [ 103.343057133446251, 16.156345195865811, 0.000000019794668 ] ] } },
{ "type": "Feature", "properties": { }, "geometry": { "type": "LineString", "coordinates": [ [ 103.343028645304145, 16.156251035707651, 0.000000019749273 ], [ 103.342836501507293, 16.156379698011378, 0.000000018572602 ] ] } },
{ "type": "Feature", "properties": { }, "geometry": { "type": "LineString", "coordinates": [ [ 103.339936223840439, 16.158283861645486, 0.000000000593042 ], [ 103.339951179409198, 16.158375043597573, 0.000000000593042 ] ] } },
{ "type": "Feature", "properties": { }, "geometry": { "type": "LineString", "coordinates": [ [ 103.339949315444471, 16.158378109066877, 0.000000000593042 ], [ 103.339933736728057, 16.158283127866721, 0.000000000593042 ] ] } },
{ "type": "Feature", "properties": { }, "geometry": { "type": "LineString", "coordinates": [ [ 103.339737173113832, 16.158489726821518, -0.000000000593042 ], [ 103.339722217641352, 16.158398544863687, -0.000000000593042 ] ] } },
{ "type": "Feature", "properties": { }, "geometry": { "type": "LineString", "coordinates": [ [ 103.339724081609603, 16.158395479396731, -0.000000000593042 ], [ 103.339739660227778, 16.158490460602739, -0.000000000593042 ] ] } },
{ "type": "Feature", "properties": { }, "geometry": { "type": "LineString", "coordinates": [ [ 103.339946705548769, 16.158384836892644, 0.000000083579405 ], [ 103.339941799137023, 16.15838746617943, 0.000000083579405 ] ] } },
{ "type": "Feature", "properties": { }, "geometry": { "type": "LineString", "coordinates": [ [ 103.339946705548769, 16.158384836892644, 0.000000083579405 ], [ 103.339929514352932, 16.158280224105333, 0.000000083579405 ] ] } },
{ "type": "Feature", "properties": { }, "geometry": { "type": "LineString", "coordinates": [ [ 103.339743089359217, 16.158493952188486, 0.000000083579405 ], [ 103.339725922845886, 16.158389488955688, 0.000000083579405 ] ] } },
{ "type": "Feature", "properties": { }, "geometry": { "type": "LineString", "coordinates": [ [ 103.339775798801426, 16.15847642364152, 0.000000083579405 ], [ 103.339743089359217, 16.158493952188486, 0.000000083579405 ] ] } },
{ "type": "Feature", "properties": { }, "geometry": { "type": "LineString", "coordinates": [ [ 103.339727951614989, 16.158401834610508, 0.000000083579405 ], [ 103.339931567712, 16.158292719320208, 0.000000083579405 ] ] } },
{ "type": "Feature", "properties": { }, "geometry": { "type": "LineString", "coordinates": [ [ 103.339775798801426, 16.15847642364152, 0.000000083579405 ], [ 103.339946705548769, 16.158384836892644, 0.000000083579405 ] ] } },
{ "type": "Feature", "properties": { }, "geometry": { "type": "LineString", "coordinates": [ [ 103.339724393181868, 16.158397379020851, 0.000000020934143 ], [ 103.339709608906588, 16.158405301713998, 0.000000020934143 ], [ 103.339708702071491, 16.158403721083211, 0.000000020934143 ], [ 103.339726692258154, 16.158394080385282, 0.000000020934143 ], [ 103.339742270877551, 16.158489061591219, 0.000000020934143 ], [ 103.339724280682461, 16.158498702289641, 0.000000020934143 ], [ 103.33972337384688, 16.158497121658876, 0.000000020934143 ], [ 103.339739348655314, 16.158488560978611, 0.000000020934143 ], [ 103.339724393181868, 16.158397379020851, 0.000000020934143 ] ] } },
{ "type": "Feature", "properties": { }, "geometry": { "type": "LineString", "coordinates": [ [ 103.339725913327456, 16.158389331324969, 0.000000020631416 ], [ 103.339743049808789, 16.1584938106515, 0.000000020960711 ] ] } },
{ "type": "Feature", "properties": { }, "geometry": { "type": "LineString", "coordinates": [ [ 103.339949003870046, 16.158376209442878, 0.000000021853482 ], [ 103.339963788135151, 16.158368286731989, 0.000000021853482 ], [ 103.339964694972267, 16.158369867361863, 0.000000021853482 ], [ 103.339946704797441, 16.158379508081207, 0.000000021853482 ], [ 103.339931126082249, 16.15828452688099, 0.000000021853482 ], [ 103.339949116248619, 16.15827488616215, 0.000000021853482 ], [ 103.339950023085251, 16.15827646679206, 0.000000021853482 ], [ 103.339934048302268, 16.158285027490734, 0.000000021853482 ], [ 103.339949003870046, 16.158376209442878, 0.000000021853482 ] ] } },
{ "type": "Feature", "properties": { }, "geometry": { "type": "LineString", "coordinates": [ [ 103.339945458499841, 16.15837190958521, 0.000000022098466 ], [ 103.33974102458761, 16.158481463094766, 0.000000020921795 ] ] } },
{ "type": "Feature", "properties": { }, "geometry": { "type": "LineString", "coordinates": [ [ 103.339929514352932, 16.158280224105333, 0.000000021803294 ], [ 103.339725913327456, 16.158389331324969, 0.000000020631416 ] ] } },
{ "type": "Feature", "properties": { }, "geometry": { "type": "LineString", "coordinates": [ [ 103.331721844262773, 16.159205380296662, -0.000000000006785 ], [ 103.331715214726486, 16.159304577518455, -0.000000000006785 ] ] } },
{ "type": "Feature", "properties": { }, "geometry": { "type": "LineString", "coordinates": [ [ 103.331718435862498, 16.159298439710089, 0.0 ], [ 103.331736164484568, 16.159299546408963, 0.0 ], [ 103.331736043947643, 16.159301349994831, 0.0 ], [ 103.331715516069295, 16.159300068553865, 0.0 ], [ 103.331721542920477, 16.159209889261323, 0.0 ], [ 103.331742070789659, 16.15921117070085, 0.0 ], [ 103.331741950252905, 16.159212974286739, 0.0 ], [ 103.331724221638424, 16.159211867589065, 0.0 ], [ 103.331718435862498, 16.159298439710089, 0.0 ] ] } },
{ "type": "Feature", "properties": { }, "geometry": { "type": "LineString", "coordinates": [ [ 103.331543895995921, 16.159204504676854, 0.0 ], [ 103.331544420338432, 16.15919665907942, 0.0 ], [ 103.33153508949087, 16.159196076598636, 0.0 ], [ 103.331534565148004, 16.159203922195999, 0.0 ], [ 103.331543895995921, 16.159204504676854, 0.0 ] ] } },
{ "type": "Feature", "properties": { }, "geometry": { "type": "LineString", "coordinates": [ [ 103.331535246191081, 16.159193731936995, -0.000000000006785 ], [ 103.331528616563233, 16.159292929144389, -0.000000000006785 ] ] } },
{ "type": "Feature", "properties": { }, "geometry": { "type": "LineString", "coordinates": [ [ 103.331716017113266, 16.15929285539006, -0.000000000006785 ], [ 103.331529400065307, 16.159281205838145, -0.000000000006785 ] ] } },
{ "type": "Feature", "properties": { }, "geometry": { "type": "LineString", "coordinates": [ [ 103.33171523362202, 16.159304578697999, -0.000000000006785 ], [ 103.331528616563233, 16.159292929144389, -0.000000000006785 ] ] } },
{ "type": "Feature", "properties": { }, "geometry": { "type": "LineString", "coordinates": [ [ 103.331721079668256, 16.159217104784322, -0.000000000006785 ], [ 103.3315344626902, 16.159205455243409, -0.000000000006785 ] ] } },
{ "type": "Feature", "properties": { }, "geometry": { "type": "LineString", "coordinates": [ [ 103.331721863158307, 16.159205381476202, -0.000000000006785 ], [ 103.331535246191081, 16.159193731936995, -0.000000000006785 ] ] } },
{ "type": "Feature", "properties": { }, "geometry": { "type": "LineString", "coordinates": [ [ 103.331526239193479, 16.159286441850359, 0.0 ], [ 103.331508510575489, 16.159285335134214, 0.0 ], [ 103.331508390036532, 16.159287138719765, 0.0 ], [ 103.331528917910205, 16.159288420180452, 0.0 ], [ 103.33153494484462, 16.159198240901009, 0.0 ], [ 103.331514416980085, 16.159196959441751, 0.0 ], [ 103.331514296441313, 16.159198763027334, 0.0 ], [ 103.331532025051715, 16.159199869742281, 0.0 ], [ 103.331526239193479, 16.159286441850359, 0.0 ] ] } },
{ "type": "Feature", "properties": { }, "geometry": { "type": "LineString", "coordinates": [ [ 103.475375535036818, 16.125877201643711, 0.0 ], [ 103.475325153163141, 16.12587406291237, 0.0 ] ] } },
{ "type": "Feature", "properties": { }, "geometry": { "type": "LineString", "coordinates": [ [ 103.47536681600269, 16.126007971678256, 0.0 ], [ 103.475375535036818, 16.125877201643711, 0.0 ] ] } },
{ "type": "Feature", "properties": { }, "geometry": { "type": "LineString", "coordinates": [ [ 103.475316434096456, 16.126004832942062, 0.0 ], [ 103.47536681600269, 16.126007971678256, 0.0 ] ] } },
{ "type": "Feature", "properties": { }, "geometry": { "type": "LineString", "coordinates": [ [ 103.475325153163141, 16.12587406291237, 0.0 ], [ 103.475316434096456, 16.126004832942062, 0.0 ] ] } },
{ "type": "Feature", "properties": { }, "geometry": { "type": "LineString", "coordinates": [ [ 103.47327582607096, 16.125746382135809, 0.0 ], [ 103.473225444308909, 16.125743242914091, 0.0 ] ] } },
{ "type": "Feature", "properties": { }, "geometry": { "type": "LineString", "coordinates": [ [ 103.473267105680435, 16.125877151968016, 0.0 ], [ 103.47327582607096, 16.125746382135809, 0.0 ] ] } },
{ "type": "Feature", "properties": { }, "geometry": { "type": "LineString", "coordinates": [ [ 103.473216723885827, 16.125874012741441, 0.0 ], [ 103.473267105680435, 16.125877151968016, 0.0 ] ] } },
{ "type": "Feature", "properties": { }, "geometry": { "type": "LineString", "coordinates": [ [ 103.473225444308909, 16.125743242914091, 0.0 ], [ 103.473216723885827, 16.125874012741441, 0.0 ] ] } }
]
}
