{
"type": "FeatureCollection",
"name": "Roadworks",
"crs": { "type": "name", "properties": { "name": "urn:ogc:def:crs:OGC:1.3:CRS84" } },
"features": [
{ "type": "Feature", "properties": { }, "geometry": { "type": "LineString", "coordinates": [ [ 103.716053046442099, 16.140456351211945, 0.0 ], [ 103.722475866363297, 16.145594743320576, 0.0 ] ] } },
{ "type": "Feature", "properties": { }, "geometry": { "type": "LineString", "coordinates": [ [ 103.722519218813929, 16.145557722799321, 0.0 ], [ 103.716316692126682, 16.140597032536874, 0.0 ] ] } },
{ "type": "Feature", "properties": { }, "geometry": { "type": "LineString", "coordinates": [ [ 103.710679845067432, 16.135350536456645, 0.0 ], [ 103.717045450154387, 16.140444209429216, 0.0 ], [ 103.717051974250325, 16.140449613141243, 0.0 ], [ 103.717058304342927, 16.140455228286072, 0.0 ], [ 103.717064433101527, 16.140461048360986, 0.0 ], [ 103.717070353428554, 16.140467066625934, 0.0 ], [ 103.717076058467839, 16.14047327611134, 0.0 ], [ 103.717081541612544, 16.140479669626199, 0.0 ], [ 103.71708679651276, 16.140486239766357, 0.0 ], [ 103.717091817082917, 16.140492978923149, 0.0 ], [ 103.717096597508842, 16.140499879292154, 0.0 ], [ 103.717101132254427, 16.140506932882253, 0.0 ], [ 103.71710541606808, 16.140514131524899, 0.0 ], [ 103.717109443988804, 16.140521466883559, 0.0 ], [ 103.717109868332926, 16.140522308075145, 0.0 ], [ 103.717110262390534, 16.140523162919958, 0.0 ], [ 103.717110625692158, 16.14052403039965, 0.0 ], [ 103.717110957805048, 16.140524909480774, 0.0 ], [ 103.717111258333532, 16.140525799116123, 0.0 ], [ 103.717111526919624, 16.140526698245896, 0.0 ], [ 103.717111763243338, 16.140527605798965, 0.0 ], [ 103.717111967023172, 16.140528520694193, 0.0 ], [ 103.717112138016361, 16.140529441841679, 0.0 ], [ 103.717112276019179, 16.140530368144077, 0.0 ], [ 103.717112380867235, 16.140531298497915, 0.0 ], [ 103.717112452435657, 16.140532231794857, 0.0 ], [ 103.717112490639153, 16.14053316692311, 0.0 ], [ 103.717112495432218, 16.140534102768665, 0.0 ], [ 103.717112466809141, 16.140535038216658, 0.0 ], [ 103.717112404804027, 16.140535972152733, 0.0 ], [ 103.71711230949073, 16.140536903464291, 0.0 ], [ 103.717112180982809, 16.140537831041893, 0.0 ], [ 103.717112019433358, 16.140538753780529, 0.0 ], [ 103.717111825034806, 16.140539670580953, 0.0 ], [ 103.717111598018732, 16.140540580351008, 0.0 ], [ 103.717111338655585, 16.140541482006906, 0.0 ], [ 103.717111047254349, 16.140542374474514, 0.0 ], [ 103.717110724162154, 16.140543256690663, 0.0 ], [ 103.717110369763887, 16.140544127604379, 0.0 ], [ 103.717109984481766, 16.140544986178163, 0.0 ], [ 103.717109568774717, 16.140545831389222, 0.0 ], [ 103.717109123138002, 16.140546662230662, 0.0 ], [ 103.717108648102496, 16.140547477712722, 0.0 ], [ 103.717108144234075, 16.140548276863932, 0.0 ], [ 103.717107612133006, 16.140549058732287, 0.0 ], [ 103.717107052433178, 16.140549822386355, 0.0 ], [ 103.717106465801308, 16.140550566916417, 0.0 ], [ 103.717105852936299, 16.140551291435528, 0.0 ], [ 103.717105214568193, 16.140551995080582, 0.0 ], [ 103.717104551457496, 16.140552677013346, 0.0 ], [ 103.717103864394147, 16.140553336421437, 0.0 ], [ 103.717103154196622, 16.140553972519324, 0.0 ], [ 103.717102421710976, 16.140554584549239, 0.0 ], [ 103.7171016678098, 16.140555171782069, 0.0 ], [ 103.717100893391205, 16.140555733518266, 0.0 ], [ 103.717100099377731, 16.140556269088652, 0.0 ], [ 103.717099286715296, 16.140556777855195, 0.0 ], [ 103.717098456371957, 16.140557259211828, 0.0 ], [ 103.717097609336932, 16.140557712585107, 0.0 ], [ 103.717096746619262, 16.140558137434954, 0.0 ], [ 103.717095869246677, 16.140558533255245, 0.0 ], [ 103.717094978264385, 16.14055889957444, 0.0 ], [ 103.717094074733794, 16.140559235956164, 0.0 ], [ 103.717093159731249, 16.140559541999679, 0.0 ], [ 103.717092234346779, 16.140559817340417, 0.0 ], [ 103.717091299682792, 16.140560061650355, 0.0 ], [ 103.717090356852708, 16.140560274638464, 0.0 ], [ 103.717089406979724, 16.140560456051002, 0.0 ], [ 103.71708845119538, 16.140560605671876, 0.0 ], [ 103.71708749063832, 16.140560723322821, 0.0 ], [ 103.717086526452789, 16.140560808863704, 0.0 ], [ 103.717085559787449, 16.140560862192604, 0.0 ], [ 103.717084591793835, 16.140560883246007, 0.0 ], [ 103.717083623625115, 16.140560871998826, 0.0 ], [ 103.717046360797198, 16.140559817247887, 0.0 ] ] } },
{ "type": "Feature", "properties": { }, "geometry": { "type": "LineString", "coordinates": [ [ 103.707335083348752, 16.132716084265283, 0.0 ], [ 103.707323041088856, 16.132727541615573, 0.0 ], [ 103.70732446336028, 16.132726234965649, 0.0 ], [ 103.707325932033925, 16.132724977189675, 0.0 ], [ 103.707327445313254, 16.132723769826221, 0.0 ], [ 103.707329001347134, 16.132722614352197, 0.0 ], [ 103.707330598232176, 16.132721512181025, 0.0 ], [ 103.70733223401497, 16.132720464660924, 0.0 ], [ 103.707333906694572, 16.132719473073283, 0.0 ], [ 103.707335614224888, 16.132718538631032, 0.0 ], [ 103.707337354517179, 16.132717662477251, 0.0 ], [ 103.707339125442644, 16.132716845683671, 0.0 ], [ 103.707340924835009, 16.132716089249438, 0.0 ], [ 103.707342750493183, 16.132715394099858, 0.0 ], [ 103.70734460018393, 16.132714761085264, 0.0 ], [ 103.707346471644627, 16.132714190979989, 0.0 ], [ 103.707348362586032, 16.132713684481416, 0.0 ], [ 103.707350270695045, 16.132713242209114, 0.0 ], [ 103.707352193637576, 16.132712864704082, 0.0 ], [ 103.707354129061414, 16.132712552428117, 0.0 ], [ 103.707356074599048, 16.132712305763199, 0.0 ], [ 103.707358027870626, 16.132712125011064, 0.0 ], [ 103.707359986486793, 16.132712010392812, 0.0 ], [ 103.707361948051712, 16.132711962048649, 0.0 ], [ 103.707363910165896, 16.132711980037719, 0.0 ], [ 103.7073658704292, 16.132712064338005, 0.0 ], [ 103.707367826443715, 16.1327122148464, 0.0 ], [ 103.707369775816815, 16.132712431378792, 0.0 ], [ 103.707371716163891, 16.132712713670301, 0.0 ], [ 103.707373645111446, 16.132713061375622, 0.0 ], [ 103.707375560299894, 16.132713474069433, 0.0 ], [ 103.707377459386493, 16.132713951246899, 0.0 ], [ 103.707379340048206, 16.132714492324318, 0.0 ], [ 103.707381199984511, 16.132715096639817, 0.0 ], [ 103.707383036920248, 16.132715763454172, 0.0 ], [ 103.707384848608413, 16.132716491951712, 0.0 ], [ 103.707386632832851, 16.132717281241302, 0.0 ], [ 103.707388387411015, 16.132718130357446, 0.0 ], [ 103.707390110196641, 16.13271903826147, 0.0 ], [ 103.70739179908233, 16.132720003842785, 0.0 ], [ 103.707393452002165, 16.13272102592024, 0.0 ], [ 103.707395066934211, 16.132722103243605, 0.0 ], [ 103.707396641903031, 16.132723234495025, 0.0 ], [ 103.707398174982032, 16.132724418290714, 0.0 ], [ 103.710600821529226, 16.135287300145169, 0.0 ] ] } },
{ "type": "Feature", "properties": { }, "geometry": { "type": "LineString", "coordinates": [ [ 103.707404972806756, 16.132648745078317, 0.0 ], [ 103.707405492270496, 16.132648138520004, 0.0 ], [ 103.707405288577604, 16.132648384998134, 0.0 ], [ 103.707405093907667, 16.132648638197161, 0.0 ], [ 103.707404908497821, 16.132648897808622, 0.0 ], [ 103.707404732573963, 16.132649163516252, 0.0 ], [ 103.707404566350405, 16.132649434996345, 0.0 ], [ 103.707404410029639, 16.132649711918184, 0.0 ], [ 103.707404263802118, 16.132649993944394, 0.0 ], [ 103.707404127845962, 16.132650280731415, 0.0 ], [ 103.707404002326825, 16.132650571929858, 0.0 ], [ 103.707403887397589, 16.132650867184974, 0.0 ], [ 103.707403783198288, 16.13265116613707, 0.0 ], [ 103.707403689855866, 16.132651468421948, 0.0 ], [ 103.707403607484039, 16.132651773671355, 0.0 ], [ 103.707403536183122, 16.132652081513427, 0.0 ], [ 103.707403476040014, 16.132652391573117, 0.0 ], [ 103.707403427127957, 16.132652703472715, 0.0 ], [ 103.707403389506581, 16.13265301683224, 0.0 ], [ 103.707403363221658, 16.13265333126995, 0.0 ], [ 103.707403348305263, 16.132653646402776, 0.0 ], [ 103.707403344775528, 16.13265396184681, 0.0 ], [ 103.707403352636788, 16.132654277217767, 0.0 ], [ 103.707403371879437, 16.132654592131445, 0.0 ], [ 103.70740340248004, 16.132654906204213, 0.0 ], [ 103.707403444401351, 16.132655219053436, 0.0 ], [ 103.707403497592239, 16.132655530297988, 0.0 ], [ 103.70740356198796, 16.132655839558709, 0.0 ], [ 103.707403637510026, 16.132656146458835, 0.0 ], [ 103.707403724066452, 16.132656450624488, 0.0 ], [ 103.707403821551793, 16.132656751685122, 0.0 ], [ 103.707403929847274, 16.132657049273966, 0.0 ], [ 103.707404048820962, 16.13265734302848, 0.0 ], [ 103.707404178327948, 16.13265763259081, 0.0 ], [ 103.707404318210436, 16.132657917608196, 0.0 ], [ 103.707404468298009, 16.132658197733406, 0.0 ], [ 103.707404628407858, 16.132658472625192, 0.0 ], [ 103.707404798344868, 16.132658741948653, 0.0 ], [ 103.707404977902087, 16.132659005375707, 0.0 ], [ 103.707405166860724, 16.13265926258542, 0.0 ], [ 103.707405364990578, 16.132659513264446, 0.0 ], [ 103.707405572050305, 16.132659757107405, 0.0 ], [ 103.707405787787636, 16.132659993817231, 0.0 ], [ 103.707406011939767, 16.13266022310555, 0.0 ], [ 103.70740624423361, 16.132660444693045, 0.0 ], [ 103.707406484386169, 16.132660658309764, 0.0 ], [ 103.7074067321049, 16.13266086369546, 0.0 ], [ 103.717081227663826, 16.14040243678026, 0.0 ], [ 103.717088950434132, 16.140408826282748, 0.0 ], [ 103.71709645126893, 16.140415458190311, 0.0 ], [ 103.717103722027801, 16.140422325305572, 0.0 ], [ 103.717110754820027, 16.140429420175909, 0.0 ], [ 103.717117542013128, 16.14043673510152, 0.0 ], [ 103.717124076241234, 16.140444262143774, 0.0 ], [ 103.717130350412887, 16.140451993133855, 0.0 ], [ 103.717136357718971, 16.140459919681593, 0.0 ], [ 103.7171420916399, 16.140468033184582, 0.0 ], [ 103.717147545952841, 16.140476324837529, 0.0 ], [ 103.717152714738376, 16.140484785641814, 0.0 ], [ 103.717157592386982, 16.140493406415203, 0.0 ], [ 103.717162173605061, 16.140502177801888, 0.0 ], [ 103.717166453420731, 16.14051109028259, 0.0 ], [ 103.717170427189217, 16.140520134184893, 0.0 ], [ 103.717174090597922, 16.140529299693775, 0.0 ], [ 103.717181403995482, 16.140548533771458, 0.0 ], [ 103.717182440723747, 16.14055112299252, 0.0 ], [ 103.717183568265995, 16.140553676508993, 0.0 ], [ 103.717184785308675, 16.140556191346189, 0.0 ], [ 103.717186090434041, 16.140558664574463, 0.0 ], [ 103.717187482121673, 16.140561093312655, 0.0 ], [ 103.717188958750341, 16.140563474731422, 0.0 ], [ 103.717190518599892, 16.140565806056554, 0.0 ], [ 103.717192159853155, 16.14056808457218, 0.0 ], [ 103.717193880598202, 16.140570307623967, 0.0 ], [ 103.71719567883045, 16.140572472622207, 0.0 ], [ 103.717197552455062, 16.14057457704477, 0.0 ], [ 103.717199499289364, 16.140576618440146, 0.0 ], [ 103.717201517065448, 16.140578594430231, 0.0 ], [ 103.717203603432708, 16.140580502713103, 0.0 ], [ 103.71720575596062, 16.140582341065716, 0.0 ], [ 103.717207972141665, 16.140584107346506, 0.0 ], [ 103.717210249394086, 16.140585799497856, 0.0 ], [ 103.717212585065013, 16.140587415548502, 0.0 ], [ 103.717214976433553, 16.140588953615843, 0.0 ], [ 103.717217420713894, 16.140590411908114, 0.0 ], [ 103.71722290149377, 16.14059366639016, 0.0 ], [ 103.717228279129444, 16.140597077837974, 0.0 ], [ 103.717233548810569, 16.140600643199981, 0.0 ], [ 103.717238705823377, 16.140604359286936, 0.0 ], [ 103.717243745554796, 16.140608222774748, 0.0 ], [ 103.71724866349679, 16.140612230207495, 0.0 ], [ 103.718251567777997, 16.141454569260738, 0.0 ], [ 103.718264302130024, 16.141464931904842, 0.0 ], [ 103.718277365073547, 16.14147490513016, 0.0 ], [ 103.718290743866802, 16.141484479208628, 0.0 ], [ 103.71830442545992, 16.141493644801514, 0.0 ], [ 103.718318396507698, 16.141502392968547, 0.0 ], [ 103.718332643382567, 16.141510715176601, 0.0 ], [ 103.718347152187931, 16.141518603308043, 0.0 ], [ 103.718913964473089, 16.141815600708959, 0.0 ] ] } },
{ "type": "Feature", "properties": { }, "geometry": { "type": "LineString", "coordinates": [ [ 103.741243977246498, 16.167340868988148, 0.0 ], [ 103.741648152806789, 16.168373251796048, 0.0 ] ] } },
{ "type": "Feature", "properties": { }, "geometry": { "type": "LineString", "coordinates": [ [ 103.741296459966094, 16.167321678821853, 0.0 ], [ 103.741690374714338, 16.168327851939683, 0.0 ], [ 103.741691096222453, 16.168329602372282, 0.0 ], [ 103.741691880217601, 16.168331327525042, 0.0 ], [ 103.741692725753339, 16.168333025315324, 0.0 ], [ 103.741693631808928, 16.168334693693556, 0.0 ], [ 103.741694597290575, 16.168336330645634, 0.0 ], [ 103.741695621032733, 16.168337934195417, 0.0 ], [ 103.74169670179954, 16.168339502407076, 0.0 ], [ 103.741697838286285, 16.168341033387453, 0.0 ], [ 103.741699029120966, 16.168342525288331, 0.0 ], [ 103.741700272866012, 16.16834397630867, 0.0 ], [ 103.741701568019948, 16.168345384696771, 0.0 ], [ 103.741702913019253, 16.168346748752416, 0.0 ], [ 103.741704306240251, 16.168348066828894, 0.0 ], [ 103.741705746000989, 16.168349337335016, 0.0 ], [ 103.741707230563406, 16.168350558737007, 0.0 ], [ 103.741708758135303, 16.168351729560378, 0.0 ], [ 103.741710326872578, 16.168352848391692, 0.0 ], [ 103.741711934881451, 16.168353913880285, 0.0 ], [ 103.741713580220676, 16.168354924739887, 0.0 ], [ 103.741715260904016, 16.168355879750166, 0.0 ], [ 103.741716974902516, 16.168356777758234, 0.0 ], [ 103.74171872014702, 16.168357617679998, 0.0 ], [ 103.741720494530639, 16.168358398501493, 0.0 ], [ 103.741722295911316, 16.168359119280108, 0.0 ], [ 103.741724122114405, 16.168359779145703, 0.0 ], [ 103.741725970935292, 16.168360377301681, 0.0 ], [ 103.741727840142062, 16.168360913025943, 0.0 ], [ 103.741729727478173, 16.168361385671751, 0.0 ], [ 103.741731630665228, 16.168361794668531, 0.0 ], [ 103.741733547405659, 16.168362139522525, 0.0 ], [ 103.741735475385553, 16.168362419817427, 0.0 ], [ 103.741737412277431, 16.168362635214859, 0.0 ], [ 103.741739355743064, 16.168362785454793, 0.0 ], [ 103.741741303436257, 16.168362870355857, 0.0 ], [ 103.741743253005737, 16.168362889815551, 0.0 ], [ 103.741745202097974, 16.168362843810396, 0.0 ], [ 103.741747148359977, 16.168362732395913, 0.0 ], [ 103.741749089442209, 16.168362555706615, 0.0 ], [ 103.741751023001356, 16.168362313955797, 0.0 ], [ 103.741752946703215, 16.168362007435306, 0.0 ], [ 103.741754858225448, 16.168361636515183, 0.0 ], [ 103.741756755260482, 16.168361201643204, 0.0 ], [ 103.741758635518153, 16.168360703344344, 0.0 ], [ 103.741760496728602, 16.168360142220163, 0.0 ], [ 103.741762336644967, 16.168359518948055, 0.0 ], [ 103.741764153046049, 16.168358834280443, 0.0 ], [ 103.741765943739097, 16.168358089043867, 0.0 ], [ 103.741767706562342, 16.168357284137983, 0.0 ], [ 103.741769439387681, 16.16835642053449, 0.0 ], [ 103.741771140123248, 16.168355499275929, 0.0 ], [ 103.741780548661453, 16.16835019317595, 0.0 ] ] } },
{ "type": "Feature", "properties": { }, "geometry": { "type": "LineString", "coordinates": [ [ 103.710552578317944, 16.135463519932124, 0.0 ], [ 103.710646737646456, 16.135353995056899, 0.0 ] ] } },
{ "type": "Feature", "properties": { }, "geometry": { "type": "LineString", "coordinates": [ [ 103.710509360178349, 16.135428940380955, 0.0 ], [ 103.71060350983872, 16.135319525198174, 0.0 ] ] } },
{ "type": "Feature", "properties": { }, "geometry": { "type": "LineString", "coordinates": [ [ 103.71064708082514, 16.135353594386171, 0.0 ], [ 103.710648451539058, 16.135352134851431, 0.0 ], [ 103.710649948641787, 16.135350796343918, 0.0 ], [ 103.710651560739493, 16.135349589050499, 0.0 ], [ 103.710653275563132, 16.135348522159376, 0.0 ], [ 103.710655080061841, 16.135347603790251, 0.0 ], [ 103.710656960502334, 16.135346840932463, 0.0 ], [ 103.710658902573314, 16.135346239391811, 0.0 ], [ 103.710660891494442, 16.135345803746389, 0.0 ], [ 103.710662912128839, 16.135345537311714, 0.0 ], [ 103.710664949098273, 16.135345442115529, 0.0 ], [ 103.710666986900165, 16.135345518882311, 0.0 ], [ 103.710669010025626, 16.135345767027847, 0.0 ], [ 103.710671003077465, 16.135346184663575, 0.0 ], [ 103.710672950887343, 16.135346768611058, 0.0 ], [ 103.710674838631249, 16.13534751442608, 0.0 ], [ 103.710676651942322, 16.135348416432564, 0.0 ], [ 103.710678377020201, 16.135349467765689, 0.0 ], [ 103.710680000735962, 16.135350660424173, 0.0 ] ] } },
{ "type": "Feature", "properties": { }, "geometry": { "type": "LineString", "coordinates": [ [ 103.710600821529226, 16.135287300145169, 0.0 ], [ 103.710602331525891, 16.135288625051096, 0.0 ], [ 103.710603716311155, 16.135290072122274, 0.0 ], [ 103.710604965345965, 16.135291630345623, 0.0 ], [ 103.710606069124395, 16.13529328786214, 0.0 ], [ 103.710607019246041, 16.135295032057115, 0.0 ], [ 103.710607808479878, 16.135296849656172, 0.0 ], [ 103.710608430819391, 16.135298726826282, 0.0 ], [ 103.710608881528174, 16.135300649281067, 0.0 ], [ 103.710609157176037, 16.135302602389462, 0.0 ], [ 103.710609255665162, 16.135304571287151, 0.0 ], [ 103.710609176245967, 16.135306540989621, 0.0 ], [ 103.710608919522869, 16.135308496506248, 0.0 ], [ 103.710608487449704, 16.135310422954383, 0.0 ], [ 103.710607883314779, 16.135312305672571, 0.0 ], [ 103.71060711171593, 16.135314130332205, 0.0 ], [ 103.710606178525495, 16.135315883046513, 0.0 ], [ 103.710605090845604, 16.135317550476273, 0.0 ], [ 103.710603856954151, 16.135319119931353, 0.0 ], [ 103.710603856938008, 16.135319119950115, 0.0 ] ] } },
{ "type": "Feature", "properties": { }, "geometry": { "type": "LineString", "coordinates": [ [ 103.724961055243057, 16.147526413525096, 0.0 ], [ 103.724953893379364, 16.147519962942997, 0.0 ], [ 103.724947340448068, 16.147512933606649, 0.0 ], [ 103.724941446320912, 16.147505379013587, 0.0 ], [ 103.72493625585571, 16.147497356658889, 0.0 ], [ 103.724931808555013, 16.147488927597561, 0.0 ], [ 103.724928138265341, 16.147480155979899, 0.0 ], [ 103.724925272919748, 16.147471108563227, 0.0 ], [ 103.724923234325132, 16.147461854203897, 0.0 ], [ 103.724922037996308, 16.14745246333317, 0.0 ], [ 103.724921693037956, 16.147443007421245, 0.0 ], [ 103.724922202075291, 16.147433558433338, 0.0 ], [ 103.724923561234093, 16.147424188281914, 0.0 ], [ 103.724925760170251, 16.147414968279477, 0.0 ], [ 103.724927005996435, 16.147410927686042, 0.0 ] ] } },
{ "type": "Feature", "properties": { }, "geometry": { "type": "LineString", "coordinates": [ [ 103.725015454778315, 16.147571288884926, 0.0 ], [ 103.724961055243057, 16.147526413525096, 0.0 ] ] } },
{ "type": "Feature", "properties": { }, "geometry": { "type": "LineString", "coordinates": [ [ 103.724872976112181, 16.147574489813305, 0.0 ], [ 103.724873821432183, 16.147572269944465, 0.0 ], [ 103.724874863711378, 16.14757012973088, 0.0 ], [ 103.724876095017365, 16.147568085460847, 0.0 ], [ 103.724877505979194, 16.147566152692495, 0.0 ], [ 103.724879085858589, 16.147564346135361, 0.0 ], [ 103.724880822631704, 16.147562679538421, 0.0 ], [ 103.724882703080624, 16.147561165585497, 0.0 ], [ 103.724884712894024, 16.147559815798665, 0.0 ], [ 103.724886836776022, 16.147558640450622, 0.0 ], [ 103.724889058562582, 16.14755764848648, 0.0 ], [ 103.724891361344575, 16.147556847455668, 0.0 ], [ 103.724893727596438, 16.147556243454524, 0.0 ], [ 103.724896139309593, 16.14755584107985, 0.0 ], [ 103.724898578129441, 16.147555643393968, 0.0 ], [ 103.7249010254951, 16.147555651901389, 0.0 ], [ 103.724903462780645, 16.14755586653736, 0.0 ], [ 103.72490587143686, 16.147556285668376, 0.0 ], [ 103.724908233132453, 16.147556906104597, 0.0 ], [ 103.724910529893464, 16.147557723124134, 0.0 ], [ 103.724912744240186, 16.147558730508965, 0.0 ], [ 103.724914859320108, 16.147559920592311, 0.0 ], [ 103.724916859036171, 16.147561284316904, 0.0 ], [ 103.724917913302448, 16.147562112215663, 0.0 ] ] } },
{ "type": "Feature", "properties": { }, "geometry": { "type": "LineString", "coordinates": [ [ 103.724979680213295, 16.14761306509503, 0.0 ], [ 103.724917913302448, 16.147562112215663, 0.0 ] ] } },
{ "type": "Feature", "properties": { }, "geometry": { "type": "LineString", "coordinates": [ [ 103.728303708689552, 16.150084276792288, 0.0 ], [ 103.728296029777411, 16.150090145643318, 0.0 ], [ 103.728287850856987, 16.150095345314163, 0.0 ], [ 103.728279234174849, 16.150099836232151, 0.0 ], [ 103.728270245309247, 16.150103584218645, 0.0 ], [ 103.728260952670965, 16.150106560749155, 0.0 ], [ 103.728251426982666, 16.150108743170481, 0.0 ], [ 103.728241740740714, 16.150110114873033, 0.0 ], [ 103.72823196766339, 16.150110665417341, 0.0 ], [ 103.728222182129841, 16.150110390613413, 0.0 ], [ 103.728212458613996, 16.150109292552706, 0.0 ], [ 103.728202871117773, 16.150107379592129, 0.0 ], [ 103.728193492607957, 16.150104666290513, 0.0 ], [ 103.728184394460726, 16.150101173297742, 0.0 ], [ 103.728175645918611, 16.150096927197669, 0.0 ], [ 103.728167313563304, 16.150091960305705, 0.0 ], [ 103.728159460809138, 16.150086310422978, 0.0 ], [ 103.728158782133562, 16.15008577184317, 0.0 ] ] } },
{ "type": "Feature", "properties": { }, "geometry": { "type": "LineString", "coordinates": [ [ 103.725015454778315, 16.147571288884929, 0.0 ], [ 103.728158782133562, 16.15008577184317, 0.0 ] ] } },
{ "type": "Feature", "properties": { }, "geometry": { "type": "LineString", "coordinates": [ [ 103.724971012860081, 16.147606131558522, 0.0 ], [ 103.728163299094533, 16.150159778731641, 0.0 ], [ 103.728164039169897, 16.15016039198628, 0.0 ], [ 103.728164756753799, 16.150161029722032, 0.0 ], [ 103.728165450979802, 16.150161691168879, 0.0 ], [ 103.728166121009664, 16.150162375528144, 0.0 ], [ 103.728166766034335, 16.150163081973503, 0.0 ], [ 103.728167385275029, 16.150163809651968, 0.0 ], [ 103.728167977984015, 16.150164557684906, 0.0 ], [ 103.728168543445634, 16.150165325169102, 0.0 ], [ 103.728169080977125, 16.150166111177864, 0.0 ], [ 103.728169589929436, 16.150166914762128, 0.0 ], [ 103.728170069688034, 16.150167734951605, 0.0 ], [ 103.728170519673668, 16.150168570755966, 0.0 ], [ 103.728170939342974, 16.150169421166023, 0.0 ], [ 103.728171328189219, 16.150170285154942, 0.0 ], [ 103.728171685742907, 16.150171161679513, 0.0 ], [ 103.728172011572312, 16.150172049681377, 0.0 ], [ 103.728172305284005, 16.150172948088315, 0.0 ], [ 103.728172566523341, 16.150173855815559, 0.0 ], [ 103.728172794974896, 16.150174771767063, 0.0 ], [ 103.728172990362822, 16.150175694836875, 0.0 ], [ 103.728173152451205, 16.150176623910447, 0.0 ], [ 103.728173281044306, 16.150177557865941, 0.0 ], [ 103.728173375986898, 16.150178495575691, 0.0 ], [ 103.728173437164301, 16.150179435907443, 0.0 ], [ 103.728173464502675, 16.150180377725796, 0.0 ], [ 103.728173457968978, 16.150181319893562, 0.0 ], [ 103.728173417571142, 16.15018226127313, 0.0 ], [ 103.728173343357909, 16.150183200727813, 0.0 ], [ 103.728173235418922, 16.150184137123293, 0.0 ], [ 103.728173093884465, 16.150185069328909, 0.0 ], [ 103.728172918925466, 16.150185996219072, 0.0 ], [ 103.728172710753171, 16.150186916674624, 0.0 ], [ 103.728172469618926, 16.150187829584151, 0.0 ], [ 103.728172195813912, 16.150188733845372, 0.0 ], [ 103.728171889668701, 16.15018962836643, 0.0 ], [ 103.728171551552975, 16.150190512067251, 0.0 ], [ 103.72817118187497, 16.150191383880802, 0.0 ], [ 103.728170781081062, 16.150192242754422, 0.0 ], [ 103.728170349655187, 16.150193087651061, 0.0 ], [ 103.728169888118259, 16.150193917550563, 0.0 ], [ 103.728169397027585, 16.150194731450863, 0.0 ], [ 103.728168876976099, 16.150195528369206, 0.0 ], [ 103.728168328591764, 16.150196307343375, 0.0 ], [ 103.728167752536692, 16.150197067432796, 0.0 ], [ 103.728167149506461, 16.150197807719692, 0.0 ], [ 103.728166520229209, 16.150198527310213, 0.0 ], [ 103.728165865464717, 16.150199225335491, 0.0 ], [ 103.728165186003608, 16.150199900952703, 0.0 ], [ 103.728164482666287, 16.150200553346068, 0.0 ], [ 103.728163756301981, 16.150201181727855, 0.0 ], [ 103.728167422725321, 16.150198119096626, 0.0 ] ] } },
{ "type": "Feature", "properties": { }, "geometry": { "type": "LineString", "coordinates": [ [ 103.741176664377747, 16.167268149155028, 0.0 ], [ 103.741187305988262, 16.167273990184125, 0.0 ], [ 103.741197380339003, 16.167280705322387, 0.0 ], [ 103.741206810758158, 16.167288243463656, 0.0 ], [ 103.74121552547453, 16.167296547238212, 0.0 ], [ 103.741223458163887, 16.16730555344941, 0.0 ], [ 103.741230548453601, 16.167315193554625, 0.0 ], [ 103.741236742382242, 16.167325394186932, 0.0 ], [ 103.741241992810131, 16.167336077713408, 0.0 ], [ 103.741243977246498, 16.167340868988148, 0.0 ] ] } },
{ "type": "Feature", "properties": { }, "geometry": { "type": "LineString", "coordinates": [ [ 103.740932413869118, 16.167147384106805, 0.0 ], [ 103.741176664377747, 16.167268149155028, 0.0 ] ] } },
{ "type": "Feature", "properties": { }, "geometry": { "type": "LineString", "coordinates": [ [ 103.74120222194324, 16.167219871072174, 0.0 ], [ 103.741217120195856, 16.167228048510829, 0.0 ], [ 103.741231224285571, 16.167237449702206, 0.0 ], [ 103.74124442687183, 16.167248003097747, 0.0 ], [ 103.741256627475039, 16.167259628379909, 0.0 ], [ 103.741267733241216, 16.167272237073444, 0.0 ], [ 103.741277659648674, 16.167285733218772, 0.0 ], [ 103.741286331151343, 16.167300014102221, 0.0 ], [ 103.741293681753604, 16.167314971037793, 0.0 ], [ 103.741296459966094, 16.167321678821853, 0.0 ] ] } },
{ "type": "Feature", "properties": { }, "geometry": { "type": "LineString", "coordinates": [ [ 103.740957971473961, 16.167099106055847, 0.0 ], [ 103.74120222194324, 16.167219871072174, 0.0 ] ] } },
{ "type": "Feature", "properties": { }, "geometry": { "type": "LineString", "coordinates": [ [ 103.741648152806789, 16.168373251796048, 0.0 ], [ 103.741649683750936, 16.168377745405206, 0.0 ], [ 103.741650803616579, 16.168382350864604, 0.0 ], [ 103.741651503880888, 16.168387033123924, 0.0 ], [ 103.741651779214365, 16.168391756548338, 0.0 ], [ 103.741651627521549, 16.168396485189728, 0.0 ], [ 103.741651049956843, 16.16840118306029, 0.0 ], [ 103.741650050915865, 16.168405814406373, 0.0 ], [ 103.741648638001891, 16.168410343980646, 0.0 ], [ 103.741646821968033, 16.168414737310279, 0.0 ], [ 103.741644616635355, 16.168418960959396, 0.0 ], [ 103.741642038787774, 16.168422982783444, 0.0 ], [ 103.741639108044254, 16.168426772173913, 0.0 ], [ 103.741635846709514, 16.168430300291227, 0.0 ], [ 103.741632279604289, 16.168433540284273, 0.0 ], [ 103.7416284338764, 16.168436467494743, 0.0 ], [ 103.741624338794168, 16.168439059644768, 0.0 ], [ 103.741624236310386, 16.168439118366262, 0.0 ] ] } },
{ "type": "Feature", "properties": { }, "geometry": { "type": "LineString", "coordinates": [ [ 103.742268919954086, 16.167659391790878, 0.0 ], [ 103.742245070287282, 16.167641506840891, 0.0 ], [ 103.742222924315101, 16.167621681107128, 0.0 ], [ 103.742202650581774, 16.167600065475956, 0.0 ], [ 103.742184403382453, 16.16757682445591, 0.0 ], [ 103.742168321588949, 16.167552134925696, 0.0 ], [ 103.742154527592845, 16.167526184788009, 0.0 ], [ 103.742154488016354, 16.167526101563393, 0.0 ] ] } },
{ "type": "Feature", "properties": { }, "geometry": { "type": "LineString", "coordinates": [ [ 103.741678017674019, 16.166523774915415, 0.0 ], [ 103.742154488016354, 16.167526101563393, 0.0 ] ] } },
{ "type": "Feature", "properties": { }, "geometry": { "type": "LineString", "coordinates": [ [ 103.741637426777018, 16.166448317582955, 0.0 ], [ 103.741674101572244, 16.166515647153144, 0.0 ], [ 103.741678017674019, 16.166523774915415, 0.0 ] ] } },
{ "type": "Feature", "properties": { }, "geometry": { "type": "LineString", "coordinates": [ [ 103.741581579006223, 16.166355817560067, 0.0 ], [ 103.741637426777018, 16.166448317582955, 0.0 ] ] } },
{ "type": "Feature", "properties": { }, "geometry": { "type": "LineString", "coordinates": [ [ 103.741581579006223, 16.166355817560067, 0.0 ], [ 103.741542243926219, 16.166283603965873, 0.0 ], [ 103.741537904765508, 16.166274594080981, 0.0 ] ] } },
{ "type": "Feature", "properties": { }, "geometry": { "type": "LineString", "coordinates": [ [ 103.741066635807826, 16.165282296369689, 0.0 ], [ 103.741537904765508, 16.166274594080981, 0.0 ] ] } },
{ "type": "Feature", "properties": { }, "geometry": { "type": "LineString", "coordinates": [ [ 103.741066635807826, 16.165282296369689, 0.0 ], [ 103.741034792265211, 16.165206713124086, 0.0 ], [ 103.741027146578688, 16.165185202253301, 0.0 ] ] } },
{ "type": "Feature", "properties": { }, "geometry": { "type": "LineString", "coordinates": [ [ 103.741005847452513, 16.165122819683482, 0.0 ], [ 103.741027146578688, 16.165185202253301, 0.0 ] ] } },
{ "type": "Feature", "properties": { }, "geometry": { "type": "LineString", "coordinates": [ [ 103.740968899418121, 16.165032019494848, 0.0 ], [ 103.740998614341649, 16.165102480956776, 0.0 ], [ 103.741005847452513, 16.165122819683482, 0.0 ] ] } },
{ "type": "Feature", "properties": { }, "geometry": { "type": "LineString", "coordinates": [ [ 103.742306759249075, 16.167607762971041, 0.0 ], [ 103.742548746771007, 16.167773407421453, 0.0 ] ] } },
{ "type": "Feature", "properties": { }, "geometry": { "type": "LineString", "coordinates": [ [ 103.742306759249075, 16.167607762971041, 0.0 ], [ 103.742287421682775, 16.16759326166396, 0.0 ], [ 103.742269465489144, 16.16757718674841, 0.0 ], [ 103.74225302732566, 16.167559660564596, 0.0 ], [ 103.742238232296529, 16.167540816497695, 0.0 ], [ 103.742225193000635, 16.16752079796278, 0.0 ], [ 103.74221400867448, 16.16749975731328, 0.0 ], [ 103.742213976585404, 16.167499689833875, 0.0 ] ] } },
{ "type": "Feature", "properties": { }, "geometry": { "type": "LineString", "coordinates": [ [ 103.741737505986251, 16.166497363299914, 0.0 ], [ 103.742213976585404, 16.167499689833875, 0.0 ] ] } },
{ "type": "Feature", "properties": { }, "geometry": { "type": "LineString", "coordinates": [ [ 103.741693970652818, 16.16641643238901, 0.0 ], [ 103.741733305812701, 16.166488645960033, 0.0 ], [ 103.741737505986251, 16.166497363299914, 0.0 ] ] } },
{ "type": "Feature", "properties": { }, "geometry": { "type": "LineString", "coordinates": [ [ 103.741638122862426, 16.166323932379452, 0.0 ], [ 103.741693970652818, 16.16641643238901, 0.0 ] ] } },
{ "type": "Feature", "properties": { }, "geometry": { "type": "LineString", "coordinates": [ [ 103.741638122862426, 16.166323932379452, 0.0 ], [ 103.741601448110302, 16.166256602805252, 0.0 ], [ 103.741597402417284, 16.166248202285519, 0.0 ] ] } },
{ "type": "Feature", "properties": { }, "geometry": { "type": "LineString", "coordinates": [ [ 103.741126133205199, 16.16525590468698, 0.0 ], [ 103.741597402417284, 16.166248202285519, 0.0 ] ] } },
{ "type": "Feature", "properties": { }, "geometry": { "type": "LineString", "coordinates": [ [ 103.741126133205199, 16.16525590468698, 0.0 ], [ 103.741096443312941, 16.16518543335874, 0.0 ], [ 103.74108931472017, 16.1651653773311, 0.0 ] ] } },
{ "type": "Feature", "properties": { }, "geometry": { "type": "LineString", "coordinates": [ [ 103.741068015575664, 16.165102994766151, 0.0 ], [ 103.74108931472017, 16.1651653773311, 0.0 ] ] } },
{ "type": "Feature", "properties": { }, "geometry": { "type": "LineString", "coordinates": [ [ 103.741028387346063, 16.16500560804468, 0.0 ], [ 103.741060257776851, 16.165081180693189, 0.0 ], [ 103.741068015575664, 16.165102994766151, 0.0 ] ] } },
{ "type": "Feature", "properties": { }, "geometry": { "type": "LineString", "coordinates": [ [ 103.740794586121453, 16.164513761330042, 0.0 ], [ 103.741028387346063, 16.16500560804468, 0.0 ] ] } },
{ "type": "Feature", "properties": { }, "geometry": { "type": "LineString", "coordinates": [ [ 103.742253672081389, 16.167648954465758, 0.0 ], [ 103.742436477431781, 16.167774087731459, 0.0 ] ] } },
{ "type": "Feature", "properties": { }, "geometry": { "type": "LineString", "coordinates": [ [ 103.742291511356342, 16.167597325633931, 0.0 ], [ 103.742548746271538, 16.167773407043342, 0.0 ] ] } },
{ "type": "Feature", "properties": { }, "geometry": { "type": "LineString", "coordinates": [ [ 103.742285793621761, 16.167593411746427, 0.0 ], [ 103.742678153702002, 16.167861988269664, 0.0 ] ] } },
{ "type": "Feature", "properties": { }, "geometry": { "type": "LineString", "coordinates": [ [ 103.742436477431781, 16.167774087731459, 0.0 ], [ 103.742444212471781, 16.167779888246748, 0.0 ], [ 103.742451394964505, 16.167786318205227, 0.0 ], [ 103.742457970246832, 16.16779332867106, 0.0 ], [ 103.742463888276902, 16.167800866290445, 0.0 ], [ 103.742469104014859, 16.167808873697592, 0.0 ], [ 103.742473577765765, 16.167817289951355, 0.0 ], [ 103.742477275481548, 16.167826050998997, 0.0 ], [ 103.742480169020311, 16.167835090163685, 0.0 ], [ 103.742482236360345, 16.167844338651953, 0.0 ], [ 103.742483461767819, 16.167853726077229, 0.0 ], [ 103.742483835916559, 16.167863180995553, 0.0 ], [ 103.742483355958925, 16.167872631449271, 0.0 ], [ 103.742482025547559, 16.16788200551472, 0.0 ], [ 103.742479854807584, 16.16789123184957, 0.0 ], [ 103.742476860259544, 16.16790024023582, 0.0 ], [ 103.742473064693641, 16.167908962114158, 0.0 ], [ 103.742468496996366, 16.167917331105784, 0.0 ], [ 103.742463191930597, 16.167925283517569, 0.0 ], [ 103.742457189871047, 16.16793275882679, 0.0 ], [ 103.742450536496975, 16.167939700141783, 0.0 ], [ 103.74244947667728, 16.167940700066595, 0.0 ] ] } },
{ "type": "Feature", "properties": { }, "geometry": { "type": "LineString", "coordinates": [ [ 103.714817204844351, 16.139554290688729, 0.0 ], [ 103.715095479883018, 16.139700231411197, 0.0 ], [ 103.715107893664083, 16.139706995847117, 0.0 ], [ 103.715120074022735, 16.139714145735624, 0.0 ], [ 103.71513200815258, 16.139721673559354, 0.0 ], [ 103.715143683506085, 16.139729571403606, 0.0 ], [ 103.715155087807858, 16.139737830964641, 0.0 ], [ 103.715166209067377, 16.139746443558391, 0.0 ], [ 103.716144328392843, 16.140529421352927, 0.0 ], [ 103.716152377037659, 16.140535648070625, 0.0 ], [ 103.716160636386931, 16.140541611445848, 0.0 ], [ 103.71616909722195, 16.140547304822494, 0.0 ], [ 103.716177750099092, 16.140552721845864, 0.0 ], [ 103.716186585360376, 16.140557856469712, 0.0 ], [ 103.716195593144263, 16.140562702962956, 0.0 ], [ 103.716204763396675, 16.140567255916153, 0.0 ], [ 103.716214085882143, 16.140571510247479, 0.0 ], [ 103.716223550195309, 16.140575461208417, 0.0 ], [ 103.716233145772506, 16.140579104389065, 0.0 ], [ 103.716242861903552, 16.14058243572304, 0.0 ], [ 103.716252687743676, 16.140585451492068, 0.0 ], [ 103.716262612325735, 16.140588148330046, 0.0 ], [ 103.716272624572269, 16.140590523226862, 0.0 ], [ 103.716282713308047, 16.140592573531769, 0.0 ], [ 103.716292867272415, 16.140594296956284, 0.0 ], [ 103.716303075131933, 16.140595691576792, 0.0 ], [ 103.716313325493033, 16.140596755836668, 0.0 ], [ 103.716323606914642, 16.140597488548018, 0.0 ], [ 103.716333907921069, 16.140597888893041, 0.0 ], [ 103.717111325477262, 16.140615535894117, 0.0 ], [ 103.717116820247909, 16.140615752580228, 0.0 ], [ 103.717122303976197, 16.140616152840646, 0.0 ], [ 103.717127770099324, 16.140616736196346, 0.0 ], [ 103.717133212075552, 16.14061750194918, 0.0 ], [ 103.717138623392046, 16.140618449182714, 0.0 ], [ 103.717143997572649, 16.140619576763328, 0.0 ], [ 103.717149328185656, 16.140620883341544, 0.0 ], [ 103.71715460885153, 16.140622367353703, 0.0 ], [ 103.717159833250449, 16.140624027023744, 0.0 ], [ 103.717164995129991, 16.140625860365422, 0.0 ], [ 103.717170088312514, 16.140627865184644, 0.0 ], [ 103.717175106702626, 16.140630039082072, 0.0 ], [ 103.717180044294395, 16.14063237945604, 0.0 ], [ 103.717184895178619, 16.140634883505641, 0.0 ], [ 103.717189653549866, 16.140637548234082, 0.0 ], [ 103.717194313713435, 16.140640370452271, 0.0 ], [ 103.717198870092105, 16.140643346782646, 0.0 ], [ 103.717203317232901, 16.140646473663189, 0.0 ], [ 103.717207649813588, 16.140649747351716, 0.0 ], [ 103.717211862649009, 16.140653163930363, 0.0 ], [ 103.718214766953935, 16.141495503157262, 0.0 ], [ 103.718228841764557, 16.141506956608421, 0.0 ], [ 103.718243279755569, 16.141517979649326, 0.0 ], [ 103.718258066843944, 16.141528561527906, 0.0 ], [ 103.718273188606176, 16.141538691922399, 0.0 ], [ 103.718288630292278, 16.141548360951433, 0.0 ], [ 103.71830437684018, 16.14155755918366, 0.0 ], [ 103.718320412890478, 16.141566277646952, 0.0 ], [ 103.718887225260488, 16.141863275124599, 0.0 ] ] } },
{ "type": "Feature", "properties": { }, "geometry": { "type": "LineString", "coordinates": [ [ 103.71484396208713, 16.139506625968426, 0.0 ], [ 103.715122237084216, 16.139652566653186, 0.0 ], [ 103.715136235601307, 16.139660194632178, 0.0 ], [ 103.715149970897627, 16.139668257270419, 0.0 ], [ 103.715163428531937, 16.139676746090892, 0.0 ], [ 103.715176594354929, 16.139685652168527, 0.0 ], [ 103.715189454524079, 16.139694966139523, 0.0 ], [ 103.715201995518257, 16.139704678211228, 0.0 ], [ 103.7161801148047, 16.14048765583987, 0.0 ], [ 103.716186700059225, 16.140492750425977, 0.0 ], [ 103.716193457708144, 16.140497629550062, 0.0 ], [ 103.716200380208889, 16.140502287766243, 0.0 ], [ 103.716207459834848, 16.140506719875209, 0.0 ], [ 103.716214688684062, 16.140510920930037, 0.0 ], [ 103.716222058688004, 16.140514886241689, 0.0 ], [ 103.716229561620594, 16.140518611384227, 0.0 ], [ 103.716237189107375, 16.14052209219982, 0.0 ], [ 103.716244932634879, 16.140525324803313, 0.0 ], [ 103.716252783560122, 16.140528305586617, 0.0 ], [ 103.716260733120194, 16.140531031222697, 0.0 ], [ 103.716268772442163, 16.140533498669313, 0.0 ], [ 103.716276892552884, 16.140535705172397, 0.0 ], [ 103.716285084389, 16.140537648269142, 0.0 ], [ 103.716293338807148, 16.140539325790751, 0.0 ], [ 103.716301646594076, 16.140540735864828, 0.0 ], [ 103.716309998476987, 16.140541876917506, 0.0 ], [ 103.716318385133846, 16.140542747675191, 0.0 ], [ 103.716326797203834, 16.140543347165984, 0.0 ], [ 103.716335225297712, 16.140543674720739, 0.0 ], [ 103.717087269683873, 16.140560745793188, 0.0 ] ] } },
{ "type": "Feature", "properties": { }, "geometry": { "type": "LineString", "coordinates": [ [ 103.686080120788915, 16.118920984070087, 0.0 ], [ 103.686040925419931, 16.118882450684051, 0.0 ], [ 103.686034168743518, 16.118876028791725, 0.0 ], [ 103.686027191530101, 16.118869831175736, 0.0 ], [ 103.686020001742179, 16.11886386490886, 0.0 ], [ 103.686012607584814, 16.118858136799854, 0.0 ], [ 103.686005017496285, 16.11885265338568, 0.0 ], [ 103.685997240138491, 16.118847420924052, 0.0 ], [ 103.685989284387034, 16.118842445386292, 0.0 ], [ 103.685981159321102, 16.11883773245053, 0.0 ], [ 103.685972874213064, 16.118833287495193, 0.0 ], [ 103.685964438517999, 16.118829115592909, 0.0 ], [ 103.68595586186278, 16.118825221504675, 0.0 ], [ 103.685947154035162, 16.118821609674455, 0.0 ], [ 103.685938324972597, 16.118818284224087, 0.0 ], [ 103.685929384750878, 16.118815248948604, 0.0 ], [ 103.685714967930991, 16.118746362796163, 0.0 ], [ 103.685714044372489, 16.118746048676332, 0.0 ], [ 103.685713132717282, 16.118745703590605, 0.0 ], [ 103.68571223407605, 16.118745327959417, 0.0 ], [ 103.685711349543695, 16.118744922240406, 0.0 ], [ 103.685710480197869, 16.118744486927898, 0.0 ], [ 103.685709627097722, 16.118744022552235, 0.0 ], [ 103.68570879128265, 16.1187435296792, 0.0 ], [ 103.685707973770917, 16.118743008909288, 0.0 ], [ 103.685707175558591, 16.118742460876966, 0.0 ], [ 103.685706397618148, 16.118741886249921, 0.0 ], [ 103.685705640897368, 16.118741285728262, 0.0 ], [ 103.685704906318222, 16.118740660043635, 0.0 ], [ 103.685704194775695, 16.118740009958319, 0.0 ], [ 103.685703507136665, 16.118739336264365, 0.0 ], [ 103.685702844238932, 16.118738639782556, 0.0 ], [ 103.685702206890113, 16.118737921361447, 0.0 ], [ 103.685701595866746, 16.11873718187633, 0.0 ], [ 103.685701011913253, 16.118736422228146, 0.0 ], [ 103.68570045574107, 16.118735643342418, 0.0 ], [ 103.685699928027859, 16.118734846168092, 0.0 ], [ 103.68569942941653, 16.118734031676393, 0.0 ], [ 103.685698960514543, 16.118733200859683, 0.0 ], [ 103.685698521893229, 16.11873235473016, 0.0 ], [ 103.685698114086932, 16.118731494318709, 0.0 ], [ 103.685697737592534, 16.118730620673606, 0.0 ], [ 103.685697392868718, 16.118729734859254, 0.0 ], [ 103.685697080335473, 16.118728837954887, 0.0 ], [ 103.685696800373591, 16.118727931053243, 0.0 ], [ 103.685696553324149, 16.118727015259239, 0.0 ], [ 103.685696339488146, 16.118726091688629, 0.0 ], [ 103.68569615912611, 16.118725161466642, 0.0 ], [ 103.685696012457754, 16.118724225726623, 0.0 ], [ 103.685695899661809, 16.118723285608606, 0.0 ], [ 103.685695820875679, 16.118722342257989, 0.0 ], [ 103.685695776195359, 16.118721396824103, 0.0 ], [ 103.685695765675291, 16.11872045045881, 0.0 ], [ 103.685695789328264, 16.118719504315113, 0.0 ], [ 103.685695847125487, 16.118718559545734, 0.0 ], [ 103.685695938996545, 16.118717617301737, 0.0 ], [ 103.685696064829486, 16.118716678731101, 0.0 ], [ 103.685696224471016, 16.118715744977326, 0.0 ], [ 103.685696417726618, 16.118714817178052, 0.0 ], [ 103.685696644360874, 16.118713896463657, 0.0 ], [ 103.685696904097625, 16.118712983955884, 0.0 ], [ 103.685697196620453, 16.118712080766485, 0.0 ], [ 103.685820840184917, 16.118352456064944, 0.0 ], [ 103.685821709638674, 16.11834977314653, 0.0 ], [ 103.685822482659049, 16.118347062785492, 0.0 ], [ 103.68582315832262, 16.118344328219699, 0.0 ], [ 103.685823735822183, 16.118341572715931, 0.0 ], [ 103.685824214467857, 16.118338799565969, 0.0 ], [ 103.685824593687869, 16.118336012082718, 0.0 ], [ 103.685824873029176, 16.118333213596149, 0.0 ], [ 103.685825052158066, 16.118330407449406, 0.0 ], [ 103.685825130860565, 16.118327596994803, 0.0 ], [ 103.685825109042668, 16.11832478558976, 0.0 ], [ 103.68582498673041, 16.118321976592849, 0.0 ], [ 103.685824764069963, 16.118319173359779, 0.0 ], [ 103.68582444132727, 16.118316379239371, 0.0 ], [ 103.685824018887928, 16.118313597569525, 0.0 ], [ 103.685823497256578, 16.118310831673316, 0.0 ], [ 103.685822877056395, 16.118308084854934, 0.0 ], [ 103.685822159028291, 16.118305360395812, 0.0 ], [ 103.685821344030032, 16.118302661550654, 0.0 ], [ 103.685820433035232, 16.118299991543566, 0.0 ], [ 103.685819427132216, 16.118297353564181, 0.0 ], [ 103.685818327522639, 16.118294750763923, 0.0 ], [ 103.685817135520139, 16.118292186252152, 0.0 ], [ 103.685815852548714, 16.118289663092501, 0.0 ], [ 103.685814480141033, 16.118287184299184, 0.0 ], [ 103.685813019936631, 16.118284752833436, 0.0 ], [ 103.685811473679877, 16.11828237159995, 0.0 ], [ 103.685809843217982, 16.118280043443399, 0.0 ], [ 103.685808130498728, 16.118277771145053, 0.0 ], [ 103.685806337568209, 16.118275557419459, 0.0 ], [ 103.685804466568257, 16.118273404911186, 0.0 ], [ 103.685802519734054, 16.118271316191667, 0.0 ], [ 103.68580049939132, 16.118269293756153, 0.0 ], [ 103.685798407953612, 16.11826734002068, 0.0 ], [ 103.685796247919413, 16.118265457319218, 0.0 ], [ 103.685794021869143, 16.11826364790091, 0.0 ], [ 103.685791732462121, 16.118261913927309, 0.0 ], [ 103.685789382433313, 16.118260257469878, 0.0 ], [ 103.68578697459013, 16.118258680507449, 0.0 ], [ 103.685784511809018, 16.118257184923905, 0.0 ], [ 103.685781997032095, 16.118255772505893, 0.0 ], [ 103.685779433263576, 16.118254444940742, 0.0 ], [ 103.685776823566187, 16.11825320381438, 0.0 ], [ 103.68577417105756, 16.118252050609478, 0.0 ], [ 103.685771478906403, 16.118250986703703, 0.0 ], [ 103.685768750328862, 16.118250013368002, 0.0 ], [ 103.685765988584549, 16.118249131765147, 0.0 ], [ 103.685761822124178, 16.118247878516232, 0.0 ], [ 103.685759964815645, 16.118247285323356, 0.0 ], [ 103.685758130029754, 16.118246629898302, 0.0 ], [ 103.685756319997154, 16.118245913037921, 0.0 ], [ 103.685754536918523, 16.118245135613773, 0.0 ], [ 103.685752782961714, 16.118244298571042, 0.0 ], [ 103.685751060259122, 16.118243402927405, 0.0 ], [ 103.685749370905256, 16.118242449771774, 0.0 ], [ 103.685747716953983, 16.118241440262985, 0.0 ], [ 103.685746100416168, 16.118240375628393, 0.0 ], [ 103.685744523257185, 16.118239257162369, 0.0 ], [ 103.685742987394548, 16.118238086224743, 0.0 ], [ 103.68574149469552, 16.11823686423913, 0.0 ], [ 103.685740046974914, 16.118235592691203, 0.0 ], [ 103.68573864599287, 16.118234273126905, 0.0 ], [ 103.685737293452689, 16.118232907150556, 0.0 ], [ 103.685735990998779, 16.118231496422883, 0.0 ], [ 103.685734740214627, 16.118230042659054, 0.0 ], [ 103.685733542620952, 16.118228547626543, 0.0 ], [ 103.685732399673768, 16.118227013142988, 0.0 ], [ 103.685731312762655, 16.118225441074006, 0.0 ], [ 103.685730283209082, 16.118223833330905, 0.0 ], [ 103.685729312264755, 16.118222191868373, 0.0 ], [ 103.685728401110154, 16.118220518682072, 0.0 ], [ 103.685727550853031, 16.118218815806259, 0.0 ], [ 103.685726762527139, 16.118217085311279, 0.0 ], [ 103.685726037090916, 16.118215329301034, 0.0 ], [ 103.685725375426316, 16.118213549910493, 0.0 ], [ 103.685724778337814, 16.118211749303008, 0.0 ], [ 103.685724246551317, 16.118209929667739, 0.0 ], [ 103.685723780713388, 16.118208093216992, 0.0 ], [ 103.685723381390375, 16.118206242183504, 0.0 ], [ 103.685723049067761, 16.118204378817744, 0.0 ], [ 103.68572278414959, 16.118202505385188, 0.0 ], [ 103.685722586957951, 16.118200624163528, 0.0 ], [ 103.685722457732567, 16.118198737439929, 0.0 ], [ 103.685722396630581, 16.118196847508266, 0.0 ] ] } },
{ "type": "Feature", "properties": { }, "geometry": { "type": "LineString", "coordinates": [ [ 103.686029556993816, 16.118948735167415, 0.0 ], [ 103.686008676416677, 16.118928453728007, 0.0 ], [ 103.686001967928604, 16.118922151491276, 0.0 ], [ 103.685995045770781, 16.118916069001948, 0.0 ], [ 103.685987917642422, 16.118910213025273, 0.0 ], [ 103.685980591471832, 16.118904590074585, 0.0 ], [ 103.68597307540756, 16.118899206404013, 0.0 ], [ 103.685965377809367, 16.118894068001548, 0.0 ], [ 103.685957507238953, 16.118889180582386, 0.0 ], [ 103.685949472450375, 16.118884549582571, 0.0 ], [ 103.685941282380355, 16.118880180152924, 0.0 ], [ 103.685932946138294, 16.118876077153356, 0.0 ], [ 103.685924472996248, 16.118872245147426, 0.0 ], [ 103.685915872378445, 16.118868688397288, 0.0 ], [ 103.685907153850962, 16.118865410858938, 0.0 ], [ 103.685898327110976, 16.118862416177816, 0.0 ], [ 103.685697274969129, 16.118797823710867, 0.0 ], [ 103.685694504293039, 16.118796881351095, 0.0 ], [ 103.685691769326851, 16.118795846093604, 0.0 ], [ 103.685689073402713, 16.118794719199716, 0.0 ], [ 103.68568641980518, 16.118793502042379, 0.0 ], [ 103.685683811767277, 16.118792196104501, 0.0 ], [ 103.685681252466466, 16.118790802977177, 0.0 ], [ 103.685678745020894, 16.11878932435771, 0.0 ], [ 103.685676292485496, 16.118787762047585, 0.0 ], [ 103.685673897848289, 16.11878611795024, 0.0 ], [ 103.685671564026791, 16.118784394068733, 0.0 ], [ 103.685669293864379, 16.118782592503372, 0.0 ], [ 103.685667090126941, 16.118780715449095, 0.0 ], [ 103.685664955499348, 16.118778765192776, 0.0 ], [ 103.685662892582329, 16.118776744110534, 0.0 ], [ 103.685660903889229, 16.118774654664726, 0.0 ], [ 103.685658991842985, 16.11877249940104, 0.0 ], [ 103.685657158773083, 16.118770280945327, 0.0 ], [ 103.6856554069129, 16.118768002000429, 0.0 ], [ 103.685653738396752, 16.118765665342913, 0.0 ], [ 103.685652155257486, 16.118763273819603, 0.0 ], [ 103.685650659423914, 16.118760830344236, 0.0 ], [ 103.685649252718463, 16.118758337893791, 0.0 ], [ 103.685647936855005, 16.11875579950495, 0.0 ], [ 103.685646713436711, 16.118753218270349, 0.0 ], [ 103.685645583954098, 16.118750597334817, 0.0 ], [ 103.685644549783291, 16.118747939891563, 0.0 ], [ 103.685643612184265, 16.118745249178289, 0.0 ], [ 103.685642772299303, 16.118742528473188, 0.0 ], [ 103.685642031151716, 16.118739781091048, 0.0 ], [ 103.685641389644445, 16.118737010379114, 0.0 ], [ 103.685640848559075, 16.118734219713076, 0.0 ], [ 103.685640408554832, 16.118731412492945, 0.0 ], [ 103.685640070167779, 16.118728592138865, 0.0 ], [ 103.685639833810185, 16.118725762087024, 0.0 ], [ 103.685639699770022, 16.118722925785381, 0.0 ], [ 103.685639668210598, 16.118720086689546, 0.0 ], [ 103.685639739170341, 16.118717248258534, 0.0 ], [ 103.685639912562792, 16.118714413950507, 0.0 ], [ 103.68564018817672, 16.118711587218645, 0.0 ], [ 103.685640565676295, 16.118708771506892, 0.0 ], [ 103.68564104460161, 16.118705970245749, 0.0 ], [ 103.685641624369154, 16.118703186848126, 0.0 ], [ 103.685642304272577, 16.118700424705157, 0.0 ], [ 103.685643083483498, 16.118697687182085, 0.0 ], [ 103.685643961052591, 16.118694977614162, 0.0 ], [ 103.685767604697588, 16.118335352949234, 0.0 ], [ 103.685767894515706, 16.118334458643186, 0.0 ], [ 103.685768152189382, 16.11833355518959, 0.0 ], [ 103.685768377410781, 16.118332643667728, 0.0 ], [ 103.685768569910877, 16.118331725166545, 0.0 ], [ 103.685768729459696, 16.118330800783284, 0.0 ], [ 103.685768855866598, 16.118329871622251, 0.0 ], [ 103.685768948980623, 16.118328938793436, 0.0 ], [ 103.685769008690528, 16.118328003411225, 0.0 ], [ 103.685769034924945, 16.118327066593046, 0.0 ], [ 103.685769027652583, 16.118326129458048, 0.0 ], [ 103.685768986882096, 16.118325193125756, 0.0 ], [ 103.685768912662198, 16.118324258714733, 0.0 ], [ 103.685768805081565, 16.118323327341255, 0.0 ], [ 103.685768664268721, 16.118322400117961, 0.0 ], [ 103.685768490391851, 16.118321478152527, 0.0 ], [ 103.685768283658703, 16.118320562546369, 0.0 ], [ 103.685768044316248, 16.118319654393286, 0.0 ], [ 103.685767772650379, 16.118318754778176, 0.0 ], [ 103.685767468985688, 16.118317864775754, 0.0 ], [ 103.685767133684891, 16.118316985449233, 0.0 ], [ 103.685766767148564, 16.118316117849073, 0.0 ], [ 103.685766369814601, 16.118315263011738, 0.0 ], [ 103.68576594215763, 16.118314421958427, 0.0 ], [ 103.685765484688574, 16.118313595693898, 0.0 ], [ 103.68576499795391, 16.118312785205212, 0.0 ], [ 103.68576448253512, 16.118311991460615, 0.0 ], [ 103.685763939047945, 16.118311215408319, 0.0 ], [ 103.685763368141622, 16.118310457975433, 0.0 ], [ 103.685762770498201, 16.11830972006678, 0.0 ], [ 103.685762146831621, 16.118309002563908, 0.0 ], [ 103.685761497886929, 16.118308306323939, 0.0 ], [ 103.685760824439384, 16.118307632178645, 0.0 ], [ 103.685760127293491, 16.118306980933358, 0.0 ], [ 103.685759407282077, 16.11830635336608, 0.0 ], [ 103.685758665265297, 16.118305750226515, 0.0 ], [ 103.685757902129581, 16.118305172235186, 0.0 ], [ 103.685757118786583, 16.118304620082586, 0.0 ], [ 103.685756316172103, 16.118304094428318, 0.0 ], [ 103.685755495244976, 16.11830359590035, 0.0 ], [ 103.685754656985893, 16.118303125094229, 0.0 ], [ 103.685753802396249, 16.118302682572402, 0.0 ], [ 103.685752932496982, 16.118302268863498, 0.0 ], [ 103.685752048327274, 16.118301884461765, 0.0 ], [ 103.685751150943375, 16.118301529826404, 0.0 ], [ 103.685750241417352, 16.118301205381069, 0.0 ], [ 103.685749320835711, 16.118300911513362, 0.0 ], [ 103.68570236553434, 16.118286787603921, 0.0 ], [ 103.685700520107275, 16.118286198427267, 0.0 ], [ 103.685698696899692, 16.118285547811862, 0.0 ], [ 103.685696898099806, 16.118284836538546, 0.0 ], [ 103.685695125866516, 16.118284065461012, 0.0 ], [ 103.685693382326889, 16.118283235504695, 0.0 ], [ 103.685691669573472, 16.118282347665708, 0.0 ], [ 103.685689989661938, 16.118281403009632, 0.0 ], [ 103.685688344608479, 16.118280402670241, 0.0 ], [ 103.685686736387524, 16.118279347848148, 0.0 ], [ 103.685685166929218, 16.118278239809328, 0.0 ], [ 103.685683638117254, 16.118277079883661, 0.0 ], [ 103.685682151786494, 16.118275869463297, 0.0 ], [ 103.685680709720813, 16.118274610000963, 0.0 ], [ 103.685679313650979, 16.118273303008266, 0.0 ], [ 103.685677965252566, 16.118271950053856, 0.0 ], [ 103.685676666143905, 16.11827055276154, 0.0 ], [ 103.685675417884184, 16.118269112808356, 0.0 ], [ 103.685674221971567, 16.118267631922528, 0.0 ], [ 103.685673079841365, 16.118266111881404, 0.0 ], [ 103.685671992864386, 16.118264554509341, 0.0 ], [ 103.685670962345185, 16.118262961675487, 0.0 ], [ 103.685669989520591, 16.118261335291564, 0.0 ], [ 103.685669075558224, 16.118259677309549, 0.0 ], [ 103.685668221554963, 16.118257989719339, 0.0 ], [ 103.685667428535822, 16.11825627454639, 0.0 ], [ 103.685666697452533, 16.118254533849235, 0.0 ], [ 103.685666029182585, 16.118252769717063, 0.0 ], [ 103.685665424528011, 16.118250984267178, 0.0 ], [ 103.685664884214503, 16.118249179642469, 0.0 ], [ 103.68566440889056, 16.118247358008837, 0.0 ], [ 103.685663999126646, 16.118245521552609, 0.0 ], [ 103.685663655414572, 16.118243672477888, 0.0 ], [ 103.685663378166865, 16.11824181300393, 0.0 ], [ 103.685663167716243, 16.118239945362468, 0.0 ], [ 103.685663024315318, 16.118238071795048, 0.0 ], [ 103.685662948136184, 16.118236194550303, 0.0 ], [ 103.685662755354699, 16.118227680585662, 0.0 ] ] } },
{ "type": "Feature", "properties": { }, "geometry": { "type": "LineString", "coordinates": [ [ 103.677386899199107, 16.116939780416214, 0.0 ], [ 103.677380604654246, 16.116984673230832, 0.0 ], [ 103.67738018562838, 16.116988110194601, 0.0 ], [ 103.677379890602438, 16.116991559174, 0.0 ], [ 103.677379719933882, 16.116995015989811, 0.0 ], [ 103.677379673829563, 16.11699847645335, 0.0 ], [ 103.677379752345303, 16.117001936371487, 0.0 ], [ 103.677379955386002, 16.117005391551768, 0.0 ], [ 103.677380282705641, 16.117008837807454, 0.0 ], [ 103.677380733907583, 16.117012270962672, 0.0 ], [ 103.677381308445121, 16.117015686857364, 0.0 ], [ 103.67738200562205, 16.117019081352421, 0.0 ], [ 103.677382824593636, 16.117022450334652, 0.0 ], [ 103.677383764367505, 16.117025789721801, 0.0 ], [ 103.677384823804914, 16.117029095467448, 0.0 ], [ 103.677386001622111, 16.117032363565933, 0.0 ], [ 103.677387296391927, 16.117035590057238, 0.0 ], [ 103.677388706545443, 16.117038771031751, 0.0 ], [ 103.677390230374002, 16.117041902635009, 0.0 ], [ 103.677391866031101, 16.117044981072375, 0.0 ], [ 103.677393611534796, 16.117048002613625, 0.0 ], [ 103.677395464770029, 16.11705096359751, 0.0 ], [ 103.6773974234912, 16.117053860436119, 0.0 ], [ 103.677399485324884, 16.117056689619286, 0.0 ], [ 103.677401647772712, 16.117059447718841, 0.0 ], [ 103.677403908214401, 16.117062131392707, 0.0 ], [ 103.67740626391091, 16.117064737389022, 0.0 ], [ 103.677408712007804, 16.117067262550041, 0.0 ], [ 103.677411249538679, 16.117069703815964, 0.0 ], [ 103.677413873428733, 16.117072058228654, 0.0 ], [ 103.677416580498544, 16.117074322935213, 0.0 ], [ 103.67741936746792, 16.117076495191451, 0.0 ], [ 103.677422230959777, 16.11707857236517, 0.0 ], [ 103.677425167504396, 16.117080551939424, 0.0 ], [ 103.67742817354349, 16.117082431515517, 0.0 ], [ 103.677431245434576, 16.117084208815911, 0.0 ], [ 103.677434379455349, 16.117085881687018, 0.0 ], [ 103.677437571808255, 16.117087448101778, 0.0 ], [ 103.677440818625058, 16.117088906162127, 0.0 ], [ 103.677444115971511, 16.117090254101299, 0.0 ], [ 103.677447459852104, 16.117091490285954, 0.0 ], [ 103.677450846215038, 16.117092613218194, 0.0 ], [ 103.677454270956929, 16.117093621537329, 0.0 ], [ 103.677457729927951, 16.117094514021534, 0.0 ], [ 103.677461218936784, 16.1170952895894, 0.0 ], [ 103.677464733755727, 16.117095947301117, 0.0 ], [ 103.677662663429018, 16.117129096625497, 0.0 ] ] } },
{ "type": "Feature", "properties": { }, "geometry": { "type": "LineString", "coordinates": [ [ 103.677442239033667, 16.116948846391121, 0.0 ], [ 103.677436194424601, 16.116991956743146, 0.0 ], [ 103.677436003958718, 16.11699351899949, 0.0 ], [ 103.677435869856453, 16.116995086717459, 0.0 ], [ 103.677435792280278, 16.116996657997429, 0.0 ], [ 103.677435771324198, 16.11699823093544, 0.0 ], [ 103.677435807013623, 16.116999803625525, 0.0 ], [ 103.677435899305294, 16.117001374162022, 0.0 ], [ 103.677436048087387, 16.117002940641878, 0.0 ], [ 103.677436253179621, 16.117004501166953, 0.0 ], [ 103.677436514333465, 16.117006053846328, 0.0 ], [ 103.677436831232512, 16.117007596798572, 0.0 ], [ 103.67743720349273, 16.117009128154073, 0.0 ], [ 103.677437630663064, 16.117010646057246, 0.0 ], [ 103.677438112225914, 16.11701214866881, 0.0 ], [ 103.677438647597725, 16.117013634168018, 0.0 ], [ 103.6774392361298, 16.117015100754859, 0.0 ], [ 103.677439877109023, 16.117016546652231, 0.0 ], [ 103.677440569758659, 16.117017970108115, 0.0 ], [ 103.677441313239441, 16.117019369397678, 0.0 ], [ 103.677442106650489, 16.11702074282536, 0.0 ], [ 103.677442949030365, 16.117022088726955, 0.0 ], [ 103.677443839358389, 16.117023405471599, 0.0 ], [ 103.677444776555689, 16.117024691463762, 0.0 ], [ 103.677445759486673, 16.11702594514518, 0.0 ], [ 103.677446786960303, 16.117027164996735, 0.0 ], [ 103.677447857731522, 16.117028349540316, 0.0 ], [ 103.677448970502908, 16.117029497340571, 0.0 ], [ 103.677450123926064, 16.11703060700669, 0.0 ], [ 103.677451316603367, 16.117031677194063, 0.0 ], [ 103.677452547089615, 16.117032706605929, 0.0 ], [ 103.677453813893806, 16.117033693994912, 0.0 ], [ 103.677455115480925, 16.117034638164576, 0.0 ], [ 103.677456450273823, 16.117035537970843, 0.0 ], [ 103.677457816655064, 16.117036392323406, 0.0 ], [ 103.677459212969012, 16.117037200187024, 0.0 ], [ 103.677460637523708, 16.117037960582785, 0.0 ], [ 103.677462088592975, 16.117038672589306, 0.0 ], [ 103.677463564418545, 16.117039335343822, 0.0 ], [ 103.677465063212097, 16.117039948043278, 0.0 ], [ 103.677466583157525, 16.11704050994523, 0.0 ], [ 103.67746812241306, 16.117041020368816, 0.0 ], [ 103.677469679113585, 16.117041478695555, 0.0 ], [ 103.677471251372779, 16.11704188437006, 0.0 ], [ 103.677472837285492, 16.11704223690078, 0.0 ], [ 103.677474434930062, 16.117042535860552, 0.0 ], [ 103.677636060394775, 16.117069967842255, 0.0 ] ] } },
{ "type": "Feature", "properties": { }, "geometry": { "type": "LineString", "coordinates": [ [ 103.677484757687111, 16.116706470964676, 0.0 ], [ 103.677487278570766, 16.116689551439165, 0.0 ], [ 103.677487727039477, 16.116686119208556, 0.0 ], [ 103.67748805170578, 16.116682673972779, 0.0 ], [ 103.67748825217663, 16.116679219903489, 0.0 ], [ 103.677488328209236, 16.116675761183043, 0.0 ], [ 103.677488279711568, 16.116672301999419, 0.0 ], [ 103.677488106742345, 16.116668846541167, 0.0 ], [ 103.677487809511007, 16.116665398992307, 0.0 ], [ 103.6774873883775, 16.116661963527317, 0.0 ], [ 103.677486843851696, 16.116658544306009, 0.0 ], [ 103.677486176592993, 16.116655145468538, 0.0 ], [ 103.67748538740932, 16.116651771130382, 0.0 ], [ 103.677484477256272, 16.116648425377342, 0.0 ], [ 103.677483447235915, 16.116645112260624, 0.0 ], [ 103.677482298595436, 16.116641835791903, 0.0 ], [ 103.67748103272568, 16.116638599938472, 0.0 ], [ 103.677479651159445, 16.116635408618482, 0.0 ], [ 103.677478155569574, 16.116632265696104, 0.0 ], [ 103.677476547767, 16.116629174976943, 0.0 ], [ 103.677474829698568, 16.116626140203401, 0.0 ], [ 103.677473003444575, 16.116623165050108, 0.0 ], [ 103.677471071216331, 16.116620253119528, 0.0 ], [ 103.677469035353496, 16.116617407937568, 0.0 ], [ 103.677466898321171, 16.116614632949283, 0.0 ], [ 103.67746466270701, 16.116611931514786, 0.0 ], [ 103.677462331217967, 16.11660930690509, 0.0 ], [ 103.677459906677143, 16.116606762298183, 0.0 ], [ 103.677457392020287, 16.116604300775204, 0.0 ], [ 103.677454790292259, 16.116601925316683, 0.0 ], [ 103.677452104643351, 16.116599638798931, 0.0 ], [ 103.677449338325488, 16.116597443990564, 0.0 ], [ 103.677446494688255, 16.116595343549168, 0.0 ], [ 103.677443577174856, 16.116593340018053, 0.0 ], [ 103.677440589317953, 16.116591435823171, 0.0 ], [ 103.677437534735404, 16.116589633270227, 0.0 ], [ 103.677434417125809, 16.116587934541833, 0.0 ], [ 103.677431240264127, 16.116586341694884, 0.0 ], [ 103.677428007997079, 16.116584856658061, 0.0 ], [ 103.677424724238406, 16.11658348122954, 0.0 ], [ 103.677421392964249, 16.116582217074725, 0.0 ], [ 103.677418018208257, 16.116581065724333, 0.0 ], [ 103.677414604056764, 16.116580028572461, 0.0 ], [ 103.677411154643764, 16.116579106874951, 0.0 ], [ 103.677407674145982, 16.116578301747808, 0.0 ], [ 103.677404166777762, 16.116577614165951, 0.0 ], [ 103.677400636785947, 16.116577044961922, 0.0 ], [ 103.677261320402579, 16.116556736852957, 0.0 ] ] } },
{ "type": "Feature", "properties": { }, "geometry": { "type": "LineString", "coordinates": [ [ 103.677429431277034, 16.116697407194309, 0.0 ], [ 103.677431753534449, 16.116681820825882, 0.0 ], [ 103.677431957384286, 16.116680260721139, 0.0 ], [ 103.677432104960317, 16.116678694704955, 0.0 ], [ 103.677432196083856, 16.116677124673519, 0.0 ], [ 103.67743223064457, 16.116675552527902, 0.0 ], [ 103.677432208600621, 16.116673980171736, 0.0 ], [ 103.677432129978683, 16.116672409508904, 0.0 ], [ 103.67743199487397, 16.116670842441234, 0.0 ], [ 103.677431803450091, 16.116669280866226, 0.0 ], [ 103.67743155593881, 16.116667726674688, 0.0 ], [ 103.677431252639806, 16.116666181748521, 0.0 ], [ 103.677430893920373, 16.116664647958391, 0.0 ], [ 103.677430480214838, 16.116663127161477, 0.0 ], [ 103.677430012024161, 16.116661621199253, 0.0 ], [ 103.677429489915227, 16.116660131895184, 0.0 ], [ 103.677428914520235, 16.116658661052607, 0.0 ], [ 103.677428286535914, 16.116657210452473, 0.0 ], [ 103.677427606722659, 16.116655781851257, 0.0 ], [ 103.677426875903592, 16.116654376978765, 0.0 ], [ 103.677426094963664, 16.116652997536082, 0.0 ], [ 103.677425264848452, 16.116651645193517, 0.0 ], [ 103.677424386563104, 16.116650321588523, 0.0 ], [ 103.677423461171088, 16.11664902832381, 0.0 ], [ 103.677422489792932, 16.116647766965308, 0.0 ], [ 103.677421473604795, 16.116646539040346, 0.0 ], [ 103.677420413837154, 16.116645346035728, 0.0 ], [ 103.677419311773207, 16.116644189396023, 0.0 ], [ 103.677418168747408, 16.116643070521732, 0.0 ], [ 103.677416986143768, 16.116641990767643, 0.0 ], [ 103.677415765394244, 16.116640951441191, 0.0 ], [ 103.677414507976977, 16.116639953800803, 0.0 ], [ 103.677413215414518, 16.116638999054505, 0.0 ], [ 103.677411889271951, 16.116638088358339, 0.0 ], [ 103.677410531155033, 16.116637222814997, 0.0 ], [ 103.677409142708242, 16.116636403472555, 0.0 ], [ 103.677407725612781, 16.116635631323085, 0.0 ], [ 103.67740628158451, 16.116634907301549, 0.0 ], [ 103.677404812371961, 16.116634232284635, 0.0 ], [ 103.677403319754106, 16.116633607089668, 0.0 ], [ 103.677401805538281, 16.116633032473686, 0.0 ], [ 103.677400271557957, 16.116632509132437, 0.0 ], [ 103.677398719670578, 16.11663203769962, 0.0 ], [ 103.677397151755216, 16.116631618746059, 0.0 ], [ 103.677395569710384, 16.116631252779062, 0.0 ], [ 103.677393975451707, 16.116630940241741, 0.0 ], [ 103.677392370909573, 16.116630681512536, 0.0 ], [ 103.67727122013288, 16.116613234717136, 0.0 ] ] } },
{ "type": "Feature", "properties": { }, "geometry": { "type": "LineString", "coordinates": [ [ 103.648101117654832, 16.108478070856744, 0.0 ], [ 103.648101117832326, 16.108478070655533, 0.0 ], [ 103.648233994069514, 16.10828324752427, 0.0 ], [ 103.648235598207094, 16.108280173742216, 0.0 ], [ 103.648237092255371, 16.108277048540486, 0.0 ], [ 103.648238474453464, 16.108273875602549, 0.0 ], [ 103.648239743172255, 16.108270658668133, 0.0 ], [ 103.648240896916391, 16.108267401528821, 0.0 ], [ 103.648241934326037, 16.108264108023562, 0.0 ], [ 103.648242854178463, 16.108260782034222, 0.0 ], [ 103.648243655389535, 16.108257427480893, 0.0 ], [ 103.64824433701493, 16.108254048317367, 0.0 ], [ 103.648244898251235, 16.108250648526429, 0.0 ], [ 103.648245338436979, 16.10824723211519, 0.0 ], [ 103.648245657053366, 16.108243803110334, 0.0 ], [ 103.648245853724859, 16.108240365553399, 0.0 ], [ 103.648245928219652, 16.108236923495987, 0.0 ], [ 103.648245880449963, 16.108233480995036, 0.0 ], [ 103.648245710472096, 16.108230042107973, 0.0 ], [ 103.648245418486397, 16.108226610887979, 0.0 ], [ 103.648245004837023, 16.108223191379206, 0.0 ], [ 103.648244470011505, 16.108219787611979, 0.0 ], [ 103.648243814640239, 16.108216403598103, 0.0 ], [ 103.648243039495654, 16.108213043326071, 0.0 ], [ 103.648242145491352, 16.108209710756402, 0.0 ], [ 103.648241133681054, 16.108206409816976, 0.0 ], [ 103.64824000525735, 16.108203144398377, 0.0 ], [ 103.648238761550175, 16.108199918349339, 0.0 ], [ 103.648237404025451, 16.108196735472163, 0.0 ], [ 103.648235934283207, 16.108193599518302, 0.0 ], [ 103.648234354055703, 16.108190514183882, 0.0 ], [ 103.648232665205484, 16.108187483105375, 0.0 ], [ 103.648230869723051, 16.108184509855302, 0.0 ], [ 103.648228969724627, 16.108181597938028, 0.0 ], [ 103.648226967449631, 16.108178750785633, 0.0 ], [ 103.648224865258015, 16.108175971753855, 0.0 ], [ 103.648222665627458, 16.108173264118129, 0.0 ], [ 103.648220371150543, 16.108170631069779, 0.0 ], [ 103.648217984531613, 16.108168075712186, 0.0 ], [ 103.64821550858359, 16.108165601057181, 0.0 ], [ 103.648212946224731, 16.108163210021448, 0.0 ], [ 103.6482103004751, 16.108160905423151, 0.0 ], [ 103.648207574453053, 16.108158689978556, 0.0 ], [ 103.648204771371596, 16.108156566298849, 0.0 ], [ 103.648201894534495, 16.108154536887056, 0.0 ], [ 103.648166100927725, 16.108132242624396, 0.0 ] ] } },
{ "type": "Feature", "properties": { }, "geometry": { "type": "LineString", "coordinates": [ [ 103.639119069587508, 16.101720967130042, 0.0 ], [ 103.646463932959961, 16.106402844343293, 0.0 ], [ 103.646476323291026, 16.106411035755599, 0.0 ], [ 103.646488420173341, 16.106419627305705, 0.0 ], [ 103.6465002097857, 16.106428609177481, 0.0 ], [ 103.64651167865803, 16.1064379711088, 0.0 ], [ 103.646522813686644, 16.106447702403326, 0.0 ], [ 103.646533602149333, 16.106457791942702, 0.0 ], [ 103.646544031719813, 16.106468228199255, 0.0 ], [ 103.646554090481843, 16.106478999249187, 0.0 ], [ 103.646563766942876, 16.106490092786164, 0.0 ], [ 103.646573050047081, 16.106501496135419, 0.0 ], [ 103.64658192918813, 16.106513196268189, 0.0 ], [ 103.646590394221164, 16.106525179816636, 0.0 ], [ 103.646598435474502, 16.106537433089109, 0.0 ], [ 103.646606043760613, 16.106549942085763, 0.0 ], [ 103.646613210386633, 16.106562692514597, 0.0 ], [ 103.646619927164366, 16.106575669807757, 0.0 ], [ 103.64662618641951, 16.106588859138164, 0.0 ], [ 103.64663198100051, 16.106602245436509, 0.0 ], [ 103.64663730428677, 16.106615813408407, 0.0 ], [ 103.646642150196115, 16.106629547551929, 0.0 ], [ 103.646646513191783, 16.106643432175247, 0.0 ], [ 103.646650388288776, 16.106657451414637, 0.0 ], [ 103.646653771059562, 16.106671589252549, 0.0 ], [ 103.646656657639028, 16.106685829535923, 0.0 ], [ 103.646659044729077, 16.106700155994655, 0.0 ], [ 103.646714204638741, 16.107071025441861, 0.0 ], [ 103.646716217111148, 16.107083087334509, 0.0 ], [ 103.646718655352686, 16.107095075591428, 0.0 ], [ 103.646721516507654, 16.107106976171398, 0.0 ], [ 103.646724797225033, 16.10711877513592, 0.0 ], [ 103.646728493662366, 16.107130458665502, 0.0 ], [ 103.646732601490271, 16.10714201307584, 0.0 ], [ 103.646737115897551, 16.107153424833868, 0.0 ], [ 103.646742031596816, 16.107164680573611, 0.0 ], [ 103.646747342830579, 16.107175767111791, 0.0 ], [ 103.646753043378183, 16.107186671463349, 0.0 ], [ 103.646759126562927, 16.107197380856572, 0.0 ], [ 103.646765585259956, 16.107207882748099, 0.0 ], [ 103.646772411904593, 16.107218164837629, 0.0 ], [ 103.646779598501212, 16.107228215082269, 0.0 ], [ 103.646787136632568, 16.107238021710682, 0.0 ], [ 103.646795017469685, 16.107247573236872, 0.0 ], [ 103.646803231782201, 16.107256858473619, 0.0 ], [ 103.646811769949181, 16.107265866545585, 0.0 ], [ 103.646820621970306, 16.107274586902101, 0.0 ], [ 103.646829777477706, 16.107283009329421, 0.0 ], [ 103.646839225748067, 16.107291123962803, 0.0 ], [ 103.646848955715129, 16.107298921297957, 0.0 ], [ 103.646858955982694, 16.107306392202275, 0.0 ], [ 103.646869214837977, 16.107313527925456, 0.0 ], [ 103.646879720265332, 16.107320320109761, 0.0 ], [ 103.647425224566149, 16.107660095218698, 0.0 ], [ 103.649478151294048, 16.108938767758119, 0.0 ] ] } },
{ "type": "Feature", "properties": { }, "geometry": { "type": "LineString", "coordinates": [ [ 103.639149858770097, 16.101675638533941, 0.0 ], [ 103.646494721370672, 16.10635751463504, 0.0 ], [ 103.646507111700501, 16.106365706045462, 0.0 ], [ 103.646519208581694, 16.106374297593756, 0.0 ], [ 103.646530998193072, 16.106383279463763, 0.0 ], [ 103.646542467064549, 16.106392641393384, 0.0 ], [ 103.646553602092453, 16.106402372686269, 0.0 ], [ 103.646564390554545, 16.106412462224053, 0.0 ], [ 103.646574820124599, 16.106422898479092, 0.0 ], [ 103.646584878886316, 16.106433669527561, 0.0 ], [ 103.646594555347164, 16.106444763063163, 0.0 ], [ 103.646603838451369, 16.106456166411096, 0.0 ], [ 103.646612717592518, 16.106467866542623, 0.0 ], [ 103.646621182625807, 16.10647985008989, 0.0 ], [ 103.646629223879529, 16.106492103361255, 0.0 ], [ 103.646636832166152, 16.106504612356886, 0.0 ], [ 103.64664399879284, 16.106517362784768, 0.0 ], [ 103.646650715571369, 16.106530340077036, 0.0 ], [ 103.646656974827437, 16.106543529406647, 0.0 ], [ 103.646662769409517, 16.106556915704271, 0.0 ], [ 103.646668092696984, 16.106570483675529, 0.0 ], [ 103.646672938607651, 16.106584217818479, 0.0 ], [ 103.646677301604782, 16.106598102441321, 0.0 ], [ 103.646681176703353, 16.10661212168031, 0.0 ], [ 103.646684559475844, 16.106626259517899, 0.0 ], [ 103.646687446057172, 16.106640499801028, 0.0 ], [ 103.646689833149182, 16.106654826259604, 0.0 ], [ 103.646744993111085, 16.107025695703793, 0.0 ], [ 103.646747005585127, 16.107037757596306, 0.0 ], [ 103.646749443828213, 16.107049745853022, 0.0 ], [ 103.646752304984616, 16.107061646432722, 0.0 ], [ 103.646755585703346, 16.107073445396907, 0.0 ], [ 103.646759282141886, 16.107085128926069, 0.0 ], [ 103.646763389970914, 16.107096683335929, 0.0 ], [ 103.646767904379203, 16.10710809509342, 0.0 ], [ 103.646772820079335, 16.107119350832537, 0.0 ], [ 103.64677813131388, 16.107130437370042, 0.0 ], [ 103.646783831862138, 16.107141341720844, 0.0 ], [ 103.646789915047421, 16.107152051113253, 0.0 ], [ 103.646796373744877, 16.107162553003917, 0.0 ], [ 103.646803200389826, 16.107172835092499, 0.0 ], [ 103.646810386986616, 16.10718288533614, 0.0 ], [ 103.646817925118057, 16.107192691963487, 0.0 ], [ 103.646825805955132, 16.107202243488555, 0.0 ], [ 103.646834020267491, 16.107211528724122, 0.0 ], [ 103.646842558434173, 16.10722053679487, 0.0 ], [ 103.6468514104549, 16.107229257150077, 0.0 ], [ 103.646860565961802, 16.107237679576059, 0.0 ], [ 103.646870014231524, 16.107245794208037, 0.0 ], [ 103.646879744197832, 16.107253591541753, 0.0 ], [ 103.646889744464531, 16.107261062444572, 0.0 ], [ 103.646900003318848, 16.107268198166203, 0.0 ], [ 103.646910508745108, 16.107274990348923, 0.0 ], [ 103.647456012987163, 16.107614765375143, 0.0 ], [ 103.649508939493856, 16.10889343760326, 0.0 ] ] } },
{ "type": "Feature", "properties": { }, "geometry": { "type": "LineString", "coordinates": [ [ 103.648101117832326, 16.108478070655529, 0.0 ], [ 103.648101117680596, 16.108478070877986, 0.0 ], [ 103.648099458460024, 16.108480413609314, 0.0 ], [ 103.648097715674893, 16.108482698934964, 0.0 ], [ 103.648095891448506, 16.108484924070616, 0.0 ], [ 103.64809398800341, 16.108487086305267, 0.0 ], [ 103.648092007658676, 16.108489183004586, 0.0 ], [ 103.648089952827021, 16.108491211614059, 0.0 ], [ 103.648087826011974, 16.108493169662129, 0.0 ], [ 103.648085629804683, 16.108495054763214, 0.0 ], [ 103.64808336688094, 16.108496864620623, 0.0 ], [ 103.648081039997734, 16.108498597029303, 0.0 ], [ 103.648078651990048, 16.108500249878581, 0.0 ], [ 103.648076205767268, 16.108501821154722, 0.0 ], [ 103.64807370430978, 16.108503308943366, 0.0 ], [ 103.648071150665189, 16.108504711431856, 0.0 ], [ 103.648068547944732, 16.108506026911499, 0.0 ], [ 103.648065899319448, 16.108507253779553, 0.0 ], [ 103.648063208016254, 16.108508390541289, 0.0 ], [ 103.648060477314118, 16.108509435811733, 0.0 ], [ 103.648057710539945, 16.108510388317381, 0.0 ], [ 103.648054911064648, 16.108511246897741, 0.0 ], [ 103.648052082298989, 16.108512010506789, 0.0 ], [ 103.648049227689341, 16.108512678214151, 0.0 ], [ 103.648046350713628, 16.108513249206354, 0.0 ], [ 103.648043454877012, 16.108513722787723, 0.0 ], [ 103.648040543707623, 16.108514098381264, 0.0 ], [ 103.648037620752262, 16.108514375529388, 0.0 ], [ 103.648034689572128, 16.108514553894434, 0.0 ], [ 103.648031753738422, 16.108514633259066, 0.0 ], [ 103.648028816827988, 16.108514613526619, 0.0 ], [ 103.648025882419006, 16.108514494721121, 0.0 ], [ 103.648022954086599, 16.108514276987314, 0.0 ], [ 103.648020035398531, 16.108513960590496, 0.0 ], [ 103.648017129910741, 16.108513545916122, 0.0 ], [ 103.648014241163111, 16.108513033469425, 0.0 ], [ 103.648011372675185, 16.108512423874746, 0.0 ], [ 103.648008527941755, 16.108511717874762, 0.0 ], [ 103.648005710428677, 16.108510916329649, 0.0 ], [ 103.648002923568683, 16.108510020215959, 0.0 ], [ 103.648000170757129, 16.108509030625481, 0.0 ], [ 103.647997455347905, 16.108507948763858, 0.0 ], [ 103.647994780649299, 16.108506775949195, 0.0 ], [ 103.647992149920029, 16.108505513610371, 0.0 ], [ 103.64798956636524, 16.108504163285364, 0.0 ], [ 103.647987033132608, 16.108502726619339, 0.0 ], [ 103.64798455330849, 16.108501205362646, 0.0 ], [ 103.647690865907393, 16.108314012292496, 0.0 ] ] } },
{ "type": "Feature", "properties": { }, "geometry": { "type": "LineString", "coordinates": [ [ 103.647659988078019, 16.108359285219564, 0.0 ], [ 103.648080154279299, 16.108627094276134, 0.0 ] ] } },
{ "type": "Feature", "properties": { }, "geometry": { "type": "LineString", "coordinates": [ [ 103.647569327118049, 16.108377278254469, 0.0 ], [ 103.647572674765286, 16.108372807364827, 0.0 ], [ 103.647576412753779, 16.108368635543435, 0.0 ], [ 103.647580512635145, 16.108364794540357, 0.0 ], [ 103.647584943206851, 16.108361313587928, 0.0 ], [ 103.647589670749568, 16.108358219178275, 0.0 ], [ 103.647594659283854, 16.108355534861719, 0.0 ], [ 103.647599870843976, 16.108353281067494, 0.0 ], [ 103.647605265766842, 16.108351474948336, 0.0 ], [ 103.647610802993881, 16.108350130249892, 0.0 ], [ 103.647616440383473, 16.108349257206129, 0.0 ], [ 103.647622135031739, 16.108348862461416, 0.0 ], [ 103.647627843598983, 16.108348949020016, 0.0 ], [ 103.647633522639623, 16.108349516223157, 0.0 ], [ 103.647639128932752, 16.108350559754097, 0.0 ], [ 103.64764461981116, 16.108352071670939, 0.0 ], [ 103.647649953485939, 16.108354040467102, 0.0 ], [ 103.647655089364676, 16.108356451158865, 0.0 ], [ 103.647659988078019, 16.108359285219564, 0.0 ] ] } },
{ "type": "Feature", "properties": { }, "geometry": { "type": "LineString", "coordinates": [ [ 103.647137546664268, 16.109010342096415, 0.0 ], [ 103.647569327118049, 16.108377278254469, 0.0 ] ] } },
{ "type": "Feature", "properties": { }, "geometry": { "type": "LineString", "coordinates": [ [ 103.647137546664268, 16.109010342096415, 0.0 ], [ 103.647124873347749, 16.109027267574149, 0.0 ], [ 103.647110722306238, 16.10904306086039, 0.0 ], [ 103.647095201237647, 16.109057601758433, 0.0 ], [ 103.647078428266767, 16.109070779602963, 0.0 ], [ 103.647060531046179, 16.109082494102378, 0.0 ], [ 103.647041645784824, 16.109092656102021, 0.0 ], [ 103.647021916211287, 16.109101188262709, 0.0 ], [ 103.647001492479959, 16.109108025649377, 0.0 ], [ 103.646980530028273, 16.109113116225256, 0.0 ], [ 103.646959188393666, 16.109116421247883, 0.0 ], [ 103.646937629999456, 16.109117915563992, 0.0 ], [ 103.646916018918617, 16.109117587800959, 0.0 ], [ 103.646894519625135, 16.109115440453301, 0.0 ], [ 103.646873295742154, 16.109111489863732, 0.0 ], [ 103.646852508796798, 16.109105766098768, 0.0 ], [ 103.646832316990711, 16.109098312719905, 0.0 ], [ 103.646812873996183, 16.109089186452078, 0.0 ], [ 103.646794328683569, 16.109078457323765, 0.0 ] ] } },
{ "type": "Feature", "properties": { }, "geometry": { "type": "LineString", "coordinates": [ [ 103.641718136913795, 16.105842808384867, 0.0 ], [ 103.646794328683555, 16.109078457323768, 0.0 ] ] } },
{ "type": "Feature", "properties": { }, "geometry": { "type": "LineString", "coordinates": [ [ 103.641718136913795, 16.105842808384867, 0.0 ], [ 103.641700629195384, 16.105830556611345, 0.0 ], [ 103.641684292665332, 16.105816876330504, 0.0 ], [ 103.641669251654506, 16.105801871657821, 0.0 ], [ 103.64165562063404, 16.105785656788211, 0.0 ], [ 103.641643503344042, 16.10576835512688, 0.0 ], [ 103.641632992060082, 16.105750098458074, 0.0 ] ] } },
{ "type": "Feature", "properties": { }, "geometry": { "type": "LineString", "coordinates": [ [ 103.641240136890389, 16.104991686230488, 0.0 ], [ 103.641632992060082, 16.105750098458074, 0.0 ] ] } },
{ "type": "Feature", "properties": { }, "geometry": { "type": "LineString", "coordinates": [ [ 103.641110010782981, 16.104849997250209, 0.0 ], [ 103.641136767675533, 16.104868721722312, 0.0 ], [ 103.641161734650836, 16.104889629375723, 0.0 ], [ 103.641184721695211, 16.104912561091222, 0.0 ], [ 103.641205553863244, 16.104937342345277, 0.0 ], [ 103.641224072609134, 16.104963784538189, 0.0 ], [ 103.641240136890389, 16.104991686230488, 0.0 ] ] } },
{ "type": "Feature", "properties": { }, "geometry": { "type": "LineString", "coordinates": [ [ 103.638196888654235, 16.102993005948512, 0.0 ], [ 103.641110010782981, 16.104849997250209, 0.0 ] ] } },
{ "type": "Feature", "properties": { }, "geometry": { "type": "LineString", "coordinates": [ [ 103.641749015623503, 16.105797536404808, 0.0 ], [ 103.64682520686253, 16.109033184573061, 0.0 ] ] } },
{ "type": "Feature", "properties": { }, "geometry": { "type": "LineString", "coordinates": [ [ 103.641749015623503, 16.105797536404808, 0.0 ], [ 103.641735471917883, 16.1057880586199, 0.0 ], [ 103.641722834225106, 16.105777475763318, 0.0 ], [ 103.641711198725659, 16.105765868377162, 0.0 ], [ 103.641700653972691, 16.105753324800823, 0.0 ], [ 103.641691280218055, 16.105739940498637, 0.0 ], [ 103.641683148844749, 16.105725817416872, 0.0 ] ] } },
{ "type": "Feature", "properties": { }, "geometry": { "type": "LineString", "coordinates": [ [ 103.641290293517073, 16.10496740526893, 0.0 ], [ 103.641683148844749, 16.105725817416872, 0.0 ] ] } },
{ "type": "Feature", "properties": { }, "geometry": { "type": "LineString", "coordinates": [ [ 103.641140889456167, 16.104804725355912, 0.0 ], [ 103.641171610330375, 16.104826223818989, 0.0 ], [ 103.641200276116166, 16.104850228897586, 0.0 ], [ 103.641226668649765, 16.10487655789942, 0.0 ], [ 103.641250587067802, 16.104905010445737, 0.0 ], [ 103.641271849336192, 16.104935369996326, 0.0 ], [ 103.641290293517073, 16.10496740526893, 0.0 ] ] } },
{ "type": "Feature", "properties": { }, "geometry": { "type": "LineString", "coordinates": [ [ 103.647522495584539, 16.10834742792488, 0.0 ], [ 103.647528712644387, 16.108339124845479, 0.0 ], [ 103.647535654623198, 16.108331377178565, 0.0 ], [ 103.647543268688295, 16.108324243888497, 0.0 ], [ 103.647551496892078, 16.108317779263853, 0.0 ], [ 103.647560276612978, 16.108312032504266, 0.0 ], [ 103.647569541032084, 16.108307047345978, 0.0 ], [ 103.647579219641642, 16.108302861729012, 0.0 ], [ 103.64758923878172, 16.108299507508391, 0.0 ], [ 103.647599522200721, 16.108297010211743, 0.0 ], [ 103.647609991635733, 16.108295388844958, 0.0 ], [ 103.647620567408183, 16.10829465574761, 0.0 ], [ 103.647631169030191, 16.108294816499029, 0.0 ], [ 103.647641715817173, 16.108295869875796, 0.0 ], [ 103.647652127501843, 16.108297807861117, 0.0 ], [ 103.647662324845101, 16.10830061570578, 0.0 ], [ 103.647672230239152, 16.108304272040431, 0.0 ], [ 103.647681768298057, 16.108308749038219, 0.0 ], [ 103.647690865907393, 16.108314012292496, 0.0 ] ] } },
{ "type": "Feature", "properties": { }, "geometry": { "type": "LineString", "coordinates": [ [ 103.647090715062248, 16.108980491667424, 0.0 ], [ 103.647522495584539, 16.10834742792488, 0.0 ] ] } },
{ "type": "Feature", "properties": { }, "geometry": { "type": "LineString", "coordinates": [ [ 103.647090715062248, 16.108980491667424, 0.0 ], [ 103.647080911174811, 16.108993584959361, 0.0 ], [ 103.647069964142389, 16.109005802405022, 0.0 ], [ 103.64705795727852, 16.109017051022118, 0.0 ], [ 103.647044981962708, 16.109027245201702, 0.0 ], [ 103.647031136945031, 16.109036307359755, 0.0 ], [ 103.647016527594602, 16.109044168527642, 0.0 ], [ 103.647001265097614, 16.10905076887699, 0.0 ], [ 103.646985465611138, 16.109056058175057, 0.0 ], [ 103.646969249379083, 16.109059996166998, 0.0 ], [ 103.646952739817124, 16.109062552882271, 0.0 ], [ 103.646936062573317, 16.109063708862692, 0.0 ], [ 103.646919344571913, 16.109063455310572, 0.0 ], [ 103.646902713047353, 16.109061794155618, 0.0 ], [ 103.646886294575935, 16.109058738040279, 0.0 ], [ 103.646870214112425, 16.109054310223531, 0.0 ], [ 103.646854594039169, 16.109048544403841, 0.0 ], [ 103.646839553234614, 16.109041484462711, 0.0 ], [ 103.64682520686253, 16.109033184573057, 0.0 ] ] } },
{ "type": "Feature", "properties": { }, "geometry": { "type": "LineString", "coordinates": [ [ 103.638636891042751, 16.101557102666074, 0.0 ], [ 103.638704854844221, 16.101552742016285, 0.0 ], [ 103.638772953152326, 16.101554124412001, 0.0 ], [ 103.638840667703676, 16.101561239332941, 0.0 ], [ 103.638907483155265, 16.101574032631287, 0.0 ], [ 103.638972891006404, 16.101592406943801, 0.0 ], [ 103.639036393468544, 16.101616222432728, 0.0 ], [ 103.639097507253609, 16.10164529785003, 0.0 ], [ 103.639149889175883, 16.101675658606478, 0.0 ] ] } },
{ "type": "Feature", "properties": { }, "geometry": { "type": "LineString", "coordinates": [ [ 103.638573507465651, 16.101621748987924, 0.0 ], [ 103.638635884390141, 16.101611801808602, 0.0 ], [ 103.638698920722277, 16.101607148197068, 0.0 ], [ 103.63876213672259, 16.101607823570109, 0.0 ], [ 103.638825051284158, 16.101613822788199, 0.0 ], [ 103.638887185594044, 16.101625100194486, 0.0 ], [ 103.638948066777232, 16.10164156996235, 0.0 ], [ 103.639007231495228, 16.101663106748475, 0.0 ], [ 103.639064229472353, 16.101689546646803, 0.0 ], [ 103.639118626922411, 16.101720688435837, 0.0 ], [ 103.639119099993323, 16.101720987202587, 0.0 ] ] } },
{ "type": "Feature", "properties": { }, "geometry": { "type": "LineString", "coordinates": [ [ 103.637439145455531, 16.102504552912741, 0.0 ], [ 103.63744462118278, 16.102507913293003, 0.0 ], [ 103.637450214171864, 16.102511088054658, 0.0 ], [ 103.637455917693046, 16.10251407337768, 0.0 ], [ 103.637461724883565, 16.102516865669983, 0.0 ], [ 103.637467628755942, 16.102519461571745, 0.0 ], [ 103.637473622206358, 16.102521857959452, 0.0 ], [ 103.637479698023185, 16.102524051949651, 0.0 ], [ 103.63748584889575, 16.102526040902422, 0.0 ], [ 103.637492067422997, 16.102527822424573, 0.0 ], [ 103.637498346122513, 16.102529394372468, 0.0 ], [ 103.637504677439438, 16.102530754854676, 0.0 ], [ 103.637511053755645, 16.102531902234194, 0.0 ], [ 103.637517467398837, 16.10253283513044, 0.0 ], [ 103.637523910651808, 16.102533552420901, 0.0 ], [ 103.637530375761699, 16.102534053242497, 0.0 ], [ 103.637536854949431, 16.102534336992619, 0.0 ], [ 103.637543340418873, 16.10253440332983, 0.0 ], [ 103.637549824366403, 16.102534252174333, 0.0 ], [ 103.637556298990233, 16.102533883707974, 0.0 ], [ 103.637562756499804, 16.102533298374134, 0.0 ], [ 103.63756918912506, 16.1025324968771, 0.0 ], [ 103.637575589126016, 16.102531480181266, 0.0 ], [ 103.637581948801852, 16.102530249509982, 0.0 ], [ 103.63758826050028, 16.102528806344043, 0.0 ], [ 103.637594516626777, 16.102527152419935, 0.0 ], [ 103.637600709653668, 16.10252528972774, 0.0 ], [ 103.637606832129208, 16.102523220508733, 0.0 ], [ 103.637612876686532, 16.10252094725271, 0.0 ], [ 103.637618836052525, 16.102518472694943, 0.0 ], [ 103.637624703056602, 16.102515799812956, 0.0 ], [ 103.637630470639309, 16.102512931822879, 0.0 ], [ 103.637636131860788, 16.102509872175624, 0.0 ], [ 103.637641679909223, 16.102506624552696, 0.0 ], [ 103.637647108108908, 16.1025031928618, 0.0 ], [ 103.637652409928407, 16.102499581232099, 0.0 ], [ 103.637657578988296, 16.102495794009293, 0.0 ], [ 103.637662609068897, 16.102491835750339, 0.0 ], [ 103.637671297142376, 16.102484753251964, 0.0 ], [ 103.637676036830712, 16.10248075567895, 0.0 ], [ 103.637680634751149, 16.102476606247677, 0.0 ], [ 103.637685085700383, 16.102472309653916, 0.0 ], [ 103.637689384641419, 16.102467870760016, 0.0 ], [ 103.637693526709285, 16.10246329458931, 0.0 ], [ 103.637697507216529, 16.102458586320534, 0.0 ], [ 103.637701321658568, 16.102453751281875, 0.0 ], [ 103.637704965718683, 16.102448794945008, 0.0 ], [ 103.637708435273041, 16.102443722918874, 0.0 ], [ 103.637711726395281, 16.102438540943311, 0.0 ], [ 103.637714032149049, 16.102434915506958, 0.0 ], [ 103.637716467288314, 16.102431370016056, 0.0 ], [ 103.637719028850299, 16.1024279087843, 0.0 ], [ 103.63772171371842, 16.102424536022845, 0.0 ], [ 103.637724518626086, 16.102421255835221, 0.0 ], [ 103.637727440160688, 16.102418072212327, 0.0 ], [ 103.637730474767636, 16.102414989027569, 0.0 ], [ 103.637733618754865, 16.102412010032161, 0.0 ], [ 103.637736868297154, 16.102409138850536, 0.0 ], [ 103.6377402194409, 16.102406378975978, 0.0 ], [ 103.637743668108882, 16.102403733766327, 0.0 ], [ 103.637747210105204, 16.102401206439929, 0.0 ], [ 103.637750841120436, 16.10239880007169, 0.0 ], [ 103.637754556736851, 16.102396517589348, 0.0 ], [ 103.637758352433778, 16.102394361769949, 0.0 ], [ 103.637762223593114, 16.102392335236399, 0.0 ], [ 103.637766165504942, 16.102390440454304, 0.0 ], [ 103.637770173373298, 16.102388679728978, 0.0 ], [ 103.63777424232191, 16.102387055202655, 0.0 ], [ 103.63777836740023, 16.10238556885183, 0.0 ], [ 103.637782543589424, 16.102384222484893, 0.0 ], [ 103.637786765808457, 16.102383017739932, 0.0 ], [ 103.637791028920304, 16.102381956082723, 0.0 ], [ 103.637795327738189, 16.102381038804943, 0.0 ], [ 103.637799657031849, 16.102380267022614, 0.0 ], [ 103.637804011534016, 16.102379641674734, 0.0 ], [ 103.637808385946698, 16.102379163522155, 0.0 ], [ 103.637812774947704, 16.10237883314662, 0.0 ], [ 103.637817173197064, 16.10237865095009, 0.0 ], [ 103.637821575343608, 16.10237861715424, 0.0 ], [ 103.637825976031365, 16.102378731800183, 0.0 ], [ 103.637830369906183, 16.102378994748442, 0.0 ], [ 103.637834751622179, 16.102379405679084, 0.0 ], [ 103.637839115848266, 16.102379964092162, 0.0 ], [ 103.637843457274641, 16.102380669308257, 0.0 ], [ 103.637847770619246, 16.102381520469375, 0.0 ], [ 103.637852050634166, 16.102382516539922, 0.0 ], [ 103.637856292112033, 16.102383656308028, 0.0 ], [ 103.637860489892432, 16.102384938386958, 0.0 ], [ 103.637864638868024, 16.102386361216869, 0.0 ], [ 103.637868733990899, 16.10238792306664, 0.0 ], [ 103.637872770278648, 16.102389622036029, 0.0 ], [ 103.637876742820481, 16.102391456057944, 0.0 ], [ 103.637880646783131, 16.102393422901013, 0.0 ], [ 103.638022122970909, 16.102467760955431, 0.0 ], [ 103.638025898513249, 16.102469826839137, 0.0 ], [ 103.638029598380072, 16.102472016948894, 0.0 ], [ 103.638033218199709, 16.102474328696918, 0.0 ], [ 103.638036753695047, 16.102476759351678, 0.0 ], [ 103.638040200688593, 16.102479306041158, 0.0 ], [ 103.638043555107444, 16.10248196575624, 0.0 ], [ 103.638046812988065, 16.102484735354253, 0.0 ], [ 103.638049970481021, 16.10248761156269, 0.0 ], [ 103.638053023855448, 16.102490590983074, 0.0 ], [ 103.63805596950354, 16.102493670094979, 0.0 ], [ 103.638058803944773, 16.10249684526018, 0.0 ], [ 103.638061523830004, 16.102500112726954, 0.0 ], [ 103.638064125945448, 16.10250346863452, 0.0 ], [ 103.638066607216501, 16.102506909017613, 0.0 ], [ 103.638068964711337, 16.102510429811126, 0.0 ], [ 103.638071195644358, 16.102514026854944, 0.0 ], [ 103.638073297379535, 16.102517695898875, 0.0 ], [ 103.638075267433507, 16.102521432607634, 0.0 ], [ 103.638077103478437, 16.102525232565995, 0.0 ], [ 103.638078803344911, 16.102529091283991, 0.0 ], [ 103.638080365024379, 16.102533004202229, 0.0 ], [ 103.638081786671592, 16.102536966697276, 0.0 ], [ 103.638083066606725, 16.102540974087109, 0.0 ], [ 103.638084203317433, 16.102545021636665, 0.0 ], [ 103.63808519546059, 16.102549104563426, 0.0 ], [ 103.638086041863886, 16.102553218043081, 0.0 ], [ 103.638086741527218, 16.102557357215211, 0.0 ], [ 103.638087293623855, 16.102561517189034, 0.0 ], [ 103.638087697501447, 16.1025656930492, 0.0 ], [ 103.638087952682767, 16.102569879861587, 0.0 ], [ 103.638088058866302, 16.102574072679104, 0.0 ], [ 103.638088015926556, 16.102578266547617, 0.0 ], [ 103.638087823914262, 16.102582456511694, 0.0 ], [ 103.63808748305631, 16.102586637620558, 0.0 ], [ 103.638086993755408, 16.102590804933872, 0.0 ], [ 103.638086356589724, 16.102594953527614, 0.0 ], [ 103.638085572312121, 16.102599078499853, 0.0 ], [ 103.638084641849233, 16.102603174976611, 0.0 ], [ 103.638083566300523, 16.102607238117539, 0.0 ], [ 103.638082346936812, 16.102611263121698, 0.0 ], [ 103.638080985198883, 16.102615245233213, 0.0 ], [ 103.638072101801484, 16.102639798514385, 0.0 ], [ 103.638069496007631, 16.10264742466774, 0.0 ], [ 103.638067166656313, 16.102655133965058, 0.0 ], [ 103.638065116576342, 16.102662917044032, 0.0 ], [ 103.638063348257432, 16.102670764452782, 0.0 ], [ 103.638061863847057, 16.102678666661291, 0.0 ], [ 103.638060665147947, 16.10268661407299, 0.0 ], [ 103.638059753615849, 16.102694597036418, 0.0 ], [ 103.638059130357789, 16.102702605856933, 0.0 ], [ 103.638058796130707, 16.102710630808502, 0.0 ], [ 103.638058751340509, 16.102718662145495, 0.0 ], [ 103.638058996041622, 16.102726690114508, 0.0 ], [ 103.638059529936925, 16.102734704966259, 0.0 ], [ 103.638060352378076, 16.102742696967383, 0.0 ], [ 103.638061462366309, 16.102750656412237, 0.0 ], [ 103.638062858553695, 16.102758573634755, 0.0 ], [ 103.638064539244724, 16.102766439020126, 0.0 ], [ 103.638066502398317, 16.10277424301648, 0.0 ], [ 103.638068745630477, 16.102781976146513, 0.0 ], [ 103.638071266216983, 16.102789629018968, 0.0 ], [ 103.638074061096816, 16.102797192340084, 0.0 ], [ 103.638077126875899, 16.102804656924807, 0.0 ], [ 103.638080459831073, 16.102812013708018, 0.0 ], [ 103.638084055914817, 16.102819253755509, 0.0 ], [ 103.638087910759978, 16.102826368274826, 0.0 ], [ 103.638092019685189, 16.102833348625971, 0.0 ], [ 103.638096377700549, 16.102840186331871, 0.0 ], [ 103.638100979513595, 16.102846873088701, 0.0 ], [ 103.638105819535838, 16.102853400775924, 0.0 ], [ 103.638110891889511, 16.102859761466203, 0.0 ], [ 103.638116190414635, 16.102865947434978, 0.0 ], [ 103.63812170867665, 16.102871951169906, 0.0 ], [ 103.638127439974028, 16.102877765379926, 0.0 ], [ 103.638133377346648, 16.102883383004137, 0.0 ], [ 103.638139513584051, 16.102888797220416, 0.0 ], [ 103.638145841234262, 16.10289400145361, 0.0 ], [ 103.638152352612906, 16.102898989383593, 0.0 ], [ 103.638159039812436, 16.102903754952923, 0.0 ], [ 103.638165894711804, 16.102908292374202, 0.0 ], [ 103.641140889489037, 16.104804725361234, 0.0 ] ] } },
{ "type": "Feature", "properties": { }, "geometry": { "type": "LineString", "coordinates": [ [ 103.637910479805839, 16.10308651263702, 0.0 ], [ 103.637916683006907, 16.103071502849097, 0.0 ], [ 103.637924215796687, 16.103057072840997, 0.0 ], [ 103.637933020845907, 16.10304333243365, 0.0 ], [ 103.637943031142697, 16.103030386199688, 0.0 ], [ 103.637954170502582, 16.103018332667595, 0.0 ], [ 103.637966354148304, 16.103007263571865, 0.0 ], [ 103.63797948935499, 16.102997263154826, 0.0 ], [ 103.637993476155927, 16.102988407525544, 0.0 ], [ 103.638008208103244, 16.102980764080563, 0.0 ], [ 103.638023573078186, 16.10297439099098, 0.0 ], [ 103.638039454144248, 16.102969336759763, 0.0 ], [ 103.638055730437259, 16.102965639852577, 0.0 ], [ 103.63807227808509, 16.102963328405064, 0.0 ], [ 103.638088971150523, 16.10296242000873, 0.0 ], [ 103.638105682589611, 16.102962921577014, 0.0 ], [ 103.638122285218529, 16.102964829292716, 0.0 ], [ 103.638138652681619, 16.102968128637045, 0.0 ], [ 103.638154660412894, 16.102972794500076, 0.0 ], [ 103.638170186584148, 16.102978791371903, 0.0 ], [ 103.638185113032065, 16.102986073612829, 0.0 ], [ 103.638196888654235, 16.102993005948512, 0.0 ] ] } },
{ "type": "Feature", "properties": { }, "geometry": { "type": "LineString", "coordinates": [ [ 103.648797011046227, 16.109213915586963, 0.0 ], [ 103.648942959868094, 16.109172538805186, 0.0 ], [ 103.648944189485135, 16.109172167857409, 0.0 ], [ 103.648945405157775, 16.109171756192609, 0.0 ], [ 103.648946605443783, 16.109171304299185, 0.0 ], [ 103.648947788919131, 16.109170812713266, 0.0 ], [ 103.648948954179758, 16.109170282018056, 0.0 ], [ 103.648950099843191, 16.109169712843187, 0.0 ], [ 103.648951224550245, 16.109169105863909, 0.0 ], [ 103.648952326966551, 16.109168461800344, 0.0 ], [ 103.648953405784226, 16.109167781416605, 0.0 ], [ 103.648954459723356, 16.109167065519895, 0.0 ], [ 103.648955487533556, 16.109166314959545, 0.0 ], [ 103.648956487995434, 16.109165530626022, 0.0 ], [ 103.648957459922045, 16.109164713449861, 0.0 ], [ 103.648958402160332, 16.109163864400546, 0.0 ], [ 103.6489593135924, 16.109162984485383, 0.0 ], [ 103.648960193136915, 16.109162074748298, 0.0 ], [ 103.648961039750432, 16.109161136268607, 0.0 ], [ 103.648961852428513, 16.109160170159708, 0.0 ], [ 103.648962630207009, 16.109159177567793, 0.0 ], [ 103.648963372163152, 16.109158159670461, 0.0 ], [ 103.648964077416707, 16.109157117675348, 0.0 ], [ 103.648964745130954, 16.109156052818665, 0.0 ], [ 103.648965374513736, 16.109154966363754, 0.0 ], [ 103.648965964818345, 16.109153859599573, 0.0 ], [ 103.648966515344441, 16.109152733839192, 0.0 ], [ 103.648967025438907, 16.109151590418197, 0.0 ], [ 103.648967494496546, 16.109150430693138, 0.0 ], [ 103.648967921960903, 16.10914925603991, 0.0 ], [ 103.648968307324807, 16.109148067852111, 0.0 ], [ 103.648968650131067, 16.109146867539398, 0.0 ], [ 103.648968949972996, 16.109145656525815, 0.0 ], [ 103.648969206494868, 16.109144436248116, 0.0 ], [ 103.64896941939233, 16.109143208154013, 0.0 ], [ 103.648969588412811, 16.109141973700517, 0.0 ], [ 103.648969713355768, 16.10914073435217, 0.0 ], [ 103.648969794072997, 16.109139491579342, 0.0 ], [ 103.648969830468744, 16.109138246856435, 0.0 ], [ 103.648969822499794, 16.109137001660187, 0.0 ], [ 103.648969770175626, 16.109135757467897, 0.0 ], [ 103.648969673558312, 16.109134515755656, 0.0 ], [ 103.648969532762493, 16.109133277996641, 0.0 ], [ 103.648969347955187, 16.109132045659294, 0.0 ], [ 103.648969119355655, 16.109130820205682, 0.0 ], [ 103.648968847235125, 16.109129603089656, 0.0 ], [ 103.64896853191641, 16.109128395755206, 0.0 ], [ 103.648968173773625, 16.109127199634695, 0.0 ], [ 103.648967773231647, 16.109126016147201, 0.0 ], [ 103.648967330765714, 16.109124846696805, 0.0 ], [ 103.648966846900734, 16.109123692670941, 0.0 ], [ 103.648966322210768, 16.109122555438727, 0.0 ], [ 103.648965757318322, 16.109121436349369, 0.0 ], [ 103.648965152893567, 16.109120336730562, 0.0 ], [ 103.648964509653581, 16.109119257886871, 0.0 ], [ 103.648963828361516, 16.109118201098234, 0.0 ], [ 103.648963109825658, 16.109117167618415, 0.0 ], [ 103.648962354898458, 16.10911615867354, 0.0 ], [ 103.64896156447557, 16.109115175460602, 0.0 ], [ 103.64896073949474, 16.109114219146083, 0.0 ], [ 103.648959880934711, 16.109113290864549, 0.0 ], [ 103.648958989814091, 16.109112391717307, 0.0 ], [ 103.648958067190094, 16.109111522771101, 0.0 ], [ 103.648957114157312, 16.109110685056834, 0.0 ], [ 103.648956131846404, 16.109109879568368, 0.0 ], [ 103.648955121422816, 16.109109107261347, 0.0 ], [ 103.648954084085275, 16.109108369052002, 0.0 ], [ 103.648953021064486, 16.109107665816165, 0.0 ], [ 103.648173904818393, 16.108611069656721, 0.0 ], [ 103.648171533458225, 16.108609322312041, 0.0 ], [ 103.648169226645194, 16.108607496002012, 0.0 ], [ 103.648166987191644, 16.108605592953154, 0.0 ], [ 103.648164817827762, 16.108603615485542, 0.0 ], [ 103.64816272119829, 16.108601566009984, 0.0 ], [ 103.648160699859304, 16.108599447025071, 0.0 ], [ 103.648158756275109, 16.108597261114124, 0.0 ], [ 103.648156892815166, 16.108595010942071, 0.0 ], [ 103.648155111751322, 16.108592699252192, 0.0 ], [ 103.648153415254882, 16.108590328862743, 0.0 ], [ 103.648151805394164, 16.108587902663547, 0.0 ], [ 103.648150284131745, 16.108585423612475, 0.0 ], [ 103.648148853322283, 16.108582894731821, 0.0 ], [ 103.648147514710118, 16.10858031910465, 0.0 ], [ 103.648146269927196, 16.108577699870985, 0.0 ], [ 103.64814512049108, 16.108575040224039, 0.0 ], [ 103.648144067803074, 16.108572343406284, 0.0 ], [ 103.648143113146546, 16.108569612705498, 0.0 ], [ 103.64814225768535, 16.108566851450782, 0.0 ], [ 103.648141502462394, 16.108564063008483, 0.0 ], [ 103.648140848398413, 16.108561250778088, 0.0 ], [ 103.648140296290777, 16.108558418188078, 0.0 ], [ 103.648139846812597, 16.108555568691781, 0.0 ], [ 103.648139500511832, 16.108552705763113, 0.0 ], [ 103.648139257810641, 16.108549832892368, 0.0 ], [ 103.648139119004938, 16.108546953581964, 0.0 ], [ 103.648139084263946, 16.108544071342177, 0.0 ], [ 103.648139153629984, 16.108541189686839, 0.0 ], [ 103.648139327018512, 16.108538312129085, 0.0 ], [ 103.648139604218116, 16.108535442177047, 0.0 ], [ 103.648139984890847, 16.10853258332958, 0.0 ], [ 103.648140468572635, 16.108529739072004, 0.0 ], [ 103.648141054673772, 16.108526912871859, 0.0 ], [ 103.648141742479751, 16.108524108174663, 0.0 ], [ 103.648142531152004, 16.108521328399721, 0.0 ], [ 103.648143419729067, 16.10851857693595, 0.0 ], [ 103.648144407127603, 16.10851585713776, 0.0 ], [ 103.648145492143854, 16.108513172320944, 0.0 ], [ 103.648146673455031, 16.108510525758668, 0.0 ], [ 103.648147949620963, 16.108507920677436, 0.0 ], [ 103.648282237596916, 16.108311027590062, 0.0 ], [ 103.648284557565034, 16.108308366870059, 0.0 ], [ 103.648286971368705, 16.108305785337102, 0.0 ], [ 103.648289476117725, 16.108303286082233, 0.0 ], [ 103.648292068812978, 16.108300872097956, 0.0 ], [ 103.648294746350089, 16.108298546274685, 0.0 ], [ 103.648297505523061, 16.108296311397289, 0.0 ], [ 103.64830034302814, 16.108294170141736, 0.0 ], [ 103.648303255467809, 16.10829212507187, 0.0 ], [ 103.64830623935481, 16.108290178636398, 0.0 ], [ 103.648309291116362, 16.108288333165905, 0.0 ], [ 103.648312407098373, 16.108286590870094, 0.0 ], [ 103.648315583569897, 16.10828495383512, 0.0 ], [ 103.648318816727524, 16.108283424021117, 0.0 ], [ 103.648322102699993, 16.108282003259824, 0.0 ], [ 103.648325437552813, 16.108280693252429, 0.0 ], [ 103.648328817292935, 16.108279495567459, 0.0 ], [ 103.648332237873575, 16.108278411638988, 0.0 ], [ 103.64833569519908, 16.108277442764884, 0.0 ], [ 103.648339185129743, 16.108276590105227, 0.0 ], [ 103.648342703486875, 16.108275854680976, 0.0 ], [ 103.648346246057699, 16.108275237372688, 0.0 ], [ 103.6483498086005, 16.108274738919516, 0.0 ], [ 103.648353386849593, 16.108274359918287, 0.0 ], [ 103.648356976520517, 16.108274100822797, 0.0 ], [ 103.648360573315145, 16.10827396194329, 0.0 ], [ 103.64836417292679, 16.108273943446044, 0.0 ], [ 103.648367771045415, 16.10827404535322, 0.0 ], [ 103.648371363362756, 16.108274267542779, 0.0 ], [ 103.64837494557753, 16.108274609748705, 0.0 ], [ 103.648378513400502, 16.108275071561234, 0.0 ], [ 103.648382062559676, 16.108275652427427, 0.0 ], [ 103.648385588805453, 16.10827635165175, 0.0 ], [ 103.648389087915618, 16.108277168396999, 0.0 ], [ 103.648392555700468, 16.108278101685229, 0.0 ], [ 103.648395988007778, 16.10827915039895, 0.0 ], [ 103.648399380727852, 16.108280313282485, 0.0 ], [ 103.648402729798363, 16.108281588943417, 0.0 ], [ 103.648406031209248, 16.108282975854333, 0.0 ], [ 103.648409281007531, 16.10828447235459, 0.0 ], [ 103.648412475302024, 16.10828607665233, 0.0 ], [ 103.648415610267975, 16.108287786826647, 0.0 ], [ 103.648416428051064, 16.108288296185894, 0.0 ] ] } },
{ "type": "Feature", "properties": { }, "geometry": { "type": "LineString", "coordinates": [ [ 103.64811244060148, 16.108658498615121, 0.0 ], [ 103.648104512275196, 16.1086529508589, 0.0 ], [ 103.648097114286614, 16.108646756214995, 0.0 ], [ 103.648090302938883, 16.108639961828441, 0.0 ], [ 103.648084130070472, 16.108632619408677, 0.0 ], [ 103.648078642660593, 16.10862478483601, 0.0 ], [ 103.648073882471706, 16.108616517736316, 0.0 ], [ 103.648069885731644, 16.108607881027261, 0.0 ], [ 103.64806668285793, 16.108598940439446, 0.0 ], [ 103.648064298226259, 16.108589764016173, 0.0 ], [ 103.648062749985016, 16.108580421595597, 0.0 ], [ 103.648062049917115, 16.108570984279169, 0.0 ], [ 103.648062203350392, 16.108561523890579, 0.0 ], [ 103.648063209116998, 16.108552112429081, 0.0 ], [ 103.648065059562342, 16.108542821521553, 0.0 ], [ 103.648067740603267, 16.108533721877382, 0.0 ], [ 103.648071231835388, 16.108524882750334, 0.0 ], [ 103.648075506688201, 16.108516371411437, 0.0 ], [ 103.648080532624306, 16.108508252641659, 0.0 ] ] } },
{ "type": "Feature", "properties": { }, "geometry": { "type": "LineString", "coordinates": [ [ 103.64811244060148, 16.108658498615121, 0.0 ], [ 103.648734655405519, 16.109055088909606, 0.0 ] ] } },
{ "type": "Feature", "properties": { }, "geometry": { "type": "LineString", "coordinates": [ [ 103.633511646976459, 16.099968324178064, 0.0 ], [ 103.637454584983232, 16.102481917243708, 0.0 ] ] } },
{ "type": "Feature", "properties": { }, "geometry": { "type": "LineString", "coordinates": [ [ 103.633511646976459, 16.099968324178064, 0.0 ], [ 103.633505701313524, 16.099964162994343, 0.0 ], [ 103.63350015341797, 16.09995951667311, 0.0 ], [ 103.63349504551266, 16.099954420575699, 0.0 ], [ 103.633490416471801, 16.099948913486529, 0.0 ], [ 103.633486301525181, 16.0999430373179, 0.0 ], [ 103.63348273199, 16.099936836791041, 0.0 ], [ 103.633479735032523, 16.099930359095712, 0.0 ], [ 103.633477333461386, 16.099923653531118, 0.0 ], [ 103.633475545553907, 16.099916771130662, 0.0 ], [ 103.633474384917108, 16.099909764273598, 0.0 ], [ 103.633473860384029, 16.09990268628632, 0.0 ], [ 103.633473975946643, 16.099895591036592, 0.0 ], [ 103.633474730725396, 16.099888532523551, 0.0 ], [ 103.633476118975864, 16.09988156446672, 0.0 ], [ 103.633478130132573, 16.099874739897214, 0.0 ], [ 103.633480748889383, 16.099868110754095, 0.0 ], [ 103.633483955315882, 16.099861727489127, 0.0 ], [ 103.633487725009203, 16.099855638682779, 0.0 ] ] } },
{ "type": "Feature", "properties": { }, "geometry": { "type": "LineString", "coordinates": [ [ 103.633667945430432, 16.099591426522757, 0.0 ], [ 103.633487725009203, 16.099855638682779, 0.0 ] ] } },
{ "type": "Feature", "properties": { }, "geometry": { "type": "LineString", "coordinates": [ [ 103.633633087901288, 16.099428465747643, 0.0 ], [ 103.633641694604663, 16.099434451501875, 0.0 ], [ 103.633649728926841, 16.099441139667118, 0.0 ], [ 103.633657129721797, 16.09944847934246, 0.0 ], [ 103.633663840664994, 16.099456414668609, 0.0 ], [ 103.633669810682065, 16.099464885253017, 0.0 ], [ 103.633674994337511, 16.099473826629467, 0.0 ], [ 103.633679352180494, 16.099483170748737, 0.0 ], [ 103.633682851045108, 16.099492846496489, 0.0 ], [ 103.633685464302744, 16.099502780234463, 0.0 ], [ 103.633687172064825, 16.099512896360942, 0.0 ], [ 103.63368796133409, 16.099523117886111, 0.0 ], [ 103.633687826103596, 16.099533367017983, 0.0 ], [ 103.633686767402395, 16.099543565754477, 0.0 ], [ 103.633684793287699, 16.099553636477008, 0.0 ], [ 103.633681918783566, 16.099563502541272, 0.0 ], [ 103.633678165766611, 16.09957308886051, 0.0 ], [ 103.633673562799459, 16.099582322477005, 0.0 ], [ 103.633668144913372, 16.09959113311729, 0.0 ], [ 103.633667945430432, 16.099591426522757, 0.0 ] ] } },
{ "type": "Feature", "properties": { }, "geometry": { "type": "LineString", "coordinates": [ [ 103.633320899485128, 16.099230733770586, 0.0 ], [ 103.633633087901288, 16.099428465747643, 0.0 ] ] } },
{ "type": "Feature", "properties": { }, "geometry": { "type": "LineString", "coordinates": [ [ 103.633480767506242, 16.100013594916106, 0.0 ], [ 103.633470858067241, 16.100006659608329, 0.0 ], [ 103.633461611574461, 16.099998915738013, 0.0 ], [ 103.633453098399301, 16.099990422240772, 0.0 ], [ 103.633445383332131, 16.09998124375733, 0.0 ], [ 103.633438525089247, 16.099971450141581, 0.0 ], [ 103.633432575865925, 16.099961115928934, 0.0 ], [ 103.633427580939227, 16.09995031976905, 0.0 ], [ 103.633423578323416, 16.099939143827285, 0.0 ], [ 103.633420598480683, 16.099927673159346, 0.0 ], [ 103.63341866408922, 16.099915995063977, 0.0 ], [ 103.633417789870762, 16.09990419841855, 0.0 ], [ 103.633417982478434, 16.09989237300265, 0.0 ], [ 103.633419240446202, 16.099880608814818, 0.0 ], [ 103.63342155419997, 16.099868995387599, 0.0 ], [ 103.633424906130514, 16.099857621106125, 0.0 ], [ 103.633429270727476, 16.099846572535505, 0.0 ], [ 103.633434614773492, 16.099835933761955, 0.0 ], [ 103.63344089759704, 16.099825785752891, 0.0 ] ] } },
{ "type": "Feature", "properties": { }, "geometry": { "type": "LineString", "coordinates": [ [ 103.633621118046761, 16.099561573634361, 0.0 ], [ 103.63344089759704, 16.099825785752891, 0.0 ] ] } },
{ "type": "Feature", "properties": { }, "geometry": { "type": "LineString", "coordinates": [ [ 103.633602348624876, 16.099473825522598, 0.0 ], [ 103.633606983003986, 16.099477048621765, 0.0 ], [ 103.633611309177581, 16.099480649942258, 0.0 ], [ 103.63361529422086, 16.099484602075869, 0.0 ], [ 103.633618907805229, 16.099488874944495, 0.0 ], [ 103.633622122429117, 16.099493436029046, 0.0 ], [ 103.633624913627287, 16.099498250616929, 0.0 ], [ 103.633627260156999, 16.099503282066241, 0.0 ], [ 103.633629144159741, 16.09950849208462, 0.0 ], [ 103.633630551297045, 16.099513841020698, 0.0 ], [ 103.633631470859726, 16.099519288165848, 0.0 ], [ 103.633631895849334, 16.099524792064003, 0.0 ], [ 103.633631823031365, 16.099530310827188, 0.0 ], [ 103.633631252960001, 16.099535802454263, 0.0 ], [ 103.633630189973758, 16.099541225150634, 0.0 ], [ 103.633628642162591, 16.099546537646283, 0.0 ], [ 103.63362662130622, 16.09955169950992, 0.0 ], [ 103.633624142784569, 16.099556671456607, 0.0 ], [ 103.633621225460672, 16.099561415646829, 0.0 ], [ 103.633621118046761, 16.099561573634361, 0.0 ] ] } },
{ "type": "Feature", "properties": { }, "geometry": { "type": "LineString", "coordinates": [ [ 103.633327037022298, 16.099299450376865, 0.0 ], [ 103.633602348624876, 16.099473825522598, 0.0 ] ] } },
{ "type": "Feature", "properties": { }, "geometry": { "type": "LineString", "coordinates": [ [ 103.637926359859478, 16.101549355455109, 0.0 ], [ 103.637851697820935, 16.101485956635933, 0.0 ] ] } },
{ "type": "Feature", "properties": { }, "geometry": { "type": "LineString", "coordinates": [ [ 103.637678900295896, 16.102480488909517, 0.0 ], [ 103.637665481152254, 16.102489453954952, 0.0 ], [ 103.637651304837703, 16.102497254223856, 0.0 ], [ 103.637636479242715, 16.102503830351338, 0.0 ], [ 103.637621117199302, 16.102509132289004, 0.0 ], [ 103.637605335622141, 16.102513119685824, 0.0 ], [ 103.637589254618888, 16.102515762195246, 0.0 ], [ 103.637572996575997, 16.102517039706139, 0.0 ], [ 103.637556685227324, 16.102516942495889, 0.0 ], [ 103.637540444712428, 16.102515471304343, 0.0 ], [ 103.637524398631768, 16.102512637328218, 0.0 ], [ 103.637508669105998, 16.102508462135855, 0.0 ], [ 103.637493375846574, 16.1025029775031, 0.0 ], [ 103.63747863524469, 16.102496225171446, 0.0 ], [ 103.637464559485409, 16.102488256530343, 0.0 ], [ 103.637463062341197, 16.102487312033976, 0.0 ] ] } },
{ "type": "Feature", "properties": { }, "geometry": { "type": "LineString", "coordinates": [ [ 103.637477468002899, 16.102561460595695, 0.0 ], [ 103.633480767506242, 16.100013594916103, 0.0 ] ] } },
{ "type": "Feature", "properties": { }, "geometry": { "type": "LineString", "coordinates": [ [ 103.637477468002899, 16.102561460595695, 0.0 ], [ 103.637493984191693, 16.102573019163437, 0.0 ], [ 103.637509395483121, 16.102585925355211, 0.0 ], [ 103.637523584587967, 16.102600080947383, 0.0 ], [ 103.637536443518542, 16.102615378207584, 0.0 ], [ 103.637547874410458, 16.102631700714664, 0.0 ], [ 103.637557790267479, 16.102648924244708, 0.0 ], [ 103.637566115623656, 16.102666917716441, 0.0 ], [ 103.63757278711762, 16.102685544188834, 0.0 ], [ 103.637577753974796, 16.102704661903307, 0.0 ], [ 103.63758097839397, 16.102724125362609, 0.0 ], [ 103.637582435834844, 16.102743786438072, 0.0 ], [ 103.63758211520485, 16.102763495497054, 0.0 ], [ 103.637580018943709, 16.102783102541675, 0.0 ], [ 103.637576163004667, 16.102802458350379, 0.0 ], [ 103.63757057673331, 16.102821415613654, 0.0 ], [ 103.63756942104223, 16.102824690091047, 0.0 ] ] } },
{ "type": "Feature", "properties": { }, "geometry": { "type": "LineString", "coordinates": [ [ 103.637954980137252, 16.101486761063779, 0.0 ], [ 103.633708249348587, 16.098784168714548, 0.0 ] ] } },
{ "type": "Feature", "properties": { }, "geometry": { "type": "LineString", "coordinates": [ [ 103.637851697821006, 16.101485956636001, 0.0 ], [ 103.63363851187458, 16.098804709676173, 0.0 ], [ 103.633637163625167, 16.098803818611003, 0.0 ], [ 103.633635848397574, 16.098802882555237, 0.0 ], [ 103.633634567797358, 16.098801902651566, 0.0 ], [ 103.633633323387869, 16.098800880096263, 0.0 ], [ 103.633632116688219, 16.098799816137607, 0.0 ], [ 103.633630949171533, 16.098798712074451, 0.0 ], [ 103.63362982226306, 16.098797569254607, 0.0 ], [ 103.633628737338483, 16.098796389073186, 0.0 ], [ 103.633627695722268, 16.098795172970931, 0.0 ], [ 103.633626698686001, 16.098793922432407, 0.0 ], [ 103.6336257474468, 16.098792638984239, 0.0 ], [ 103.633624843165919, 16.098791324193229, 0.0 ], [ 103.633623986947285, 16.098789979664428, 0.0 ], [ 103.633623179836107, 16.098788607039197, 0.0 ], [ 103.633622422817737, 16.098787207993183, 0.0 ], [ 103.633621716816293, 16.098785784234313, 0.0 ], [ 103.633621062693621, 16.098784337500668, 0.0 ], [ 103.633620461248256, 16.09878286955837, 0.0 ], [ 103.633619913214446, 16.098781382199434, 0.0 ], [ 103.633619419261208, 16.098779877239593, 0.0 ], [ 103.633618979991525, 16.098778356516057, 0.0 ], [ 103.633618595941655, 16.098776821885263, 0.0 ], [ 103.633618267580445, 16.098775275220657, 0.0 ], [ 103.633617995308725, 16.098773718410349, 0.0 ], [ 103.633617779458888, 16.098772153354847, 0.0 ], [ 103.63361762029443, 16.098770581964729, 0.0 ], [ 103.633617518009643, 16.098769006158289, 0.0 ], [ 103.633617472729412, 16.098767427859229, 0.0 ], [ 103.633617484509003, 16.098765848994287, 0.0 ], [ 103.633617553334034, 16.098764271490893, 0.0 ], [ 103.633617679120476, 16.098762697274815, 0.0 ], [ 103.633617861714782, 16.0987611282678, 0.0 ], [ 103.633618100894054, 16.098759566385255, 0.0 ], [ 103.633618396366288, 16.098758013533871, 0.0 ], [ 103.633618747770782, 16.098756471609313, 0.0 ], [ 103.63361915467857, 16.098754942493926, 0.0 ], [ 103.633619616592895, 16.098753428054398, 0.0 ], [ 103.633620132949858, 16.098751930139525, 0.0 ], [ 103.633620703119135, 16.098750450577892, 0.0 ], [ 103.633621326404651, 16.098748991175714, 0.0 ], [ 103.633622002045513, 16.098747553714588, 0.0 ], [ 103.633622729216953, 16.098746139949309, 0.0 ], [ 103.633623507031231, 16.098744751605768, 0.0 ], [ 103.633624334538823, 16.098743390378804, 0.0 ], [ 103.633625210729562, 16.098742057930171, 0.0 ], [ 103.63362613453377, 16.098740755886464, 0.0 ], [ 103.633657271468266, 16.098698473345866, 0.0 ] ] } },
{ "type": "Feature", "properties": { }, "geometry": { "type": "LineString", "coordinates": [ [ 103.633320607966894, 16.099230549133253, 0.0 ], [ 103.633319231255768, 16.099229709906549, 0.0 ], [ 103.633317825158315, 16.099228917523398, 0.0 ], [ 103.633316391379211, 16.099228172944439, 0.0 ], [ 103.63331493165667, 16.09922747707235, 0.0 ], [ 103.633313447760372, 16.099226830750762, 0.0 ], [ 103.63331194148931, 16.099226234763243, 0.0 ], [ 103.633310414669594, 16.09922568983232, 0.0 ], [ 103.633308869152231, 16.099225196618644, 0.0 ], [ 103.633307306810934, 16.099224755720151, 0.0 ], [ 103.633305729539757, 16.099224367671354, 0.0 ], [ 103.633304139250924, 16.099224032942715, 0.0 ], [ 103.633302537872382, 16.09922375194002, 0.0 ], [ 103.63330092734553, 16.099223525003953, 0.0 ], [ 103.633299309622899, 16.099223352409627, 0.0 ], [ 103.633297686665685, 16.099223234366292, 0.0 ], [ 103.633296060441495, 16.099223171017048, 0.0 ], [ 103.633294432921844, 16.099223162438708, 0.0 ], [ 103.633292806079822, 16.099223208641668, 0.0 ], [ 103.633291181887728, 16.099223309569904, 0.0 ], [ 103.633289562314644, 16.099223465101069, 0.0 ], [ 103.633287949324028, 16.099223675046595, 0.0 ], [ 103.633286344871337, 16.099223939151962, 0.0 ], [ 103.63328475090178, 16.099224257096992, 0.0 ], [ 103.63328316934772, 16.099224628496227, 0.0 ], [ 103.633281602126587, 16.099225052899389, 0.0 ], [ 103.633280051138343, 16.09922552979198, 0.0 ], [ 103.633278518263324, 16.099226058595828, 0.0 ], [ 103.633277005359901, 16.099226638669851, 0.0 ], [ 103.633275514262209, 16.099227269310809, 0.0 ], [ 103.633274046777984, 16.099227949754138, 0.0 ], [ 103.633272604686297, 16.099228679174917, 0.0 ], [ 103.633271189735439, 16.099229456688853, 0.0 ], [ 103.633269803640843, 16.099230281353318, 0.0 ], [ 103.633268448082902, 16.099231152168542, 0.0 ], [ 103.633267124705014, 16.099232068078816, 0.0 ], [ 103.633265835111558, 16.099233027973739, 0.0 ], [ 103.633264580865969, 16.099234030689587, 0.0 ], [ 103.633263363488823, 16.099235075010736, 0.0 ], [ 103.633262184455958, 16.099236159671126, 0.0 ], [ 103.633261045196789, 16.099237283355755, 0.0 ], [ 103.633259947092483, 16.099238444702362, 0.0 ], [ 103.633258891474313, 16.099239642303001, 0.0 ], [ 103.633257879622036, 16.099240874705757, 0.0 ], [ 103.633256912762363, 16.099242140416553, 0.0 ], [ 103.633223126337342, 16.099288020507039, 0.0 ] ] } },
{ "type": "Feature", "properties": { }, "geometry": { "type": "LineString", "coordinates": [ [ 103.633263266516934, 16.099311144186252, 0.0 ], [ 103.633265765222333, 16.099308028688409, 0.0 ], [ 103.633268535289034, 16.099305135583514, 0.0 ], [ 103.633271555635147, 16.099302486889833, 0.0 ], [ 103.633274803274006, 16.099300102765525, 0.0 ], [ 103.633278253489152, 16.099298001355191, 0.0 ], [ 103.633281880022366, 16.099296198651832, 0.0 ], [ 103.633285655273554, 16.099294708375098, 0.0 ], [ 103.633289550510781, 16.099293541866892, 0.0 ], [ 103.633293536088971, 16.099292708005045, 0.0 ], [ 103.633297581675478, 16.099292213135737, 0.0 ], [ 103.633301656480967, 16.099292061025231, 0.0 ], [ 103.633305729493742, 16.09929225283118, 0.0 ], [ 103.633309769715723, 16.09929278709382, 0.0 ], [ 103.6333137463984, 16.09929365974709, 0.0 ], [ 103.633317629276846, 16.099294864149602, 0.0 ], [ 103.633321388800013, 16.099296391135109, 0.0 ], [ 103.633324996355711, 16.09929822908234, 0.0 ], [ 103.633327037022298, 16.099299450376865, 0.0 ] ] } },
{ "type": "Feature", "properties": { }, "geometry": { "type": "LineString", "coordinates": [ [ 103.633708249348572, 16.098784168714548, 0.0 ], [ 103.633704944323227, 16.098781859482962, 0.0 ], [ 103.633701860056846, 16.098779280560887, 0.0 ], [ 103.63369902002259, 16.098776451575485, 0.0 ], [ 103.633696445834815, 16.098773394057059, 0.0 ], [ 103.633694157084634, 16.09877013127517, 0.0 ], [ 103.633692171190816, 16.098766688061581, 0.0 ], [ 103.633690503267204, 16.098763090621215, 0.0 ], [ 103.633689166007699, 16.098759366332786, 0.0 ], [ 103.633688169589618, 16.098755543540381, 0.0 ], [ 103.633687521596272, 16.09875165133775, 0.0 ], [ 103.633687226959296, 16.098747719346921, 0.0 ], [ 103.633687287921006, 16.098743777492714, 0.0 ], [ 103.633687704017447, 16.098739855775015, 0.0 ], [ 103.633688472081843, 16.098735984040466, 0.0 ], [ 103.63368958626873, 16.098732191755289, 0.0 ], [ 103.633691038098476, 16.098728507781072, 0.0 ], [ 103.633692816521744, 16.098724960155067, 0.0 ], [ 103.633694908003662, 16.098721575876834, 0.0 ], [ 103.633695796707542, 16.098720317453235, 0.0 ] ] } },
{ "type": "Feature", "properties": { }, "geometry": { "type": "LineString", "coordinates": [ [ 103.621880028779628, 16.094281095247819, 0.0 ], [ 103.62188212295726, 16.094273475067261, 0.0 ], [ 103.621884896125891, 16.094266060340882, 0.0 ], [ 103.621888327179931, 16.094258907499192, 0.0 ], [ 103.621892390006977, 16.094252070979593, 0.0 ], [ 103.621897053686396, 16.094245602812116, 0.0 ], [ 103.621902282724776, 16.09423955222335, 0.0 ], [ 103.621908037325952, 16.094233965261907, 0.0 ], [ 103.621914273693946, 16.09422888444789, 0.0 ], [ 103.621920944366252, 16.094224348449327, 0.0 ], [ 103.62192799857506, 16.094220391787871, 0.0 ], [ 103.621935382633623, 16.094217044576073, 0.0 ], [ 103.621943040344874, 16.09421433228821, 0.0 ], [ 103.621950913429046, 16.094212275566406, 0.0 ], [ 103.621958941967321, 16.094210890063547, 0.0 ], [ 103.621967064857756, 16.094210186324119, 0.0 ], [ 103.621975220280291, 16.094210169704041, 0.0 ], [ 103.621983346167369, 16.094210840329779, 0.0 ], [ 103.621991380676135, 16.094212193097484, 0.0 ], [ 103.621991462357983, 16.094212210466903, 0.0 ] ] } },
{ "type": "Feature", "properties": { }, "geometry": { "type": "LineString", "coordinates": [ [ 103.622003323748189, 16.094159208992135, 0.0 ], [ 103.621995443643854, 16.094157177561627, 0.0 ], [ 103.621987776659509, 16.094154489876559, 0.0 ], [ 103.621980381145576, 16.09415116639186, 0.0 ], [ 103.621973313386434, 16.094147232401284, 0.0 ], [ 103.621966627172043, 16.094142717844907, 0.0 ], [ 103.621960373388546, 16.09413765708128, 0.0 ], [ 103.621954599631025, 16.094132088625912, 0.0 ], [ 103.621949349841259, 16.094126054858137, 0.0 ], [ 103.621944663973281, 16.094119601698626, 0.0 ], [ 103.621940577689358, 16.094112778259845, 0.0 ], [ 103.621937122088511, 16.094105636472321, 0.0 ], [ 103.621934323469915, 16.094098230689383, 0.0 ], [ 103.621932203132658, 16.094090617273537, 0.0 ], [ 103.62193077721372, 16.094082854167503, 0.0 ], [ 103.62193005656512, 16.094075000453191, 0.0 ], [ 103.621930046671366, 16.094067115902131, 0.0 ], [ 103.621930747607621, 16.094059260520492, 0.0 ], [ 103.621932136073141, 16.09405157306124, 0.0 ] ] } },
{ "type": "Feature", "properties": { }, "geometry": { "type": "LineString", "coordinates": [ [ 103.621752764231218, 16.094836919896174, 0.0 ], [ 103.621754905787242, 16.094829312032381, 0.0 ], [ 103.621757725045526, 16.094821913567525, 0.0 ], [ 103.621761200549756, 16.094814780808356, 0.0 ], [ 103.621765305849223, 16.094807968039451, 0.0 ], [ 103.621770009700072, 16.094801527110043, 0.0 ], [ 103.621775276303126, 16.094795507039468, 0.0 ], [ 103.621781065576371, 16.094789953644053, 0.0 ], [ 103.62178733345992, 16.094784909188451, 0.0 ], [ 103.621794032251429, 16.094780412063976, 0.0 ], [ 103.621801110969102, 16.094776496496415, 0.0 ], [ 103.621808515739644, 16.094773192285594, 0.0 ], [ 103.621816190208364, 16.094770524578514, 0.0 ], [ 103.621824075967965, 16.094768513678012, 0.0 ], [ 103.621832113003151, 16.094767174888247, 0.0 ], [ 103.621840240147307, 16.09476651839821, 0.0 ], [ 103.621848395548042, 16.094766549204184, 0.0 ], [ 103.621856517137914, 16.094767267071717, 0.0 ], [ 103.62186454310681, 16.094768666537437, 0.0 ], [ 103.621865046877488, 16.094768777924635, 0.0 ] ] } },
{ "type": "Feature", "properties": { }, "geometry": { "type": "LineString", "coordinates": [ [ 103.621876394245334, 16.094715655894131, 0.0 ], [ 103.621868536940468, 16.094713543457136, 0.0 ], [ 103.621860899972106, 16.094710776996809, 0.0 ], [ 103.621853541462272, 16.094707377567609, 0.0 ], [ 103.621846517413687, 16.094703371041291, 0.0 ], [ 103.621839881283634, 16.094698787909977, 0.0 ], [ 103.621833683577108, 16.094693663054091, 0.0 ], [ 103.621827971462395, 16.094688035476928, 0.0 ], [ 103.621822788412118, 16.094681948007786, 0.0 ], [ 103.621818173872427, 16.094675446976023, 0.0 ], [ 103.621814162962693, 16.094668581858453, 0.0 ], [ 103.621810786208314, 16.094661404902787, 0.0 ], [ 103.621808069308386, 16.094653970730022, 0.0 ], [ 103.621806032940071, 16.094646335918725, 0.0 ], [ 103.621804692601302, 16.094638558574438, 0.0 ], [ 103.621804058492756, 16.094630697887432, 0.0 ], [ 103.621804135440328, 16.0946228136823, 0.0 ], [ 103.621804922858303, 16.094614965962599, 0.0 ], [ 103.621806299539472, 16.094607701490656, 0.0 ] ] } },
{ "type": "Feature", "properties": { }, "geometry": { "type": "LineString", "coordinates": [ [ 103.626585080029983, 16.09540670771047, 0.0 ], [ 103.629233200159462, 16.096432164503018, 0.0 ] ] } },
{ "type": "Feature", "properties": { }, "geometry": { "type": "LineString", "coordinates": [ [ 103.626158101262646, 16.09526422761159, 0.0 ], [ 103.626541904285247, 16.095390229490523, 0.0 ], [ 103.626585080029983, 16.09540670771047, 0.0 ] ] } },
{ "type": "Feature", "properties": { }, "geometry": { "type": "LineString", "coordinates": [ [ 103.623922297142542, 16.094633920527336, 0.0 ], [ 103.626158101262646, 16.09526422761159, 0.0 ] ] } },
{ "type": "Feature", "properties": { }, "geometry": { "type": "LineString", "coordinates": [ [ 103.623621681297195, 16.094559604447948, 0.0 ], [ 103.623922297142542, 16.094633920527336, 0.0 ] ] } },
{ "type": "Feature", "properties": { }, "geometry": { "type": "LineString", "coordinates": [ [ 103.621991462357983, 16.094212210466903, 0.0 ], [ 103.623621681297195, 16.094559604447948, 0.0 ] ] } },
{ "type": "Feature", "properties": { }, "geometry": { "type": "LineString", "coordinates": [ [ 103.626605936545644, 16.095356368351361, 0.0 ], [ 103.629223381660765, 16.096369946711782, 0.0 ] ] } },
{ "type": "Feature", "properties": { }, "geometry": { "type": "LineString", "coordinates": [ [ 103.626173803196508, 16.095212168214683, 0.0 ], [ 103.626562239573175, 16.095339691204035, 0.0 ], [ 103.626605936545644, 16.095356368351361, 0.0 ] ] } },
{ "type": "Feature", "properties": { }, "geometry": { "type": "LineString", "coordinates": [ [ 103.623937999582367, 16.094581861333214, 0.0 ], [ 103.626173803196508, 16.095212168214683, 0.0 ] ] } },
{ "type": "Feature", "properties": { }, "geometry": { "type": "LineString", "coordinates": [ [ 103.623633754643365, 16.094506648103035, 0.0 ], [ 103.623937999582367, 16.094581861333214, 0.0 ] ] } },
{ "type": "Feature", "properties": { }, "geometry": { "type": "LineString", "coordinates": [ [ 103.622003323748189, 16.094159208992135, 0.0 ], [ 103.623633754643365, 16.094506648103035, 0.0 ] ] } },
{ "type": "Feature", "properties": { }, "geometry": { "type": "LineString", "coordinates": [ [ 103.626309086877569, 16.095887055903017, 0.0 ], [ 103.627685504254103, 16.096388850354888, 0.0 ] ] } },
{ "type": "Feature", "properties": { }, "geometry": { "type": "LineString", "coordinates": [ [ 103.626046831906081, 16.095799944403833, 0.0 ], [ 103.626309086877569, 16.095887055903017, 0.0 ] ] } },
{ "type": "Feature", "properties": { }, "geometry": { "type": "LineString", "coordinates": [ [ 103.624244562377498, 16.095258513489885, 0.0 ], [ 103.626046831906081, 16.095799944403833, 0.0 ] ] } },
{ "type": "Feature", "properties": { }, "geometry": { "type": "LineString", "coordinates": [ [ 103.623912145837338, 16.095171492207879, 0.0 ], [ 103.624244562377498, 16.095258513489885, 0.0 ] ] } },
{ "type": "Feature", "properties": { }, "geometry": { "type": "LineString", "coordinates": [ [ 103.621876394245334, 16.094715655894131, 0.0 ], [ 103.623912145837338, 16.095171492207879, 0.0 ] ] } },
{ "type": "Feature", "properties": { }, "geometry": { "type": "LineString", "coordinates": [ [ 103.627338468443554, 16.096320289044694, 0.0 ], [ 103.627339968089316, 16.096320909272894, 0.0 ], [ 103.62734140611424, 16.096321653501004, 0.0 ], [ 103.627342771574106, 16.096322516065001, 0.0 ], [ 103.627344054076943, 16.096323490400259, 0.0 ], [ 103.627345243862138, 16.09632456909149, 0.0 ], [ 103.627346331874691, 16.096325743929214, 0.0 ], [ 103.627347309834178, 16.096327005972196, 0.0 ], [ 103.627348170297736, 16.096328345615539, 0.0 ], [ 103.627348906716705, 16.096329752663735, 0.0 ], [ 103.627349513486507, 16.09633121640832, 0.0 ], [ 103.627349985989227, 16.096332725709303, 0.0 ], [ 103.627350320628878, 16.096334269079996, 0.0 ], [ 103.627350514858591, 16.096335834774404, 0.0 ], [ 103.62735056720021, 16.096337410876668, 0.0 ], [ 103.627350477255348, 16.096338985391682, 0.0 ], [ 103.627350245708527, 16.096340546336446, 0.0 ], [ 103.627349874321993, 16.096342081831217, 0.0 ], [ 103.627349365922186, 16.096343580189959, 0.0 ], [ 103.627348724378351, 16.09634503000926, 0.0 ], [ 103.627347954573011, 16.096346420255106, 0.0 ], [ 103.627347062364848, 16.096347740346893, 0.0 ], [ 103.62734605454412, 16.096348980237924, 0.0 ], [ 103.627344938780922, 16.096350130491867, 0.0 ], [ 103.627343723566923, 16.09635118235461, 0.0 ], [ 103.627342418150604, 16.096352127820836, 0.0 ], [ 103.627341032466987, 16.096352959694975, 0.0 ], [ 103.62733957706196, 16.09635367164595, 0.0 ], [ 103.627338063012033, 16.096354258255399, 0.0 ], [ 103.627336501840048, 16.096354715058855, 0.0 ], [ 103.62733490542746, 16.096355038579777, 0.0 ], [ 103.62733333547591, 16.096355222657174, 0.0 ] ] } },
{ "type": "Feature", "properties": { }, "geometry": { "type": "LineString", "coordinates": [ [ 103.626290852972488, 16.095938363427074, 0.0 ], [ 103.627338468443554, 16.096320289044694, 0.0 ] ] } },
{ "type": "Feature", "properties": { }, "geometry": { "type": "LineString", "coordinates": [ [ 103.626028597945293, 16.095851251901294, 0.0 ], [ 103.626290852972488, 16.095938363427074, 0.0 ] ] } },
{ "type": "Feature", "properties": { }, "geometry": { "type": "LineString", "coordinates": [ [ 103.624229892182626, 16.095310891551421, 0.0 ], [ 103.626028597945293, 16.095851251901294, 0.0 ] ] } },
{ "type": "Feature", "properties": { }, "geometry": { "type": "LineString", "coordinates": [ [ 103.623897475565443, 16.095223870240723, 0.0 ], [ 103.624229892182626, 16.095310891551421, 0.0 ] ] } },
{ "type": "Feature", "properties": { }, "geometry": { "type": "LineString", "coordinates": [ [ 103.621865046877488, 16.094768777924635, 0.0 ], [ 103.623897475565443, 16.095223870240723, 0.0 ] ] } },
{ "type": "Feature", "properties": { }, "geometry": { "type": "LineString", "coordinates": [ [ 103.615528165925667, 16.093610739174981, 0.0 ], [ 103.616356805229344, 16.093620315413158, 0.0 ], [ 103.616357766500329, 16.09362031059166, 0.0 ], [ 103.616358727035717, 16.093620273923101, 0.0 ], [ 103.616359685706996, 16.093620205450549, 0.0 ], [ 103.616360641387857, 16.093620105254466, 0.0 ], [ 103.616361592955499, 16.093619973452562, 0.0 ], [ 103.616362539291956, 16.093619810199677, 0.0 ], [ 103.616363479285425, 16.093619615687629, 0.0 ], [ 103.616364411831483, 16.093619390144934, 0.0 ], [ 103.616365335834558, 16.093619133836572, 0.0 ], [ 103.616366250209055, 16.093618847063688, 0.0 ], [ 103.616367153880702, 16.093618530163187, 0.0 ], [ 103.61636804578778, 16.093618183507395, 0.0 ], [ 103.616368924882451, 16.093617807503581, 0.0 ], [ 103.616369790131884, 16.093617402593505, 0.0 ], [ 103.616370640519492, 16.093616969252874, 0.0 ], [ 103.616371475046222, 16.09361650799082, 0.0 ], [ 103.616372292731597, 16.09361601934927, 0.0 ], [ 103.616373092614936, 16.093615503902285, 0.0 ], [ 103.616373873756487, 16.093614962255479, 0.0 ], [ 103.616374635238515, 16.093614395045204, 0.0 ], [ 103.616375376166374, 16.093613802937856, 0.0 ], [ 103.616376095669565, 16.093613186629092, 0.0 ], [ 103.616376792902784, 16.093612546842984, 0.0 ], [ 103.616377467046846, 16.093611884331207, 0.0 ], [ 103.616378117309736, 16.093611199872115, 0.0 ], [ 103.616378742927495, 16.093610494269875, 0.0 ], [ 103.616379343165065, 16.09360976835346, 0.0 ], [ 103.616379917317275, 16.093609022975748, 0.0 ], [ 103.616380464709565, 16.093608259012431, 0.0 ], [ 103.616380984698822, 16.093607477361093, 0.0 ], [ 103.616381476674121, 16.093606678940052, 0.0 ], [ 103.616381940057465, 16.093605864687369, 0.0 ], [ 103.616382374304422, 16.093605035559666, 0.0 ], [ 103.616382778904807, 16.093604192531071, 0.0 ], [ 103.616383153383296, 16.093603336592029, 0.0 ], [ 103.616383497299921, 16.093602468748159, 0.0 ], [ 103.616383810250596, 16.09360159001907, 0.0 ], [ 103.616384091867673, 16.093600701437143, 0.0 ], [ 103.616384341820279, 16.093599804046342, 0.0 ], [ 103.616384559814747, 16.093598898901, 0.0 ], [ 103.616384745594971, 16.093597987064534, 0.0 ], [ 103.616384898942684, 16.093597069608233, 0.0 ], [ 103.616395927758845, 16.093523051758584, 0.0 ] ] } },
{ "type": "Feature", "properties": { }, "geometry": { "type": "LineString", "coordinates": [ [ 103.615528836468016, 16.093556515758294, 0.0 ], [ 103.616299682898799, 16.093565424196235, 0.0 ], [ 103.616301644780847, 16.093565413691042, 0.0 ], [ 103.616303605082734, 16.093565336859125, 0.0 ], [ 103.616305561406151, 16.093565193794472, 0.0 ], [ 103.616307511357647, 16.093564984672124, 0.0 ], [ 103.616309452551519, 16.093564709747927, 0.0 ], [ 103.616311382612849, 16.093564369358241, 0.0 ], [ 103.616313299180291, 16.093563963919514, 0.0 ], [ 103.616315199909025, 16.093563493927778, 0.0 ], [ 103.6163170824736, 16.093562959958039, 0.0 ], [ 103.616318944570793, 16.093562362663594, 0.0 ], [ 103.616320783922447, 16.09356170277519, 0.0 ], [ 103.616322598278174, 16.093560981100175, 0.0 ], [ 103.616324385418224, 16.09356019852148, 0.0 ], [ 103.61632614315613, 16.093559355996543, 0.0 ], [ 103.616327869341362, 16.093558454556167, 0.0 ], [ 103.616329561862045, 16.093557495303195, 0.0 ], [ 103.616331218647446, 16.09355647941123, 0.0 ], [ 103.616332837670598, 16.093555408123184, 0.0 ], [ 103.616334416950693, 16.093554282749707, 0.0 ], [ 103.616335954555552, 16.093553104667642, 0.0 ], [ 103.616337448604014, 16.093551875318305, 0.0 ], [ 103.616338897268193, 16.093550596205745, 0.0 ], [ 103.616340298775711, 16.093549268894883, 0.0 ], [ 103.616341651411886, 16.093547895009632, 0.0 ], [ 103.616342953521837, 16.093546476230863, 0.0 ], [ 103.61634420351254, 16.093545014294378, 0.0 ], [ 103.616345399854652, 16.093543510988788, 0.0 ], [ 103.616346541084525, 16.093541968153303, 0.0 ], [ 103.616347625805915, 16.0935403876755, 0.0 ], [ 103.616348652691741, 16.093538771489019, 0.0 ], [ 103.616349620485664, 16.093537121571181, 0.0 ], [ 103.616350528003622, 16.09353543994057, 0.0 ], [ 103.61635137413532, 16.093533728654588, 0.0 ], [ 103.616352157845554, 16.093531989806898, 0.0 ], [ 103.616352878175519, 16.093530225524884, 0.0 ], [ 103.616353534243899, 16.093528437967063, 0.0 ], [ 103.616354125248066, 16.093526629320412, 0.0 ], [ 103.616354650464928, 16.093524801797727, 0.0 ], [ 103.616355109251927, 16.093522957634892, 0.0 ], [ 103.616355501047749, 16.093521099088129, 0.0 ], [ 103.616355825373063, 16.093519228431283, 0.0 ], [ 103.616356081831071, 16.093517347953004, 0.0 ], [ 103.616355517517746, 16.093522129681727, 0.0 ] ] } },
{ "type": "Feature", "properties": { }, "geometry": { "type": "LineString", "coordinates": [ [ 103.615364463782697, 16.094190259473599, 0.0 ], [ 103.61443215597329, 16.094217153464772, 0.0 ], [ 103.614430242252666, 16.094217240311018, 0.0 ], [ 103.61442833271613, 16.094217390291536, 0.0 ], [ 103.614426429591447, 16.09421760323136, 0.0 ], [ 103.614424535098877, 16.094217878882059, 0.0 ], [ 103.614422651448606, 16.094218216922044, 0.0 ], [ 103.614420780838188, 16.094218616956955, 0.0 ], [ 103.614418925449939, 16.09421907852008, 0.0 ], [ 103.61441708744843, 16.094219601072957, 0.0 ], [ 103.614415268977936, 16.094220184005948, 0.0 ], [ 103.614413472159995, 16.094220826638974, 0.0 ], [ 103.614411699090809, 16.094221528222327, 0.0 ], [ 103.614409951838923, 16.094222287937495, 0.0 ], [ 103.61440823244277, 16.094223104898173, 0.0 ], [ 103.614406542908227, 16.094223978151259, 0.0 ], [ 103.614404885206412, 16.094224906677994, 0.0 ], [ 103.614403261271249, 16.094225889395094, 0.0 ], [ 103.614401672997289, 16.094226925156118, 0.0 ], [ 103.61440012223747, 16.094228012752669, 0.0 ], [ 103.614398610800976, 16.09422915091594, 0.0 ], [ 103.614397140451118, 16.094230338318081, 0.0 ], [ 103.61439571290326, 16.094231573573843, 0.0 ], [ 103.614394329822829, 16.094232855242112, 0.0 ], [ 103.614392992823412, 16.094234181827648, 0.0 ], [ 103.614391703464761, 16.094235551782813, 0.0 ], [ 103.614390463251127, 16.094236963509339, 0.0 ], [ 103.614389273629399, 16.094238415360266, 0.0 ], [ 103.614388135987397, 16.094239905641796, 0.0 ], [ 103.6143870516524, 16.094241432615323, 0.0 ], [ 103.614386021889402, 16.094242994499396, 0.0 ], [ 103.614385047899773, 16.094244589471874, 0.0 ], [ 103.614384130819801, 16.094246215671994, 0.0 ], [ 103.614383271719419, 16.094247871202555, 0.0 ], [ 103.614382471600862, 16.094249554132169, 0.0 ], [ 103.614381731397586, 16.094251262497437, 0.0 ], [ 103.614381051973155, 16.094252994305332, 0.0 ], [ 103.614380434120193, 16.094254747535444, 0.0 ], [ 103.614379878559532, 16.094256520142388, 0.0 ], [ 103.61437938593933, 16.094258310058173, 0.0 ], [ 103.614378956834273, 16.094260115194604, 0.0 ], [ 103.614378591744966, 16.09426193344574, 0.0 ], [ 103.614378291097353, 16.094263762690332, 0.0 ], [ 103.614379017216649, 16.094258799188182, 0.0 ] ] } },
{ "type": "Feature", "properties": { }, "geometry": { "type": "LineString", "coordinates": [ [ 103.615362790791124, 16.09413605631477, 0.0 ], [ 103.614379861144783, 16.094164410482311, 0.0 ], [ 103.614378565786822, 16.094164469595153, 0.0 ], [ 103.614377273327932, 16.09416457209656, 0.0 ], [ 103.614375985322567, 16.094164717863258, 0.0 ], [ 103.614374703319783, 16.094164906719946, 0.0 ], [ 103.614373428861427, 16.094165138439465, 0.0 ], [ 103.614372163480283, 16.094165412743148, 0.0 ], [ 103.614370908698191, 16.094165729301086, 0.0 ], [ 103.614369666024302, 16.094166087732557, 0.0 ], [ 103.614368436953114, 16.094166487606483, 0.0 ], [ 103.614367222962855, 16.094166928441936, 0.0 ], [ 103.614366025513561, 16.094167409708728, 0.0 ], [ 103.61436484604539, 16.094167930828064, 0.0 ], [ 103.614363685976869, 16.094168491173171, 0.0 ], [ 103.614362546703234, 16.094169090070142, 0.0 ], [ 103.614361429594624, 16.09416972679869, 0.0 ], [ 103.61436033599459, 16.094170400593033, 0.0 ], [ 103.614359267218418, 16.094171110642812, 0.0 ], [ 103.614358224551481, 16.094171856094043, 0.0 ], [ 103.6143572092478, 16.094172636050189, 0.0 ], [ 103.614356222528457, 16.094173449573205, 0.0 ], [ 103.614355265580187, 16.094174295684674, 0.0 ], [ 103.61435433955387, 16.094175173366999, 0.0 ], [ 103.614353445563253, 16.09417608156458, 0.0 ], [ 103.614352584683516, 16.094177019185157, 0.0 ], [ 103.614351757950047, 16.094177985101059, 0.0 ], [ 103.614350966357122, 16.094178978150588, 0.0 ], [ 103.614350210856799, 16.094179997139427, 0.0 ], [ 103.614349492357704, 16.094181040842034, 0.0 ], [ 103.614348811723971, 16.094182108003164, 0.0 ], [ 103.614348169774189, 16.094183197339362, 0.0 ], [ 103.614347567280419, 16.094184307540491, 0.0 ], [ 103.614347004967286, 16.094185437271328, 0.0 ], [ 103.614346483511071, 16.094186585173155, 0.0 ], [ 103.614346003538913, 16.094187749865405, 0.0 ], [ 103.614345565628099, 16.094188929947318, 0.0 ], [ 103.61434517030527, 16.094190123999621, 0.0 ], [ 103.614344818045879, 16.094191330586241, 0.0 ], [ 103.614344509273621, 16.094192548256036, 0.0 ], [ 103.614344244359799, 16.094193775544532, 0.0 ], [ 103.614344023623062, 16.09419501097566, 0.0 ], [ 103.614343847328882, 16.094196253063604, 0.0 ], [ 103.614343715689273, 16.094197500314518, 0.0 ], [ 103.614339444015172, 16.094246346939091, 0.0 ] ] } },
{ "type": "Feature", "properties": { }, "geometry": { "type": "LineString", "coordinates": [ [ 103.615473297308796, 16.094081376632143, 0.0 ], [ 103.61547291339312, 16.094090830793469, 0.0 ], [ 103.615471678645292, 16.094100216629748, 0.0 ], [ 103.615469602462397, 16.094109462709088, 0.0 ], [ 103.615466700645314, 16.094118498663192, 0.0 ], [ 103.615462995278534, 16.09412725572297, 0.0 ], [ 103.615458514562064, 16.094135667241847, 0.0 ], [ 103.615453292596783, 16.094143669203056, 0.0 ], [ 103.615447369124979, 16.094151200706762, 0.0 ], [ 103.615440789227804, 16.094158204433615, 0.0 ], [ 103.615433602982264, 16.094164627080982, 0.0 ], [ 103.615425865080027, 16.094170419768581, 0.0 ], [ 103.615417634411259, 16.094175538410493, 0.0 ], [ 103.615408973616383, 16.094179944050733, 0.0 ], [ 103.615399948609337, 16.094183603159664, 0.0 ], [ 103.615390628075957, 16.094186487889228, 0.0 ], [ 103.615381082951274, 16.094188576284864, 0.0 ], [ 103.615371385879513, 16.094189852452605, 0.0 ], [ 103.615364463782697, 16.094190259473599, 0.0 ] ] } },
{ "type": "Feature", "properties": { }, "geometry": { "type": "LineString", "coordinates": [ [ 103.615471405742269, 16.093665200883919, 0.0 ], [ 103.615473297308796, 16.094081376632143, 0.0 ] ] } },
{ "type": "Feature", "properties": { }, "geometry": { "type": "LineString", "coordinates": [ [ 103.615471405742269, 16.093665200883919, 0.0 ], [ 103.615471597698885, 16.093660473803055, 0.0 ], [ 103.615472215070596, 16.093655780884625, 0.0 ], [ 103.615473253158768, 16.093651157844569, 0.0 ], [ 103.615474704062933, 16.093646639867011, 0.0 ], [ 103.615476556740774, 16.093642261336466, 0.0 ], [ 103.615478797092294, 16.0936380555762, 0.0 ], [ 103.615481408067041, 16.093634054594578, 0.0 ], [ 103.615484369793919, 16.09363028884145, 0.0 ], [ 103.615487659732381, 16.093626786976472, 0.0 ], [ 103.615491252844024, 16.09362357565093, 0.0 ], [ 103.615495121783084, 16.093620679304948, 0.0 ], [ 103.615499237104615, 16.093618119981436, 0.0 ], [ 103.61550356748856, 16.093615917158392, 0.0 ], [ 103.615508079978085, 16.093614087600617, 0.0 ], [ 103.615512740230471, 16.093612645232135, 0.0 ], [ 103.615517512778396, 16.093611601030251, 0.0 ], [ 103.615522361299881, 16.093610962941948, 0.0 ], [ 103.61552724889485, 16.093610735823479, 0.0 ], [ 103.615528165925667, 16.093610739174981, 0.0 ] ] } },
{ "type": "Feature", "properties": { }, "geometry": { "type": "LineString", "coordinates": [ [ 103.615417207553463, 16.09408161490131, 0.0 ], [ 103.615417015594318, 16.094086341981818, 0.0 ], [ 103.615416398219153, 16.094091034899698, 0.0 ], [ 103.615415360126534, 16.094095657939008, 0.0 ], [ 103.615413909216954, 16.094100175915617, 0.0 ], [ 103.615412056532705, 16.094104554444996, 0.0 ], [ 103.615409816173781, 16.094108760203863, 0.0 ], [ 103.615407205190678, 16.094112761183855, 0.0 ], [ 103.61540424345452, 16.094116526935064, 0.0 ], [ 103.615400953505912, 16.094120028797853, 0.0 ], [ 103.615397360383341, 16.094123240120926, 0.0 ], [ 103.61539349143267, 16.094126136464137, 0.0 ], [ 103.615389376098932, 16.094128695784566, 0.0 ], [ 103.615385045702325, 16.094130898604224, 0.0 ], [ 103.615380533199811, 16.094132728158314, 0.0 ], [ 103.61537587293428, 16.094134170522818, 0.0 ], [ 103.615371100373167, 16.094135214720456, 0.0 ], [ 103.615366251838594, 16.094135852804257, 0.0 ], [ 103.615362790791124, 16.09413605631477, 0.0 ] ] } },
{ "type": "Feature", "properties": { }, "geometry": { "type": "LineString", "coordinates": [ [ 103.615415316103906, 16.093665439161747, 0.0 ], [ 103.615417207553463, 16.09408161490131, 0.0 ] ] } },
{ "type": "Feature", "properties": { }, "geometry": { "type": "LineString", "coordinates": [ [ 103.615415316103906, 16.093665439161747, 0.0 ], [ 103.615415700019796, 16.093655985000311, 0.0 ], [ 103.615416934765733, 16.093646599163968, 0.0 ], [ 103.615419010944407, 16.093637353084571, 0.0 ], [ 103.615421912754783, 16.093628317130335, 0.0 ], [ 103.615425618112226, 16.093619560070294, 0.0 ], [ 103.615430098816617, 16.093611148550909, 0.0 ], [ 103.615435320767062, 16.093603146588872, 0.0 ], [ 103.615441244221316, 16.093595615083895, 0.0 ], [ 103.615447824098283, 16.093588611355212, 0.0 ], [ 103.615455010321142, 16.093582188705373, 0.0 ], [ 103.615462748198397, 16.093576396014562, 0.0 ], [ 103.615470978840165, 16.0935712773686, 0.0 ], [ 103.615479639606363, 16.093566871723432, 0.0 ], [ 103.615488664583424, 16.093563212608643, 0.0 ], [ 103.615497985085895, 16.093560327872254, 0.0 ], [ 103.615507530179244, 16.09355823946883, 0.0 ], [ 103.615517227219627, 16.093556963292365, 0.0 ], [ 103.61552700240685, 16.093556509055333, 0.0 ], [ 103.615528836468016, 16.093556515758294, 0.0 ] ] } },
{ "type": "Feature", "properties": { }, "geometry": { "type": "LineString", "coordinates": [ [ 103.587342561097401, 16.097093391862359, 0.0 ], [ 103.587346628984704, 16.097093118211045, 0.0 ], [ 103.587350706062551, 16.097093188359615, 0.0 ], [ 103.587354761301896, 16.097093601774191, 0.0 ], [ 103.587358763839973, 16.097094355308442, 0.0 ], [ 103.587362683215034, 16.09709544322752, 0.0 ], [ 103.58736648959831, 16.097096857251721, 0.0 ], [ 103.587370154020945, 16.09709858661946, 0.0 ], [ 103.587373648594465, 16.097100618169225, 0.0 ], [ 103.587376946723069, 16.097102936439697, 0.0 ], [ 103.587380023305997, 16.097105523787459, 0.0 ], [ 103.587382854928634, 16.097108360521233, 0.0 ], [ 103.58738542004059, 16.097111425051768, 0.0 ], [ 103.587387699119816, 16.097114694056167, 0.0 ], [ 103.587389674821125, 16.097118142655319, 0.0 ], [ 103.587391332108254, 16.097121744603314, 0.0 ], [ 103.587392658368174, 16.097125472487171, 0.0 ], [ 103.587393643507298, 16.097129297935425, 0.0 ], [ 103.58739428002805, 16.097133191834139, 0.0 ], [ 103.587394563086136, 16.097137124548365, 0.0 ], [ 103.587394490527259, 16.097141066147788, 0.0 ], [ 103.587394062903655, 16.097144986634458, 0.0 ], [ 103.587393283469751, 16.097148856171085, 0.0 ], [ 103.587392158157485, 16.097152645308164, 0.0 ], [ 103.58739069553117, 16.097156325208065, 0.0 ], [ 103.587388906722239, 16.097159867864526, 0.0 ], [ 103.587386805344607, 16.097163246315773, 0.0 ], [ 103.587386177322244, 16.097164139570392, 0.0 ] ] } },
{ "type": "Feature", "properties": { }, "geometry": { "type": "LineString", "coordinates": [ [ 103.587648530943795, 16.097079276932142, 0.0 ], [ 103.587650623706168, 16.097075893486423, 0.0 ], [ 103.587653013527245, 16.097072699251086, 0.0 ], [ 103.587655682219051, 16.097069718536154, 0.0 ], [ 103.587658609471248, 16.097066974026685, 0.0 ], [ 103.587661773005635, 16.097064486610023, 0.0 ], [ 103.587665148745856, 16.097062275216917, 0.0 ], [ 103.587668711000461, 16.097060356677385, 0.0 ], [ 103.587672432658593, 16.097058745592676, 0.0 ], [ 103.587676285396157, 16.097057454224082, 0.0 ], [ 103.587680239891554, 16.09705649239973, 0.0 ], [ 103.587684266048683, 16.097055867439657, 0.0 ], [ 103.587684380376828, 16.097055854746703, 0.0 ] ] } },
{ "type": "Feature", "properties": { }, "geometry": { "type": "LineString", "coordinates": [ [ 103.587470914695388, 16.097096757346169, 0.0 ], [ 103.587473197862025, 16.097093491008636, 0.0 ], [ 103.587475766805397, 16.097090429479216, 0.0 ], [ 103.587478601974269, 16.097087596057992, 0.0 ], [ 103.587481681791317, 16.09708501230898, 0.0 ], [ 103.587484982817273, 16.097082697896077, 0.0 ], [ 103.58748847992932, 16.09708067043335, 0.0 ], [ 103.587492146512375, 16.097078945351004, 0.0 ], [ 103.58749595466152, 16.097077535777956, 0.0 ], [ 103.587499875394442, 16.097076452441907, 0.0 ], [ 103.587503878872042, 16.097075703587667, 0.0 ], [ 103.587505472169696, 16.097075501743152, 0.0 ] ] } },
{ "type": "Feature", "properties": { }, "geometry": { "type": "LineString", "coordinates": [ [ 103.587528985553675, 16.097072919604521, 0.0 ], [ 103.587533053440623, 16.097072645949606, 0.0 ], [ 103.587537130518413, 16.097072716094591, 0.0 ], [ 103.587541185758042, 16.097073129505624, 0.0 ], [ 103.587545188296701, 16.097073883036405, 0.0 ], [ 103.587549107672686, 16.097074970952118, 0.0 ], [ 103.587552914057184, 16.097076384973064, 0.0 ], [ 103.58755657848134, 16.097078114337716, 0.0 ], [ 103.587560073056679, 16.097080145884554, 0.0 ], [ 103.587563371187372, 16.097082464152301, 0.0 ], [ 103.587566447772673, 16.097085051497551, 0.0 ], [ 103.587569279397897, 16.097087888229048, 0.0 ], [ 103.587571844512667, 16.097090952757565, 0.0 ], [ 103.587574123594905, 16.097094221760202, 0.0 ], [ 103.587576099299412, 16.097097670357876, 0.0 ], [ 103.58757775658988, 16.097101272304684, 0.0 ], [ 103.587579082853296, 16.097105000187646, 0.0 ], [ 103.587580067995972, 16.097108825635338, 0.0 ], [ 103.587580704520391, 16.097112719533783, 0.0 ], [ 103.587580987582172, 16.097116652248054, 0.0 ], [ 103.587580915027019, 16.097120593847851, 0.0 ], [ 103.587580487407124, 16.097124514335192, 0.0 ], [ 103.587579707976886, 16.097128383872811, 0.0 ], [ 103.587578582668229, 16.097132173011165, 0.0 ], [ 103.58757712004541, 16.09713585291264, 0.0 ], [ 103.587575331239876, 16.097139395570942, 0.0 ], [ 103.587574282642819, 16.09714116480006, 0.0 ] ] } },
{ "type": "Feature", "properties": { }, "geometry": { "type": "LineString", "coordinates": [ [ 103.587841290504741, 16.09645648568279, 0.0 ], [ 103.58879758676396, 16.096351465087682, 0.0 ] ] } },
{ "type": "Feature", "properties": { }, "geometry": { "type": "LineString", "coordinates": [ [ 103.588078081997523, 16.096148320297285, 0.0 ], [ 103.588008565555469, 16.096301542077995, 0.0 ], [ 103.588007809553943, 16.096303290848365, 0.0 ], [ 103.588007117229139, 16.096305064092817, 0.0 ], [ 103.588006489426888, 16.096306859645019, 0.0 ], [ 103.588005926914107, 16.096308675311384, 0.0 ], [ 103.588005430378061, 16.096310508873753, 0.0 ], [ 103.588005000425326, 16.096312358092099, 0.0 ], [ 103.588004637581165, 16.096314220707274, 0.0 ], [ 103.588004342288897, 16.09631609444375, 0.0 ], [ 103.588004114909225, 16.096317977012443, 0.0 ], [ 103.588003955719984, 16.09631986611344, 0.0 ], [ 103.588003864915621, 16.096321759438876, 0.0 ], [ 103.58800384260708, 16.096323654675714, 0.0 ], [ 103.588003888821632, 16.096325549508592, 0.0 ], [ 103.588004003502803, 16.096327441622609, 0.0 ], [ 103.588004186510489, 16.096329328706236, 0.0 ], [ 103.588004437621123, 16.09633120845405, 0.0 ], [ 103.588004756527923, 16.096333078569607, 0.0 ], [ 103.588005142841297, 16.096334936768212, 0.0 ], [ 103.588005596089303, 16.096336780779765, 0.0 ], [ 103.588006115718201, 16.096338608351463, 0.0 ], [ 103.588006701093192, 16.096340417250602, 0.0 ], [ 103.588007351499115, 16.096342205267284, 0.0 ], [ 103.588008066141413, 16.096343970217138, 0.0 ], [ 103.588008844146998, 16.09634570994394, 0.0 ], [ 103.588009684565407, 16.096347422322332, 0.0 ], [ 103.588010586369933, 16.096349105260309, 0.0 ], [ 103.588011548458852, 16.096350756701877, 0.0 ], [ 103.588012569656783, 16.096352374629493, 0.0 ], [ 103.588013648716171, 16.096353957066583, 0.0 ], [ 103.588014784318759, 16.096355502079906, 0.0 ], [ 103.588015975077198, 16.096357007781947, 0.0 ], [ 103.588017219536752, 16.096358472333229, 0.0 ], [ 103.588018516177129, 16.096359893944541, 0.0 ], [ 103.588019863414203, 16.096361270879125, 0.0 ], [ 103.588021259602101, 16.096362601454807, 0.0 ], [ 103.588022703035151, 16.096363884046053, 0.0 ], [ 103.588024191949913, 16.096365117085949, 0.0 ], [ 103.588025724527427, 16.096366299068109, 0.0 ], [ 103.588027298895369, 16.096367428548529, 0.0 ], [ 103.588028913130358, 16.096368504147357, 0.0 ], [ 103.58803056526034, 16.09636952455055, 0.0 ], [ 103.588032253266931, 16.096370488511489, 0.0 ], [ 103.588033975087924, 16.09637139485255, 0.0 ], [ 103.588035728619829, 16.096372242466447, 0.0 ], [ 103.588037511720344, 16.096373030317682, 0.0 ], [ 103.588039322211117, 16.096373757443747, 0.0 ], [ 103.588041157880326, 16.09637442295633, 0.0 ], [ 103.588043016485344, 16.096375026042388, 0.0 ], [ 103.588044895755559, 16.096375565965143, 0.0 ], [ 103.588046793395137, 16.096376042064982, 0.0 ], [ 103.588048707085719, 16.096376453760261, 0.0 ], [ 103.588050634489406, 16.096376800548025, 0.0 ], [ 103.588052573251531, 16.096377082004597, 0.0 ], [ 103.588054521003571, 16.096377297786148, 0.0 ], [ 103.58805647536596, 16.096377447629042, 0.0 ], [ 103.588058433951119, 16.096377531350232, 0.0 ], [ 103.588060394366252, 16.096377548847432, 0.0 ], [ 103.58806235421639, 16.096377500099262, 0.0 ], [ 103.588064311107232, 16.096377385165287, 0.0 ], [ 103.588066262648042, 16.096377204185909, 0.0 ], [ 103.588691818499427, 16.09630850533712, 0.0 ], [ 103.588693406569121, 16.096308304232814, 0.0 ], [ 103.58869498657981, 16.096308050646289, 0.0 ], [ 103.588696556676368, 16.096307744875283, 0.0 ], [ 103.588698115015291, 16.096307387278824, 0.0 ], [ 103.588699659766903, 16.09630697827675, 0.0 ], [ 103.588701189117458, 16.096306518349309, 0.0 ], [ 103.58870270127133, 16.0963060080365, 0.0 ], [ 103.588704194453044, 16.096305447937489, 0.0 ], [ 103.588705666909448, 16.096304838709905, 0.0 ], [ 103.58870711691165, 16.096304181069058, 0.0 ], [ 103.588708542757203, 16.096303475787103, 0.0 ], [ 103.588709942771985, 16.096302723692119, 0.0 ], [ 103.588711315312182, 16.096301925667166, 0.0 ], [ 103.588712658766298, 16.096301082649234, 0.0 ], [ 103.588713971556928, 16.096300195628107, 0.0 ], [ 103.588715252142677, 16.096299265645282, 0.0 ], [ 103.588716499020009, 16.09629829379266, 0.0 ], [ 103.588717710724907, 16.096297281211328, 0.0 ], [ 103.588718885834709, 16.096296229090157, 0.0 ], [ 103.588720022969667, 16.096295138664505, 0.0 ], [ 103.588721120794659, 16.096294011214642, 0.0 ], [ 103.588722178020689, 16.096292848064337, 0.0 ], [ 103.588723193406466, 16.096291650579278, 0.0 ], [ 103.588724165759771, 16.09629042016546, 0.0 ], [ 103.588725093938962, 16.096289158267535, 0.0 ], [ 103.588725976854235, 16.096287866367142, 0.0 ], [ 103.588726813468938, 16.096286545981126, 0.0 ], [ 103.588727602800802, 16.096285198659771, 0.0 ], [ 103.588728343923009, 16.096283825985019, 0.0 ], [ 103.588729035965443, 16.09628242956855, 0.0 ], [ 103.588729678115527, 16.096281011049935, 0.0 ], [ 103.588730269619305, 16.096279572094684, 0.0 ], [ 103.588730809782291, 16.096278114392312, 0.0 ], [ 103.588731297970256, 16.096276639654345, 0.0 ], [ 103.588731733610018, 16.096275149612307, 0.0 ], [ 103.588732116190059, 16.096273646015685, 0.0 ], [ 103.588732445261215, 16.096272130629906, 0.0 ], [ 103.588732720437108, 16.096270605234199, 0.0 ], [ 103.588732941394625, 16.096269071619581, 0.0 ], [ 103.588733107874361, 16.096267531586701, 0.0 ], [ 103.588733219680861, 16.096265986943749, 0.0 ], [ 103.588733276682817, 16.096264439504328, 0.0 ], [ 103.588733278813308, 16.096262891085313, 0.0 ], [ 103.588733226069863, 16.096261343504761, 0.0 ], [ 103.588733118514384, 16.096259798579705, 0.0 ], [ 103.588732956273176, 16.096258258124085, 0.0 ], [ 103.588732739536709, 16.096256723946585, 0.0 ], [ 103.588730801314043, 16.096244562106957, 0.0 ] ] } },
{ "type": "Feature", "properties": { }, "geometry": { "type": "LineString", "coordinates": [ [ 103.587870607104009, 16.09625687040478, 0.0 ], [ 103.587835517096181, 16.096334212361558, 0.0 ], [ 103.587834887093578, 16.096335669669575, 0.0 ], [ 103.587834310154889, 16.096337147372711, 0.0 ], [ 103.587833786984973, 16.096338643665675, 0.0 ], [ 103.587833318222962, 16.096340156720487, 0.0 ], [ 103.587832904441527, 16.096341684688678, 0.0 ], [ 103.587832546146203, 16.096343225703556, 0.0 ], [ 103.587832243774699, 16.096344777882511, 0.0 ], [ 103.587831997696412, 16.096346339329262, 0.0 ], [ 103.587831808211973, 16.096347908136234, 0.0 ], [ 103.587831675552877, 16.096349482386845, 0.0 ], [ 103.587831599881198, 16.096351060157872, 0.0 ], [ 103.587831581289365, 16.096352639521772, 0.0 ], [ 103.587831619800099, 16.096354218549092, 0.0 ], [ 103.587831715366363, 16.096355795310739, 0.0 ], [ 103.587831867871415, 16.09635736788044, 0.0 ], [ 103.587832077128908, 16.096358934337008, 0.0 ], [ 103.587832342883232, 16.096360492766742, 0.0 ], [ 103.58783266480971, 16.096362041265742, 0.0 ], [ 103.587833042515058, 16.096363577942231, 0.0 ], [ 103.587833475537849, 16.096365100918888, 0.0 ], [ 103.587833963349041, 16.096366608335135, 0.0 ], [ 103.587834505352717, 16.09636809834937, 0.0 ], [ 103.587835100886693, 16.096369569141295, 0.0 ], [ 103.587835749223458, 16.096371018914063, 0.0 ], [ 103.587836449570915, 16.096372445896524, 0.0 ], [ 103.587837201073498, 16.096373848345362, 0.0 ], [ 103.587838002813086, 16.096375224547227, 0.0 ], [ 103.587838853810226, 16.096376572820848, 0.0 ], [ 103.587839753025278, 16.096377891519065, 0.0 ], [ 103.587840699359674, 16.096379179030848, 0.0 ], [ 103.587841691657303, 16.096380433783281, 0.0 ], [ 103.587842728705908, 16.096381654243459, 0.0 ], [ 103.587843809238549, 16.096382838920356, 0.0 ], [ 103.587844931935152, 16.096383986366689, 0.0 ], [ 103.58784609542414, 16.09638509518064, 0.0 ], [ 103.587847298284117, 16.096386164007601, 0.0 ], [ 103.587848539045552, 16.096387191541794, 0.0 ], [ 103.587849816192659, 16.096388176527928, 0.0 ], [ 103.587851128165156, 16.096389117762637, 0.0 ], [ 103.587852473360229, 16.096390014096055, 0.0 ], [ 103.587853850134508, 16.096390864433122, 0.0 ], [ 103.587855256805994, 16.096391667735034, 0.0 ], [ 103.587856691656214, 16.096392423020397, 0.0 ], [ 103.587858152932185, 16.096393129366479, 0.0 ], [ 103.587859638848741, 16.096393785910383, 0.0 ], [ 103.587861147590573, 16.096394391849994, 0.0 ], [ 103.587862677314448, 16.09639494644507, 0.0 ], [ 103.587864226151567, 16.096395449018058, 0.0 ], [ 103.58786579220974, 16.096395898954977, 0.0 ], [ 103.587867373575719, 16.096396295706143, 0.0 ], [ 103.587868968317608, 16.096396638786874, 0.0 ], [ 103.587870574487141, 16.09639692777802, 0.0 ], [ 103.587872190122084, 16.096397162326522, 0.0 ], [ 103.587873813248649, 16.096397342145853, 0.0 ], [ 103.587875441883909, 16.096397467016313, 0.0 ], [ 103.587877074038175, 16.096397536785361, 0.0 ], [ 103.587878707717493, 16.096397551367765, 0.0 ], [ 103.587880340926034, 16.096397510745696, 0.0 ], [ 103.587881971668523, 16.096397414968791, 0.0 ], [ 103.587883597952725, 16.09639726415406, 0.0 ], [ 103.587905084786811, 16.096394904509943, 0.0 ], [ 103.587906698007814, 16.096394699795301, 0.0 ], [ 103.587908302881672, 16.096394440923465, 0.0 ], [ 103.58790989746376, 16.096394128208104, 0.0 ], [ 103.58791147982194, 16.096393762028121, 0.0 ], [ 103.587913048038885, 16.096393342827231, 0.0 ], [ 103.587914600214361, 16.096392871113373, 0.0 ], [ 103.587916134467648, 16.096392347458121, 0.0 ], [ 103.587917648939666, 16.096391772495977, 0.0 ], [ 103.587919141795339, 16.096391146923626, 0.0 ], [ 103.587920611225826, 16.096390471499078, 0.0 ], [ 103.587922055450576, 16.096389747040728, 0.0 ], [ 103.587923472719666, 16.096388974426411, 0.0 ], [ 103.587924861315756, 16.096388154592272, 0.0 ], [ 103.587926219556337, 16.096387288531737, 0.0 ], [ 103.587927545795608, 16.096386377294177, 0.0 ], [ 103.587928838426578, 16.096385421983751, 0.0 ], [ 103.587930095882982, 16.096384423757996, 0.0 ], [ 103.587931316641175, 16.096383383826467, 0.0 ], [ 103.587932499221935, 16.096382303449221, 0.0 ], [ 103.587933642192368, 16.096381183935367, 0.0 ], [ 103.587934744167555, 16.096380026641402, 0.0 ], [ 103.587935803812201, 16.096378832969616, 0.0 ], [ 103.587936819842369, 16.096377604366381, 0.0 ], [ 103.587937791026931, 16.096376342320372, 0.0 ], [ 103.587938716189115, 16.096375048360812, 0.0 ], [ 103.58793959420791, 16.096373724055589, 0.0 ], [ 103.587940424019408, 16.096372371009348, 0.0 ], [ 103.587941204618147, 16.09637099086158, 0.0 ], [ 103.587941935058282, 16.096369585284592, 0.0 ], [ 103.587942614454747, 16.096368155981505, 0.0 ], [ 103.587973339711766, 16.096300434303554, 0.0 ] ] } },
{ "type": "Feature", "properties": { }, "geometry": { "type": "LineString", "coordinates": [ [ 103.582795594125258, 16.096918360491493, 0.0 ], [ 103.582795940586223, 16.096917328892513, 0.0 ], [ 103.582795658141535, 16.096918221960461, 0.0 ], [ 103.582795407677409, 16.096919123902421, 0.0 ], [ 103.582795189490994, 16.09692003364836, 0.0 ], [ 103.582795003841156, 16.096920950118992, 0.0 ], [ 103.582794850948147, 16.096921872227057, 0.0 ], [ 103.582794730993314, 16.096922798878587, 0.0 ], [ 103.582794644119019, 16.09692372897424, 0.0 ], [ 103.582794590428279, 16.09692466141059, 0.0 ], [ 103.582794569984841, 16.096925595081419, 0.0 ], [ 103.582794582812923, 16.096926528879067, 0.0 ], [ 103.582794628897304, 16.096927461695699, 0.0 ], [ 103.582794708183329, 16.096928392424658, 0.0 ], [ 103.582794820576936, 16.096929319961763, 0.0 ], [ 103.582794965944785, 16.096930243206621, 0.0 ], [ 103.582795144114414, 16.096931161063914, 0.0 ], [ 103.582795354874435, 16.096932072444748, 0.0 ], [ 103.582795597974822, 16.09693297626788, 0.0 ], [ 103.582795873127182, 16.096933871461047, 0.0 ], [ 103.582796180005076, 16.096934756962238, 0.0 ], [ 103.582796518244436, 16.096935631720918, 0.0 ], [ 103.58279688744399, 16.0969364946993, 0.0 ], [ 103.582797287165718, 16.096937344873584, 0.0 ], [ 103.582797716935417, 16.096938181235149, 0.0 ], [ 103.58279817624323, 16.096939002791768, 0.0 ], [ 103.582798664544228, 16.09693980856877, 0.0 ], [ 103.582799181259148, 16.096940597610235, 0.0 ], [ 103.582799725774947, 16.096941368980044, 0.0 ], [ 103.58280029744563, 16.096942121763085, 0.0 ], [ 103.58280089559301, 16.096942855066278, 0.0 ], [ 103.58280151950747, 16.096943568019665, 0.0 ], [ 103.582802168448765, 16.096944259777416, 0.0 ], [ 103.58280284164708, 16.096944929518862, 0.0 ], [ 103.582803538303736, 16.096945576449439, 0.0 ], [ 103.582804257592244, 16.096946199801657, 0.0 ], [ 103.582804998659242, 16.096946798835997, 0.0 ], [ 103.582805760625604, 16.096947372841779, 0.0 ], [ 103.582806542587306, 16.096947921138018, 0.0 ], [ 103.582807343616707, 16.096948443074243, 0.0 ], [ 103.582808162763456, 16.096948938031254, 0.0 ], [ 103.582808999055771, 16.096949405421842, 0.0 ], [ 103.582809851501494, 16.096949844691508, 0.0 ], [ 103.582810719089323, 16.096950255319129, 0.0 ], [ 103.582811600789967, 16.096950636817549, 0.0 ], [ 103.582812495557405, 16.096950988734161, 0.0 ], [ 103.582813402330146, 16.096951310651487, 0.0 ], [ 103.582814320032412, 16.09695160218758, 0.0 ], [ 103.582815247575482, 16.096951862996612, 0.0 ], [ 103.582816183858938, 16.096952092769136, 0.0 ], [ 103.582817127772003, 16.096952291232583, 0.0 ], [ 103.582818078194876, 16.096952458151478, 0.0 ], [ 103.582819033999968, 16.096952593327813, 0.0 ], [ 103.582819994053409, 16.096952696601218, 0.0 ], [ 103.582820957216157, 16.096952767849167, 0.0 ], [ 103.582821922345602, 16.096952806987137, 0.0 ], [ 103.582822888296732, 16.096952813968695, 0.0 ], [ 103.582823853923571, 16.096952788785561, 0.0 ], [ 103.582824818080553, 16.096952731467606, 0.0 ], [ 103.582825779623803, 16.096952642082837, 0.0 ], [ 103.58773321672102, 16.096413778678073, 0.0 ], [ 103.58773515258649, 16.096413533022087, 0.0 ], [ 103.587737078435438, 16.096413222377461, 0.0 ], [ 103.58773899193433, 16.0964128471206, 0.0 ], [ 103.587740890764564, 16.09641240770619, 0.0 ], [ 103.587742772625361, 16.096411904666674, 0.0 ], [ 103.58774463523649, 16.096411338611581, 0.0 ], [ 103.587746476340996, 16.096410710226802, 0.0 ], [ 103.58774829370806, 16.096410020273733, 0.0 ], [ 103.587750085135582, 16.096409269588403, 0.0 ], [ 103.587751848452882, 16.096408459080394, 0.0 ], [ 103.587753581523359, 16.096407589731825, 0.0 ], [ 103.587755282247073, 16.096406662596038, 0.0 ], [ 103.587756948563268, 16.096405678796483, 0.0 ], [ 103.587758578452878, 16.096404639525197, 0.0 ], [ 103.587760169940964, 16.096403546041465, 0.0 ], [ 103.587761721099127, 16.096402399670254, 0.0 ], [ 103.587763230047841, 16.096401201800624, 0.0 ], [ 103.58776469495875, 16.096399953884021, 0.0 ], [ 103.587766114056777, 16.09639865743253, 0.0 ], [ 103.587767485622464, 16.096397314017072, 0.0 ], [ 103.587768807993854, 16.096395925265451, 0.0 ], [ 103.587770079568656, 16.096394492860394, 0.0 ], [ 103.587771298806103, 16.096393018537555, 0.0 ], [ 103.587772464228848, 16.096391504083361, 0.0 ], [ 103.587773574424773, 16.096389951332867, 0.0 ], [ 103.587774628048649, 16.096388362167524, 0.0 ], [ 103.587775623823816, 16.096386738512916, 0.0 ], [ 103.587776560543688, 16.096385082336429, 0.0 ], [ 103.587777437073257, 16.096383395644835, 0.0 ], [ 103.587778252350418, 16.09638168048188, 0.0 ], [ 103.587911128585304, 16.096088807627929, 0.0 ] ] } },
{ "type": "Feature", "properties": { }, "geometry": { "type": "LineString", "coordinates": [ [ 103.587584775120789, 16.097012217631676, 0.0 ], [ 103.588878333546745, 16.0968701600654, 0.0 ] ] } },
{ "type": "Feature", "properties": { }, "geometry": { "type": "LineString", "coordinates": [ [ 103.582846490605647, 16.097532503028699, 0.0 ], [ 103.587584775120931, 16.097012217631416, 0.0 ] ] } },
{ "type": "Feature", "properties": { }, "geometry": { "type": "LineString", "coordinates": [ [ 103.588794801175681, 16.096933909225424, 0.0 ], [ 103.588798869060085, 16.096933635546041, 0.0 ], [ 103.588802946137548, 16.096933705666665, 0.0 ], [ 103.588807001379067, 16.096934119053667, 0.0 ], [ 103.588811003921776, 16.096934872560897, 0.0 ], [ 103.588814923303985, 16.096935960453731, 0.0 ], [ 103.588818729696811, 16.096937374452647, 0.0 ], [ 103.588822394131327, 16.096939103796274, 0.0 ], [ 103.588825888719001, 16.09694113532327, 0.0 ], [ 103.588829186863904, 16.096943453572496, 0.0 ], [ 103.588832263465179, 16.096946040900686, 0.0 ], [ 103.58883509510801, 16.096948877616718, 0.0 ], [ 103.588837660241893, 16.096951942131472, 0.0 ], [ 103.588839939344624, 16.096955211122172, 0.0 ], [ 103.58884191507083, 16.096958659709816, 0.0 ], [ 103.588843572384022, 16.096962261648592, 0.0 ], [ 103.588844898671027, 16.096965989525561, 0.0 ], [ 103.588845883838019, 16.096969814969334, 0.0 ], [ 103.588846251545647, 16.096971788871219, 0.0 ] ] } },
{ "type": "Feature", "properties": { }, "geometry": { "type": "LineString", "coordinates": [ [ 103.587684380376828, 16.097055854746699, 0.0 ], [ 103.588794801175681, 16.096933909225424, 0.0 ] ] } },
{ "type": "Feature", "properties": { }, "geometry": { "type": "LineString", "coordinates": [ [ 103.587505472169696, 16.097075501743156, 0.0 ], [ 103.587528985553675, 16.097072919604518, 0.0 ] ] } },
{ "type": "Feature", "properties": { }, "geometry": { "type": "LineString", "coordinates": [ [ 103.582925418687594, 16.097578412400964, 0.0 ], [ 103.587342561097401, 16.097093391862366, 0.0 ] ] } },
{ "type": "Feature", "properties": { }, "geometry": { "type": "LineString", "coordinates": [ [ 103.582884364155419, 16.097629307344924, 0.0 ], [ 103.582884000014332, 16.097625380878682, 0.0 ], [ 103.582883991236372, 16.097621438671538, 0.0 ], [ 103.582884337888288, 16.097617510726046, 0.0 ], [ 103.58288503733182, 16.097613626936244, 0.0 ], [ 103.58288608424381, 16.097609816860128, 0.0 ], [ 103.582887470656573, 16.097606109494642, 0.0 ], [ 103.582889186018662, 16.097602533055092, 0.0 ], [ 103.582891217275133, 16.097599114760328, 0.0 ], [ 103.582893548966865, 16.097595880625629, 0.0 ], [ 103.582896163348295, 16.097592855264697, 0.0 ], [ 103.582899040522392, 16.097590061702348, 0.0 ], [ 103.582902158592105, 16.097587521199273, 0.0 ], [ 103.582905493827084, 16.097585253090216, 0.0 ], [ 103.58290902084417, 16.097583274636857, 0.0 ], [ 103.582912712800635, 16.097581600896408, 0.0 ], [ 103.582916541598479, 16.097580244607034, 0.0 ], [ 103.582920478098259, 16.097579216090921, 0.0 ], [ 103.582924492340851, 16.097578523175681, 0.0 ], [ 103.582925418687594, 16.097578412400964, 0.0 ] ] } },
{ "type": "Feature", "properties": { }, "geometry": { "type": "LineString", "coordinates": [ [ 103.578846311679939, 16.097344044574925, 0.0 ], [ 103.578846594568631, 16.097347977286947, 0.0 ], [ 103.578846521840831, 16.097351918869879, 0.0 ], [ 103.578846094050036, 16.097355839325875, 0.0 ], [ 103.578845314451954, 16.097359708817915, 0.0 ], [ 103.578844188979815, 16.097363497896808, 0.0 ], [ 103.578842726199085, 16.097367177725381, 0.0 ], [ 103.578840937242418, 16.097370720297899, 0.0 ], [ 103.578838835724824, 16.097374098653233, 0.0 ], [ 103.578836437640135, 16.097377287080064, 0.0 ], [ 103.578833761239196, 16.097380261312516, 0.0 ], [ 103.57883082689105, 16.097382998714885, 0.0 ], [ 103.578827656927857, 16.097385478453866, 0.0 ], [ 103.578824275474958, 16.09738768165715, 0.0 ], [ 103.578820708267244, 16.097389591557, 0.0 ], [ 103.578816982453361, 16.097391193617941, 0.0 ], [ 103.578813126389008, 16.097392475647311, 0.0 ], [ 103.578809169421163, 16.097393427888072, 0.0 ], [ 103.578805141664773, 16.097394043093114, 0.0 ], [ 103.578805141664773, 16.097394043093114, 0.0 ] ] } },
{ "type": "Feature", "properties": { }, "geometry": { "type": "LineString", "coordinates": [ [ 103.576194506752415, 16.097680606616013, 0.0 ], [ 103.578805141664773, 16.097394043093114, 0.0 ] ] } },
{ "type": "Feature", "properties": { }, "geometry": { "type": "LineString", "coordinates": [ [ 103.576136867749796, 16.09775060373854, 0.0 ], [ 103.576136471780956, 16.097745097942827, 0.0 ], [ 103.576136573675811, 16.09773957973426, 0.0 ], [ 103.576137172658804, 16.097734091109722, 0.0 ], [ 103.576138264171306, 16.097728673840962, 0.0 ], [ 103.57613983990619, 16.09772336915665, 0.0 ], [ 103.576141887871159, 16.097718217428628, 0.0 ], [ 103.576144392479904, 16.097713257864633, 0.0 ], [ 103.576147334670836, 16.097708528209946, 0.0 ], [ 103.576150692052067, 16.09770406446005, 0.0 ], [ 103.576154439071928, 16.097699900586775, 0.0 ], [ 103.576158547213296, 16.097696068279681, 0.0 ], [ 103.576162985210772, 16.097692596704924, 0.0 ], [ 103.576167719288478, 16.097689512283267, 0.0 ], [ 103.576172713417293, 16.097686838489004, 0.0 ], [ 103.57617792958888, 16.097684595671303, 0.0 ], [ 103.576183328105074, 16.097682800899346, 0.0 ], [ 103.576188867879907, 16.097681467832441, 0.0 ], [ 103.576194506752415, 16.097680606616013, 0.0 ] ] } },
{ "type": "Feature", "properties": { }, "geometry": { "type": "LineString", "coordinates": [ [ 103.57619592478332, 16.098253486308288, 0.0 ], [ 103.576136867749796, 16.09775060373854, 0.0 ] ] } },
{ "type": "Feature", "properties": { }, "geometry": { "type": "LineString", "coordinates": [ [ 103.576268328250265, 16.098309209822393, 0.0 ], [ 103.576262633177194, 16.09830959263433, 0.0 ], [ 103.57625692526436, 16.098309494127701, 0.0 ], [ 103.57625124795247, 16.098308915052204, 0.0 ], [ 103.57624564444933, 16.098307859814945, 0.0 ], [ 103.576240157401017, 16.098306336446957, 0.0 ], [ 103.576234828567308, 16.098304356541977, 0.0 ], [ 103.57622969850388, 16.098301935168305, 0.0 ], [ 103.576224806253649, 16.098299090754068, 0.0 ], [ 103.576220189049593, 16.098295844947, 0.0 ], [ 103.576215882031434, 16.098292222449668, 0.0 ], [ 103.576211917978199, 16.098288250831491, 0.0 ], [ 103.576208327058694, 16.098283960318895, 0.0 ], [ 103.576205136601985, 16.098279383565284, 0.0 ], [ 103.576202370889362, 16.098274555402551, 0.0 ], [ 103.576200050969547, 16.098269512575925, 0.0 ], [ 103.576198194498488, 16.098264293464382, 0.0 ], [ 103.576196815605016, 16.098258937788533, 0.0 ], [ 103.57619592478332, 16.098253486308288, 0.0 ], [ 103.57619592478332, 16.098253486308288, 0.0 ] ] } },
{ "type": "Feature", "properties": { }, "geometry": { "type": "LineString", "coordinates": [ [ 103.578827656879128, 16.098028279053725, 0.0 ], [ 103.576268328250265, 16.098309209822393, 0.0 ] ] } },
{ "type": "Feature", "properties": { }, "geometry": { "type": "LineString", "coordinates": [ [ 103.578827656879128, 16.098028279053725, 0.0 ], [ 103.578831724783385, 16.098028005567041, 0.0 ], [ 103.578835801863363, 16.098028075879405, 0.0 ], [ 103.57883985709006, 16.098028489455697, 0.0 ], [ 103.578843859600767, 16.098029243148346, 0.0 ], [ 103.578847778933962, 16.098030331221317, 0.0 ], [ 103.578851585261205, 16.098031745393708, 0.0 ], [ 103.578855249614023, 16.098033474902845, 0.0 ], [ 103.578858744104522, 16.098035506586097, 0.0 ], [ 103.578862042137501, 16.098037824981162, 0.0 ], [ 103.578865118612953, 16.098040412443648, 0.0 ], [ 103.578867950117058, 16.098043249281428, 0.0 ], [ 103.578870515100334, 16.098046313904458, 0.0 ], [ 103.578872794041729, 16.098049582989102, 0.0 ], [ 103.578874769597093, 16.098053031655677, 0.0 ], [ 103.578876426731242, 16.098056633657752, 0.0 ], [ 103.578877752832383, 16.098060361581918, 0.0 ], [ 103.578878737808068, 16.09806418705643, 0.0 ], [ 103.578879374162014, 16.09806808096711, 0.0 ] ] } },
{ "type": "Feature", "properties": { }, "geometry": { "type": "LineString", "coordinates": [ [ 103.576219411764669, 16.097732447802152, 0.0 ], [ 103.578887350100061, 16.097439593659573, 0.0 ] ] } },
{ "type": "Feature", "properties": { }, "geometry": { "type": "LineString", "coordinates": [ [ 103.576178241046733, 16.097782445752987, 0.0 ], [ 103.576177958211034, 16.097778513041757, 0.0 ], [ 103.57617803099231, 16.097774571464146, 0.0 ], [ 103.576178458836651, 16.097770651017914, 0.0 ], [ 103.576179238487853, 16.097766781540042, 0.0 ], [ 103.576180364012316, 16.097762992479574, 0.0 ], [ 103.576181826844063, 16.097759312673542, 0.0 ], [ 103.576183615850084, 16.097755770127492, 0.0 ], [ 103.576185717414916, 16.097752391802327, 0.0 ], [ 103.576188115544412, 16.097749203409126, 0.0 ], [ 103.576190791987315, 16.097746229213485, 0.0 ], [ 103.576193726374314, 16.097743491850814, 0.0 ], [ 103.57619689637292, 16.097741012154081, 0.0 ], [ 103.576200277857566, 16.097738808995274, 0.0 ], [ 103.57620384509309, 16.097736899141751, 0.0 ], [ 103.57620757093072, 16.097735297128644, 0.0 ], [ 103.576211427014584, 16.09773401514823, 0.0 ], [ 103.576215383997564, 16.097733062957147, 0.0 ], [ 103.576219411764669, 16.097732447802152, 0.0 ] ] } },
{ "type": "Feature", "properties": { }, "geometry": { "type": "LineString", "coordinates": [ [ 103.576228861441862, 16.098213487953345, 0.0 ], [ 103.576178241046733, 16.097782445752987, 0.0 ] ] } },
{ "type": "Feature", "properties": { }, "geometry": { "type": "LineString", "coordinates": [ [ 103.576280578197341, 16.098253290457492, 0.0 ], [ 103.576276510289148, 16.098253563894929, 0.0 ], [ 103.576272433209681, 16.09825349353342, 0.0 ], [ 103.576268377987958, 16.098253079908464, 0.0 ], [ 103.576264375486716, 16.098252326167987, 0.0 ], [ 103.576260456167418, 16.098251238048423, 0.0 ], [ 103.57625664985845, 16.098249823831015, 0.0 ], [ 103.576252985528171, 16.09824809427883, 0.0 ], [ 103.576249491064317, 16.098246062554825, 0.0 ], [ 103.576246193061905, 16.098243744121636, 0.0 ], [ 103.576243116620731, 16.098241156623942, 0.0 ], [ 103.576240285154341, 16.098238319754198, 0.0 ], [ 103.57623772021195, 16.098235255102693, 0.0 ], [ 103.576235441314267, 16.09823198599328, 0.0 ], [ 103.576233465805089, 16.098228537305875, 0.0 ], [ 103.576231808719228, 16.098224935287067, 0.0 ], [ 103.57623048266808, 16.098221207350417, 0.0 ], [ 103.576229497743668, 16.098217381867766, 0.0 ], [ 103.576228861441862, 16.098213487953345, 0.0 ], [ 103.576228861441862, 16.098213487953345, 0.0 ] ] } },
{ "type": "Feature", "properties": { }, "geometry": { "type": "LineString", "coordinates": [ [ 103.578917282937581, 16.097963865526356, 0.0 ], [ 103.576280578197341, 16.098253290457492, 0.0 ] ] } },
{ "type": "Feature", "properties": { }, "geometry": { "type": "LineString", "coordinates": [ [ 103.582745832743811, 16.097015994862275, 0.0 ], [ 103.587841290504869, 16.096456485682513, 0.0 ] ] } },
{ "type": "Feature", "properties": { }, "geometry": { "type": "LineString", "coordinates": [ [ 103.572200699404377, 16.098682871287071, 0.0 ], [ 103.57213984427591, 16.098164588405705, 0.0 ], [ 103.572139658085192, 16.098162712281852, 0.0 ], [ 103.572139539446653, 16.09816083103582, 0.0 ], [ 103.572139488503637, 16.098158946940231, 0.0 ], [ 103.572139505317679, 16.098157062271159, 0.0 ], [ 103.572139589868456, 16.098155179305373, 0.0 ], [ 103.572139742053835, 16.098153300317552, 0.0 ], [ 103.572139961689942, 16.098151427577605, 0.0 ], [ 103.572140248511488, 16.098149563347881, 0.0 ], [ 103.572140602171942, 16.098147709880454, 0.0 ], [ 103.572141022244097, 16.098145869414374, 0.0 ], [ 103.572141508220469, 16.098144044173008, 0.0 ], [ 103.572142059513965, 16.098142236361326, 0.0 ], [ 103.572142675458593, 16.098140448163239, 0.0 ], [ 103.572143355310303, 16.098138681738963, 0.0 ], [ 103.57214409824779, 16.098136939222403, 0.0 ], [ 103.572144903373527, 16.098135222718611, 0.0 ], [ 103.572145769714922, 16.098133534301184, 0.0 ], [ 103.572146696225374, 16.098131876009795, 0.0 ], [ 103.572147681785623, 16.098130249847745, 0.0 ], [ 103.572148725205068, 16.09812865777949, 0.0 ], [ 103.572149825223221, 16.09812710172832, 0.0 ], [ 103.572150980511211, 16.098125583574006, 0.0 ], [ 103.572152189673417, 16.09812410515055, 0.0 ], [ 103.572153451249079, 16.098122668243942, 0.0 ], [ 103.572154763714209, 16.098121274590024, 0.0 ], [ 103.572156125483247, 16.098119925872389, 0.0 ], [ 103.572157534911156, 16.098118623720346, 0.0 ], [ 103.572158990295264, 16.098117369706944, 0.0 ], [ 103.572160489877433, 16.09811616534709, 0.0 ], [ 103.572162031846077, 16.09811501209569, 0.0 ], [ 103.57216361433845, 16.098113911345926, 0.0 ], [ 103.572165235442824, 16.098112864427552, 0.0 ], [ 103.572166893200844, 16.09811187260528, 0.0 ], [ 103.572168585609873, 16.098110937077287, 0.0 ], [ 103.57217031062541, 16.09811005897371, 0.0 ], [ 103.57217206616356, 16.098109239355349, 0.0 ], [ 103.572173850103582, 16.098108479212321, 0.0 ], [ 103.572175660290355, 16.098107779462939, 0.0 ], [ 103.572177494537144, 16.098107140952497, 0.0 ], [ 103.57217935062809, 16.098106564452358, 0.0 ], [ 103.57218122632095, 16.098106050658956, 0.0 ], [ 103.572183119349816, 16.098105600192973, 0.0 ], [ 103.572185027427835, 16.098105213598597, 0.0 ], [ 103.572295174360207, 16.098084821897842, 0.0 ] ] } },
{ "type": "Feature", "properties": { }, "geometry": { "type": "LineString", "coordinates": [ [ 103.572144966702325, 16.098688987470727, 0.0 ], [ 103.572085409247592, 16.098181755245438, 0.0 ], [ 103.572085155406313, 16.098179884407791, 0.0 ], [ 103.572084834393181, 16.098178023240568, 0.0 ], [ 103.572084446596875, 16.098176173997192, 0.0 ], [ 103.572083992486938, 16.098174338916671, 0.0 ], [ 103.572083472613173, 16.098172520220878, 0.0 ], [ 103.572082887605035, 16.09817072011182, 0.0 ], [ 103.57208223817085, 16.098168940769003, 0.0 ], [ 103.572081525096905, 16.098167184346806, 0.0 ], [ 103.572080749246595, 16.098165452971859, 0.0 ], [ 103.5720799115593, 16.098163748740436, 0.0 ], [ 103.572079013049233, 16.098162073715972, 0.0 ], [ 103.572078054804294, 16.098160429926537, 0.0 ], [ 103.572077037984712, 16.098158819362375, 0.0 ], [ 103.572075963821618, 16.098157243973503, 0.0 ], [ 103.572074833615574, 16.098155705667349, 0.0 ], [ 103.572073648734985, 16.098154206306443, 0.0 ], [ 103.572072410614481, 16.098152747706177, 0.0 ], [ 103.572071120753137, 16.098151331632561, 0.0 ], [ 103.572069780712667, 16.098149959800129, 0.0 ], [ 103.572068392115554, 16.098148633869858, 0.0 ], [ 103.572066956643056, 16.098147355447143, 0.0 ], [ 103.572065476033231, 16.098146126079854, 0.0 ], [ 103.572063952078722, 16.098144947256458, 0.0 ], [ 103.572062386624694, 16.09814382040425, 0.0 ], [ 103.572060781566549, 16.098142746887579, 0.0 ], [ 103.572059138847649, 16.098141728006233, 0.0 ], [ 103.572057460456918, 16.098140764993829, 0.0 ], [ 103.572055748426521, 16.098139859016349, 0.0 ], [ 103.572054004829312, 16.09813901117073, 0.0 ], [ 103.572052231776397, 16.098138222483513, 0.0 ], [ 103.572050431414524, 16.098137493909601, 0.0 ], [ 103.572048605923513, 16.09813682633115, 0.0 ], [ 103.572046757513618, 16.098136220556427, 0.0 ], [ 103.572044888422809, 16.098135677318879, 0.0 ], [ 103.572043000914135, 16.09813519727626, 0.0 ], [ 103.57204109727293, 16.098134781009776, 0.0 ], [ 103.572039179804065, 16.098134429023418, 0.0 ], [ 103.572037250829126, 16.09813414174339, 0.0 ], [ 103.572035312683667, 16.09813391951749, 0.0 ], [ 103.57203336771434, 16.0981337626148, 0.0 ], [ 103.572031418276026, 16.098133671225284, 0.0 ], [ 103.572029466729077, 16.098133645459598, 0.0 ], [ 103.572027515436318, 16.098133685348934, 0.0 ], [ 103.572025566760345, 16.098133790844997, 0.0 ], [ 103.572023623060531, 16.098133961820054, 0.0 ], [ 103.572021686690249, 16.098134198067104, 0.0 ], [ 103.572019759993992, 16.098134499300095, 0.0 ], [ 103.571975180755047, 16.098142240834694, 0.0 ] ] } },
{ "type": "Feature", "properties": { }, "geometry": { "type": "LineString", "coordinates": [ [ 103.572134824395746, 16.098762866602581, 0.0 ], [ 103.571732970613212, 16.09880696609714, 0.0 ], [ 103.571731350131913, 16.098807171728858, 0.0 ], [ 103.571729738077366, 16.098807432004687, 0.0 ], [ 103.571728136420489, 16.098807746606429, 0.0 ], [ 103.571726547119482, 16.098808115149424, 0.0 ], [ 103.571724972117451, 16.09880853718311, 0.0 ], [ 103.571723413339996, 16.098809012191499, 0.0 ], [ 103.571721872692891, 16.09880953959383, 0.0 ], [ 103.571720352059756, 16.098810118745316, 0.0 ], [ 103.571718853299743, 16.098810748937858, 0.0 ], [ 103.571717378245211, 16.098811429400996, 0.0 ], [ 103.571715928699632, 16.098812159302774, 0.0 ], [ 103.5717145064352, 16.098812937750814, 0.0 ], [ 103.571713113190782, 16.098813763793384, 0.0 ], [ 103.57171175066982, 16.098814636420538, 0.0 ], [ 103.571710420538096, 16.098815554565409, 0.0 ], [ 103.571709124421858, 16.098816517105448, 0.0 ], [ 103.571707863905758, 16.098817522863865, 0.0 ], [ 103.57170664053092, 16.098818570610991, 0.0 ], [ 103.571705455793037, 16.098819659065853, 0.0 ], [ 103.571704311140607, 16.098820786897683, 0.0 ], [ 103.571703207973059, 16.098821952727594, 0.0 ], [ 103.571702147639186, 16.098823155130216, 0.0 ], [ 103.571701131435319, 16.098824392635489, 0.0 ], [ 103.571700160603896, 16.098825663730434, 0.0 ], [ 103.571699236331881, 16.098826966860976, 0.0 ], [ 103.571698359749277, 16.098828300433915, 0.0 ], [ 103.571697531927825, 16.098829662818805, 0.0 ], [ 103.571696753879607, 16.098831052349968, 0.0 ], [ 103.571696026555884, 16.098832467328567, 0.0 ], [ 103.5716953508459, 16.09883390602462, 0.0 ], [ 103.57169472757576, 16.098835366679165, 0.0 ], [ 103.571694157507523, 16.098836847506398, 0.0 ], [ 103.571693641338115, 16.098838346695835, 0.0 ], [ 103.571693179698642, 16.098839862414557, 0.0 ], [ 103.571692773153501, 16.098841392809437, 0.0 ], [ 103.571692422199746, 16.098842936009383, 0.0 ], [ 103.571692127266459, 16.098844490127668, 0.0 ], [ 103.571691888714199, 16.098846053264221, 0.0 ], [ 103.57169170683467, 16.098847623507918, 0.0 ], [ 103.571691581850203, 16.098849198938971, 0.0 ], [ 103.571691513913635, 16.098850777631242, 0.0 ], [ 103.571691503108013, 16.0988523576546, 0.0 ], [ 103.571691549446555, 16.098853937077298, 0.0 ], [ 103.571691652872602, 16.098855513968321, 0.0 ], [ 103.571691813259719, 16.098857086399729, 0.0 ], [ 103.571692030411796, 16.098858652449053, 0.0 ], [ 103.571692304063347, 16.098860210201636, 0.0 ], [ 103.571692633879806, 16.09886175775295, 0.0 ], [ 103.571693777483389, 16.098866686138411, 0.0 ] ] } },
{ "type": "Feature", "properties": { }, "geometry": { "type": "LineString", "coordinates": [ [ 103.572200699404377, 16.098682871287071, 0.0 ], [ 103.572201151815008, 16.098689163623007, 0.0 ], [ 103.572201035236503, 16.098695470134345, 0.0 ], [ 103.572200350556017, 16.098701742824712, 0.0 ], [ 103.572199102984357, 16.09870793395514, 0.0 ], [ 103.572197302016207, 16.098713996407373, 0.0 ], [ 103.572194961358008, 16.098719884042474, 0.0 ], [ 103.57219209882355, 16.09872555205197, 0.0 ], [ 103.572188736198413, 16.098730957298855, 0.0 ], [ 103.572184899074159, 16.098736058645912, 0.0 ], [ 103.57218061665364, 16.098740817268791, 0.0 ], [ 103.572175921528654, 16.098745196951462, 0.0 ], [ 103.572170849431927, 16.09874916436188, 0.0 ], [ 103.5721654389652, 16.098752689305627, 0.0 ], [ 103.572159731305433, 16.098755744955735, 0.0 ], [ 103.572153769891372, 16.098758308056833, 0.0 ], [ 103.572147600093032, 16.098760359102172, 0.0 ], [ 103.572141268866346, 16.098761882482027, 0.0 ], [ 103.572134824395818, 16.098762866602577, 0.0 ], [ 103.572134824395746, 16.098762866602581, 0.0 ] ] } },
{ "type": "Feature", "properties": { }, "geometry": { "type": "LineString", "coordinates": [ [ 103.572144966702325, 16.098688987470727, 0.0 ], [ 103.572145079804542, 16.098690560554704, 0.0 ], [ 103.572145050659486, 16.0986921371825, 0.0 ], [ 103.572144879488945, 16.098693705355014, 0.0 ], [ 103.572144567595615, 16.098695253137507, 0.0 ], [ 103.572144117353233, 16.098696768750422, 0.0 ], [ 103.572143532188377, 16.098698240659033, 0.0 ], [ 103.572142816554518, 16.098699657661218, 0.0 ], [ 103.572141975898063, 16.098701008972736, 0.0 ], [ 103.572141016616897, 16.09870228430929, 0.0 ], [ 103.572139946011745, 16.098703473964793, 0.0 ], [ 103.572138772230545, 16.098704568885253, 0.0 ], [ 103.572137504206495, 16.098705560737663, 0.0 ], [ 103.572136151590016, 16.09870644197342, 0.0 ], [ 103.572134724675337, 16.098707205885784, 0.0 ], [ 103.572133234322138, 16.098707846660929, 0.0 ], [ 103.572131691872926, 16.098708359422158, 0.0 ], [ 103.572130109066677, 16.09870874026706, 0.0 ], [ 103.572128497949478, 16.098708986297162, 0.0 ], [ 103.572128497949464, 16.098708986297162, 0.0 ] ] } },
{ "type": "Feature", "properties": { }, "geometry": { "type": "LineString", "coordinates": [ [ 103.56964943529286, 16.098981026579121, 0.0 ], [ 103.572128497949464, 16.098708986297162, 0.0 ] ] } },
{ "type": "Feature", "properties": { }, "geometry": { "type": "LineString", "coordinates": [ [ 103.571575600286067, 16.098769661180018, 0.0 ], [ 103.56964943529286, 16.098981026579121, 0.0 ], [ 103.569648466426031, 16.098981149455327, 0.0 ], [ 103.569647502575137, 16.098981304887648, 0.0 ], [ 103.569646544910313, 16.098981492687372, 0.0 ], [ 103.569645594594107, 16.098981712626511, 0.0 ], [ 103.569644652780241, 16.098981964438067, 0.0 ], [ 103.569643720612063, 16.098982247816334, 0.0 ], [ 103.569642799221228, 16.098982562417302, 0.0 ], [ 103.569641889726284, 16.098982907859043, 0.0 ], [ 103.56964099323136, 16.09898328372218, 0.0 ], [ 103.569640110824821, 16.098983689550437, 0.0 ], [ 103.569639243577882, 16.098984124851121, 0.0 ], [ 103.569638392543368, 16.098984589095785, 0.0 ], [ 103.569637558754479, 16.098985081720844, 0.0 ], [ 103.56963674322337, 16.098985602128248, 0.0 ], [ 103.569635946940153, 16.098986149686215, 0.0 ], [ 103.569635170871464, 16.098986723730029, 0.0 ], [ 103.569634415959484, 16.098987323562792, 0.0 ], [ 103.569633683120642, 16.098987948456305, 0.0 ], [ 103.569632973244637, 16.09898859765196, 0.0 ], [ 103.56963228719323, 16.098989270361631, 0.0 ], [ 103.569631625799289, 16.098989965768649, 0.0 ], [ 103.569630989865743, 16.098990683028795, 0.0 ], [ 103.569630380164625, 16.098991421271315, 0.0 ], [ 103.569629797436107, 16.098992179599986, 0.0 ], [ 103.56962924238762, 16.098992957094197, 0.0 ], [ 103.569628715692986, 16.098993752810074, 0.0 ], [ 103.569628217991607, 16.098994565781627, 0.0 ], [ 103.569627749887701, 16.098995395021905, 0.0 ], [ 103.569627311949546, 16.098996239524208, 0.0 ], [ 103.569626904708798, 16.098997098263325, 0.0 ], [ 103.569626528659839, 16.098997970196741, 0.0 ], [ 103.569626184259192, 16.098998854265933, 0.0 ], [ 103.569625871924956, 16.098999749397638, 0.0 ], [ 103.569625592036317, 16.099000654505183, 0.0 ], [ 103.569625344933058, 16.099001568489765, 0.0 ], [ 103.569625130915142, 16.099002490241801, 0.0 ], [ 103.5696249502424, 16.099003418642297, 0.0 ], [ 103.569624803134175, 16.099004352564165, 0.0 ], [ 103.569624689769057, 16.099005290873642, 0.0 ], [ 103.569624610284649, 16.09900623243162, 0.0 ], [ 103.569624564777484, 16.099007176095043, 0.0 ], [ 103.569624553302759, 16.09900812071831, 0.0 ], [ 103.569624575874442, 16.099009065154647, 0.0 ], [ 103.569626979906687, 16.099066386649742, 0.0 ] ] } },
{ "type": "Feature", "properties": { }, "geometry": { "type": "LineString", "coordinates": [ [ 103.571563995664576, 16.098214718275749, 0.0 ], [ 103.571562083275808, 16.098219420526142, 0.0 ], [ 103.571561459241337, 16.098220879548126, 0.0 ], [ 103.571560782866996, 16.098222316604453, 0.0 ], [ 103.57156005497842, 16.098223729940891, 0.0 ], [ 103.5715592764642, 16.098225117832147, 0.0 ], [ 103.571558448274644, 16.098226478584021, 0.0 ], [ 103.571557571420726, 16.098227810535413, 0.0 ], [ 103.571556646972866, 16.098229112060391, 0.0 ], [ 103.571555676059532, 16.098230381570161, 0.0 ], [ 103.571554659865939, 16.098231617515022, 0.0 ], [ 103.571553599632551, 16.09823281838624, 0.0 ], [ 103.571552496653624, 16.098233982717883, 0.0 ], [ 103.571551352275577, 16.098235109088641, 0.0 ], [ 103.571550167895367, 16.098236196123533, 0.0 ], [ 103.571548944958792, 16.0982372424956, 0.0 ], [ 103.571547684958702, 16.098238246927526, 0.0 ], [ 103.57154638943318, 16.098239208193181, 0.0 ], [ 103.571545059963739, 16.098240125119137, 0.0 ], [ 103.57154369817323, 16.098240996586096, 0.0 ], [ 103.571542305724037, 16.09824182153022, 0.0 ], [ 103.571540884315937, 16.09824259894452, 0.0 ], [ 103.571539435684059, 16.09824332787997, 0.0 ], [ 103.571537961596789, 16.098244007446766, 0.0 ], [ 103.571536463853548, 16.098244636815338, 0.0 ], [ 103.571534944282647, 16.09824521521741, 0.0 ], [ 103.571533404739071, 16.098245741946929, 0.0 ], [ 103.57153184710215, 16.098246216360884, 0.0 ], [ 103.571530273273311, 16.098246637880173, 0.0 ], [ 103.57152868517376, 16.098247005990235, 0.0 ], [ 103.571527084742101, 16.098247320241711, 0.0 ], [ 103.571525473932027, 16.098247580250991, 0.0 ], [ 103.571523854709866, 16.098247785700671, 0.0 ], [ 103.569686008961312, 16.098449460365877, 0.0 ], [ 103.569685035525893, 16.098449550592576, 0.0 ], [ 103.569684059428496, 16.098449607955171, 0.0 ], [ 103.569683081855857, 16.098449632383922, 0.0 ], [ 103.56968210399657, 16.098449623849117, 0.0 ], [ 103.569681127039502, 16.098449582361138, 0.0 ], [ 103.569680152172481, 16.098449507970422, 0.0 ], [ 103.569679180580764, 16.098449400767429, 0.0 ], [ 103.569678213445613, 16.098449260882493, 0.0 ], [ 103.56967725194292, 16.098449088485673, 0.0 ], [ 103.569676297241685, 16.098448883786588, 0.0 ], [ 103.569675350502649, 16.098448647034111, 0.0 ], [ 103.569674412876907, 16.098448378516096, 0.0 ], [ 103.56967348550441, 16.098448078559013, 0.0 ], [ 103.56967256951269, 16.098447747527548, 0.0 ], [ 103.569671666015424, 16.098447385824176, 0.0 ], [ 103.56967077611111, 16.098446993888675, 0.0 ], [ 103.569669900881706, 16.09844657219756, 0.0 ], [ 103.569669041391336, 16.098446121263542, 0.0 ], [ 103.569668198684994, 16.098445641634861, 0.0 ], [ 103.569667373787254, 16.098445133894664, 0.0 ], [ 103.569666567701049, 16.098444598660269, 0.0 ], [ 103.569665781406414, 16.098444036582436, 0.0 ], [ 103.569665015859371, 16.098443448344547, 0.0 ], [ 103.569664271990675, 16.098442834661792, 0.0 ], [ 103.569663550704718, 16.098442196280299, 0.0 ], [ 103.569662852878494, 16.098441533976228, 0.0 ], [ 103.569662179360407, 16.098440848554819, 0.0 ], [ 103.569661530969327, 16.09844014084943, 0.0 ], [ 103.569660908493617, 16.098439411720484, 0.0 ], [ 103.569660312690061, 16.098438662054487, 0.0 ], [ 103.569659744283058, 16.098437892762909, 0.0 ], [ 103.569659203963695, 16.098437104781048, 0.0 ], [ 103.569658692388913, 16.098436299066957, 0.0 ], [ 103.569658210180663, 16.098435476600244, 0.0 ], [ 103.569657757925256, 16.098434638380876, 0.0 ], [ 103.569657336172526, 16.098433785427979, 0.0 ], [ 103.569656945435284, 16.098432918778595, 0.0 ], [ 103.569656586188557, 16.098432039486408, 0.0 ], [ 103.569656258869131, 16.098431148620488, 0.0 ], [ 103.569655963875007, 16.098430247263963, 0.0 ], [ 103.569655701564784, 16.098429336512716, 0.0 ], [ 103.569655472257423, 16.098428417474064, 0.0 ], [ 103.569655276231728, 16.098427491265387, 0.0 ], [ 103.569655113726, 16.0984265590128, 0.0 ], [ 103.569654984937841, 16.098425621849735, 0.0 ], [ 103.569654890023813, 16.098424680915638, 0.0 ], [ 103.569654829099321, 16.098423737354501, 0.0 ], [ 103.56965480223846, 16.098422792313539, 0.0 ], [ 103.569654809473846, 16.098421846941726, 0.0 ], [ 103.569654850796709, 16.098420902388483, 0.0 ], [ 103.56965726767092, 16.098381813733365, 0.0 ] ] } },
{ "type": "Feature", "properties": { }, "geometry": { "type": "LineString", "coordinates": [ [ 103.569681320921987, 16.098338662828944, 0.0 ], [ 103.569681129051006, 16.098342789830454, 0.0 ], [ 103.569681084408131, 16.098344351533903, 0.0 ], [ 103.569681095632376, 16.098345913795935, 0.0 ], [ 103.56968116271031, 16.098347474749186, 0.0 ], [ 103.569681285561771, 16.098349032527867, 0.0 ], [ 103.569681464039903, 16.098350585270008, 0.0 ], [ 103.569681697931387, 16.098352131119629, 0.0 ], [ 103.569681986956653, 16.098353668228995, 0.0 ], [ 103.569682330770249, 16.098355194760824, 0.0 ], [ 103.569682728961183, 16.098356708890478, 0.0 ], [ 103.569683181053534, 16.098358208808133, 0.0 ], [ 103.569683686506934, 16.098359692720969, 0.0 ], [ 103.569684244717195, 16.098361158855269, 0.0 ], [ 103.569684855017115, 16.098362605458608, 0.0 ], [ 103.569685516677183, 16.098364030801868, 0.0 ], [ 103.569686228906576, 16.098365433181353, 0.0 ], [ 103.569686990853953, 16.098366810920822, 0.0 ], [ 103.569687801608552, 16.098368162373486, 0.0 ], [ 103.569688660201336, 16.098369485923975, 0.0 ], [ 103.569689565605984, 16.098370779990265, 0.0 ], [ 103.569690516740337, 16.098372043025574, 0.0 ], [ 103.569691512467472, 16.09837327352022, 0.0 ], [ 103.569692551597242, 16.098374470003399, 0.0 ], [ 103.569693632887592, 16.098375631044977, 0.0 ], [ 103.569694755046044, 16.098376755257192, 0.0 ], [ 103.569695916731305, 16.098377841296269, 0.0 ], [ 103.569697116554863, 16.098378887864087, 0.0 ], [ 103.569698353082558, 16.098379893709701, 0.0 ], [ 103.569699624836375, 16.098380857630829, 0.0 ], [ 103.56970093029625, 16.098381778475321, 0.0 ], [ 103.569702267901718, 16.098382655142508, 0.0 ], [ 103.569703636054015, 16.098383486584513, 0.0 ], [ 103.569705033117799, 16.098384271807515, 0.0 ], [ 103.569706457423166, 16.098385009872963, 0.0 ], [ 103.56970790726767, 16.09838569989866, 0.0 ], [ 103.569709380918326, 16.098386341059815, 0.0 ], [ 103.569710876613712, 16.098386932590063, 0.0 ], [ 103.569712392566032, 16.09838747378236, 0.0 ], [ 103.569713926963303, 16.098387963989822, 0.0 ], [ 103.569715477971471, 16.098388402626508, 0.0 ], [ 103.569717043736631, 16.098388789168126, 0.0 ], [ 103.569718622387256, 16.09838912315265, 0.0 ], [ 103.569720212036415, 16.098389404180864, 0.0 ], [ 103.569721810784017, 16.098389631916863, 0.0 ], [ 103.569723416719086, 16.098389806088445, 0.0 ], [ 103.56972502792209, 16.098389926487418, 0.0 ], [ 103.56972664246716, 16.098389992969867, 0.0 ], [ 103.569728258424476, 16.098390005456334, 0.0 ], [ 103.569729873862499, 16.098389963931886, 0.0 ], [ 103.569731486850301, 16.098389868446166, 0.0 ], [ 103.569733095459924, 16.098389719113303, 0.0 ], [ 103.571445175422056, 16.098201845305656, 0.0 ], [ 103.571446779655346, 16.09820164201404, 0.0 ], [ 103.571448375649908, 16.098201385167915, 0.0 ], [ 103.571449961493428, 16.098201075075036, 0.0 ], [ 103.57145153528586, 16.098200712106941, 0.0 ], [ 103.571453095141479, 16.098200296698533, 0.0 ], [ 103.57145463919133, 16.098199829347532, 0.0 ], [ 103.571456165585403, 16.098199310613911, 0.0 ], [ 103.571457672494802, 16.098198741119202, 0.0 ], [ 103.571459158113981, 16.098198121545749, 0.0 ], [ 103.571460620662933, 16.098197452635901, 0.0 ], [ 103.571462058389287, 16.098196735191141, 0.0 ], [ 103.571463469570375, 16.098195970071082, 0.0 ], [ 103.571464852515405, 16.098195158192457, 0.0 ], [ 103.571466205567333, 16.098194300528053, 0.0 ], [ 103.571467527105, 16.098193398105479, 0.0 ], [ 103.571468815544961, 16.098192452006, 0.0 ], [ 103.571470069343476, 16.0981914633632, 0.0 ], [ 103.571471286998261, 16.098190433361644, 0.0 ], [ 103.57147246705037, 16.098189363235441, 0.0 ], [ 103.57147360808591, 16.098188254266788, 0.0 ], [ 103.571474708737696, 16.098187107784405, 0.0 ], [ 103.571475767687005, 16.098185925161989, 0.0 ], [ 103.571476783665005, 16.098184707816507, 0.0 ], [ 103.571477755454396, 16.098183457206559, 0.0 ], [ 103.571478681890795, 16.098182174830573, 0.0 ], [ 103.571479561864194, 16.098180862225064, 0.0 ], [ 103.571480394320247, 16.098179520962741, 0.0 ], [ 103.571481178261507, 16.098178152650668, 0.0 ], [ 103.571481912748709, 16.098176758928325, 0.0 ], [ 103.571482596901788, 16.098175341465613, 0.0 ], [ 103.57148322990102, 16.098173901960894, 0.0 ], [ 103.571483810987971, 16.098172442138939, 0.0 ], [ 103.571484339466394, 16.09817096374886, 0.0 ], [ 103.571484814703098, 16.098169468562023, 0.0 ], [ 103.571485236128666, 16.098167958369903, 0.0 ], [ 103.571485603238159, 16.098166434981973, 0.0 ], [ 103.571485915591708, 16.098164900223505, 0.0 ], [ 103.571486172815085, 16.098163355933409, 0.0 ], [ 103.57148637460007, 16.098161803961986, 0.0 ], [ 103.571486520704909, 16.098160246168771, 0.0 ], [ 103.571486610954537, 16.098158684420266, 0.0 ], [ 103.571486645240824, 16.098157120587693, 0.0 ], [ 103.571486623522688, 16.098155556544803, 0.0 ], [ 103.571486545826161, 16.098153994165575, 0.0 ], [ 103.571486412244326, 16.098152435322003, 0.0 ], [ 103.571486222937253, 16.098150881881853, 0.0 ], [ 103.571485978131733, 16.098149335706388, 0.0 ], [ 103.571485678121121, 16.098147798648203, 0.0 ], [ 103.571484683176834, 16.098143144769381, 0.0 ] ] } },
{ "type": "Feature", "properties": { }, "geometry": { "type": "LineString", "coordinates": [ [ 103.569647395281606, 16.099081303577361, 0.0 ], [ 103.569647247429373, 16.099078490980023, 0.0 ], [ 103.569647193540902, 16.099076942626727, 0.0 ], [ 103.569647194584363, 16.099075393397552, 0.0 ], [ 103.569647250558518, 16.099073845113416, 0.0 ], [ 103.5696473613976, 16.09907229959412, 0.0 ], [ 103.569647526971295, 16.099070758656225, 0.0 ], [ 103.569647747085028, 16.099069224110902, 0.0 ], [ 103.569648021480063, 16.099067697761811, 0.0 ], [ 103.569648349833869, 16.099066181402964, 0.0 ], [ 103.569648731760537, 16.099064676816663, 0.0 ], [ 103.569649166811146, 16.099063185771342, 0.0 ], [ 103.569649654474361, 16.099061710019519, 0.0 ], [ 103.569650194176972, 16.099060251295768, 0.0 ], [ 103.569650785284651, 16.09905881131462, 0.0 ], [ 103.569651427102613, 16.099057391768579, 0.0 ], [ 103.569652118876505, 16.099055994326147, 0.0 ], [ 103.569652859793209, 16.099054620629815, 0.0 ], [ 103.569653648981884, 16.09905327229421, 0.0 ], [ 103.56965448551496, 16.099051950904109, 0.0 ], [ 103.569655368409173, 16.099050658012633, 0.0 ], [ 103.569656296626789, 16.09904939513941, 0.0 ], [ 103.569657269076856, 16.099048163768781, 0.0 ], [ 103.569658284616338, 16.099046965348062, 0.0 ], [ 103.569659342051622, 16.09904580128584, 0.0 ], [ 103.569660440139828, 16.09904467295032, 0.0 ], [ 103.569661577590296, 16.099043581667704, 0.0 ], [ 103.569662753066098, 16.099042528720663, 0.0 ], [ 103.569663965185612, 16.099041515346787, 0.0 ], [ 103.569665212524157, 16.099040542737175, 0.0 ], [ 103.569666493615657, 16.099039612034996, 0.0 ], [ 103.569667806954342, 16.099038724334179, 0.0 ], [ 103.56966915099656, 16.099037880678079, 0.0 ], [ 103.569670524162575, 16.09903708205832, 0.0 ], [ 103.569671924838389, 16.099036329413583, 0.0 ], [ 103.569673351377688, 16.099035623628474, 0.0 ], [ 103.569674802103791, 16.099034965532571, 0.0 ], [ 103.569676275311551, 16.099034355899384, 0.0 ], [ 103.56967776926939, 16.09903379544545, 0.0 ], [ 103.569679282221372, 16.099033284829506, 0.0 ], [ 103.569680812389194, 16.099032824651719, 0.0 ], [ 103.569682357974372, 16.099032415452957, 0.0 ], [ 103.569683917160276, 16.099032057714197, 0.0 ], [ 103.56968548811426, 16.099031751855907, 0.0 ], [ 103.569687068989893, 16.099031498237579, 0.0 ], [ 103.569688657929049, 16.099031297157314, 0.0 ], [ 103.571599178342737, 16.098821648307549, 0.0 ], [ 103.571600789911628, 16.098821498736218, 0.0 ], [ 103.571602405871758, 16.098821403210042, 0.0 ], [ 103.571604024284483, 16.098821361843598, 0.0 ], [ 103.57160564320823, 16.098821374686523, 0.0 ], [ 103.571607260700844, 16.098821441723398, 0.0 ], [ 103.571608874821848, 16.098821562873823, 0.0 ], [ 103.571610483634828, 16.098821737992438, 0.0 ], [ 103.571612085209708, 16.098821966869153, 0.0 ], [ 103.571613677625166, 16.098822249229411, 0.0 ], [ 103.57161525897078, 16.098822584734464, 0.0 ], [ 103.571616827349473, 16.098822972981807, 0.0 ], [ 103.571618380879698, 16.098823413505674, 0.0 ], [ 103.571619917697717, 16.098823905777586, 0.0 ], [ 103.571621435959841, 16.098824449206969, 0.0 ], [ 103.571622933844679, 16.09882504314189, 0.0 ], [ 103.571624409555241, 16.098825686869819, 0.0 ], [ 103.571625861321152, 16.098826379618501, 0.0 ], [ 103.571627287400759, 16.098827120556837, 0.0 ], [ 103.571628686083244, 16.098827908795975, 0.0 ], [ 103.571630055690648, 16.098828743390271, 0.0 ], [ 103.571631394579882, 16.098829623338474, 0.0 ], [ 103.571632701144694, 16.098830547584946, 0.0 ], [ 103.571633973817654, 16.098831515020887, 0.0 ], [ 103.571635211071964, 16.09883252448569, 0.0 ], [ 103.571636411423327, 16.098833574768332, 0.0 ], [ 103.571637573431687, 16.098834664608802, 0.0 ], [ 103.571638695703044, 16.09883579269966, 0.0 ], [ 103.571639776891018, 16.09883695768756, 0.0 ], [ 103.571640815698544, 16.098838158174885, 0.0 ], [ 103.57164181087937, 16.098839392721459, 0.0 ], [ 103.57164276123963, 16.098840659846214, 0.0 ], [ 103.571643665639186, 16.098841958029016, 0.0 ], [ 103.57164452299304, 16.098843285712476, 0.0 ], [ 103.571645332272666, 16.098844641303803, 0.0 ], [ 103.571646092507194, 16.098846023176723, 0.0 ], [ 103.571646802784571, 16.098847429673434, 0.0 ], [ 103.571647462252699, 16.09884885910661, 0.0 ], [ 103.571648070120432, 16.098850309761392, 0.0 ], [ 103.571648625658526, 16.098851779897462, 0.0 ], [ 103.571649128200519, 16.098853267751139, 0.0 ], [ 103.571649577143504, 16.098854771537482, 0.0 ], [ 103.571649971948915, 16.098856289452431, 0.0 ], [ 103.571653453691454, 16.098870728683853, 0.0 ] ] } },
{ "type": "Feature", "properties": { }, "geometry": { "type": "LineString", "coordinates": [ [ 103.542697323373645, 16.10691290380457, 0.0 ], [ 103.546120387162446, 16.105470650260045, 0.0 ], [ 103.54612621636285, 16.105468306552794, 0.0 ], [ 103.546132124088615, 16.105466154431944, 0.0 ], [ 103.546138103604264, 16.105464196351157, 0.0 ], [ 103.546144148092495, 16.105462434542847, 0.0 ], [ 103.546150250661952, 16.105460871015687, 0.0 ], [ 103.546156404355003, 16.105459507552261, 0.0 ], [ 103.546162602155789, 16.105458345707071, 0.0 ], [ 103.54616883699812, 16.105457386804741, 0.0 ], [ 103.546175101773613, 16.105456631938541, 0.0 ], [ 103.546181389339736, 16.105456081969091, 0.0 ], [ 103.546187692527951, 16.105455737523425, 0.0 ], [ 103.546194004151957, 16.105455598994244, 0.0 ], [ 103.546369028383211, 16.105454614810633, 0.0 ] ] } },
{ "type": "Feature", "properties": { }, "geometry": { "type": "LineString", "coordinates": [ [ 103.546188894654321, 16.105500937264669, 0.0 ], [ 103.5462041174832, 16.105495273496505, 0.0 ], [ 103.546219793002564, 16.105490913894261, 0.0 ], [ 103.546235801912545, 16.105487891637054, 0.0 ], [ 103.54625200717858, 16.105486230638085, 0.0 ] ] } },
{ "type": "Feature", "properties": { }, "geometry": { "type": "LineString", "coordinates": [ [ 103.54625200717858, 16.105486230638085, 0.0 ], [ 103.546300971695828, 16.105483290267991, 0.0 ] ] } },
{ "type": "Feature", "properties": { }, "geometry": { "type": "LineString", "coordinates": [ [ 103.542645227030462, 16.107036620046454, 0.0 ], [ 103.542644816314649, 16.107031906160366, 0.0 ], [ 103.542644832146763, 16.10702717560703, 0.0 ], [ 103.542645274406283, 16.107022464388805, 0.0 ], [ 103.54264613972731, 16.107017808360926, 0.0 ], [ 103.542647421524222, 16.107013242958548, 0.0 ], [ 103.542649110041722, 16.107008802927137, 0.0 ], [ 103.542651192429162, 16.107004522057998, 0.0 ], [ 103.542653652838311, 16.107000432931123, 0.0 ], [ 103.542656472543911, 16.10699656666722, 0.0 ], [ 103.542659630086362, 16.106992952690874, 0.0 ], [ 103.542663101434798, 16.106989618506621, 0.0 ], [ 103.542666860170186, 16.106986589489594, 0.0 ], [ 103.542670877686291, 16.106983888692422, 0.0 ], [ 103.542675123407406, 16.106981536669817, 0.0 ], [ 103.542678452275666, 16.106980006424113, 0.0 ] ] } },
{ "type": "Feature", "properties": { }, "geometry": { "type": "LineString", "coordinates": [ [ 103.542678452275666, 16.106980006424113, 0.0 ], [ 103.546188894654321, 16.105500937264669, 0.0 ] ] } },
{ "type": "Feature", "properties": { }, "geometry": { "type": "LineString", "coordinates": [ [ 103.542697323373645, 16.10691290380457, 0.0 ], [ 103.542692756468298, 16.10691460285479, 0.0 ], [ 103.542688053761879, 16.106915910653083, 0.0 ], [ 103.542683251044892, 16.106916817246304, 0.0 ], [ 103.542678384868907, 16.106917315734727, 0.0 ], [ 103.542673492268506, 16.106917402324566, 0.0 ], [ 103.542668610479353, 16.106917076356801, 0.0 ], [ 103.542663776654862, 16.106916340312264, 0.0 ], [ 103.542659027583369, 16.106915199792695, 0.0 ], [ 103.542654399408192, 16.10691366347816, 0.0 ], [ 103.542649927352571, 16.10691174306093, 0.0 ], [ 103.542645645451572, 16.106909453156575, 0.0 ], [ 103.542641586293058, 16.106906811192644, 0.0 ], [ 103.542637780769695, 16.106903837276107, 0.0 ], [ 103.542634257843801, 16.106900554040266, 0.0 ], [ 103.542631044326981, 16.106896986472545, 0.0 ], [ 103.542628164676017, 16.106893161724308, 0.0 ], [ 103.542625640806776, 16.106889108904213, 0.0 ], [ 103.542623491927429, 16.106884858856677, 0.0 ], [ 103.542621734392227, 16.106880443927135, 0.0 ], [ 103.542620381577038, 16.106875897715877, 0.0 ], [ 103.542619639003718, 16.106872423408756, 0.0 ] ] } },
{ "type": "Feature", "properties": { }, "geometry": { "type": "LineString", "coordinates": [ [ 103.542499627991205, 16.107035631402336, 0.0 ], [ 103.542504194900857, 16.10703393235703, 0.0 ], [ 103.542508897611086, 16.107032624563541, 0.0 ], [ 103.54251370033144, 16.107031717974966, 0.0 ], [ 103.542518566510381, 16.107031219490988, 0.0 ], [ 103.54252345911334, 16.107031132905366, 0.0 ], [ 103.542528340904695, 16.107031458877078, 0.0 ], [ 103.542533174731119, 16.107032194925289, 0.0 ], [ 103.542537923804261, 16.107033335448229, 0.0 ], [ 103.542542551980858, 16.107034871765833, 0.0 ], [ 103.542547024037717, 16.107036792185816, 0.0 ], [ 103.542551305939796, 16.107039082092633, 0.0 ], [ 103.542555365099261, 16.107041724058728, 0.0 ], [ 103.542559170623434, 16.107044697977148, 0.0 ], [ 103.542562693550025, 16.107047981214603, 0.0 ], [ 103.542565907067399, 16.107051548783677, 0.0 ], [ 103.542568786718761, 16.107055373533036, 0.0 ], [ 103.542571310588201, 16.107059426354041, 0.0 ], [ 103.542573459467533, 16.107063676402284, 0.0 ], [ 103.542575217002494, 16.107068091332355, 0.0 ], [ 103.542576569817129, 16.107072637543965, 0.0 ], [ 103.542577507615675, 16.107077280437704, 0.0 ], [ 103.542577628042281, 16.107078097116315, 0.0 ] ] } },
{ "type": "Feature", "properties": { }, "geometry": { "type": "LineString", "coordinates": [ [ 103.542550091342321, 16.106883129243386, 0.0 ], [ 103.54255086702247, 16.106890977799441, 0.0 ], [ 103.542550932157141, 16.106898861844613, 0.0 ], [ 103.542550286250574, 16.106906721376554, 0.0 ], [ 103.542548934218388, 16.106914496579464, 0.0 ], [ 103.542546886350308, 16.106922128279333, 0.0 ], [ 103.542544158231792, 16.106929558394299, 0.0 ], [ 103.542540770625365, 16.10693673037666, 0.0 ], [ 103.542536749312731, 16.106943589643276, 0.0 ], [ 103.542532124898472, 16.106950083990945, 0.0 ], [ 103.542526932577147, 16.106956163993722, 0.0 ], [ 103.542521211865463, 16.106961783379056, 0.0 ], [ 103.542515006301471, 16.106966899380016, 0.0 ], [ 103.542508363113285, 16.106971473060696, 0.0 ], [ 103.542501332859629, 16.106975469612589, 0.0 ], [ 103.542494855297377, 16.106978490470411, 0.0 ] ] } },
{ "type": "Feature", "properties": { }, "geometry": { "type": "LineString", "coordinates": [ [ 103.54254665687975, 16.106402522656818, 0.0 ], [ 103.542545766126779, 16.106394685525778, 0.0 ], [ 103.542545585325357, 16.106386803166448, 0.0 ], [ 103.542546115851394, 16.106378935568326, 0.0 ], [ 103.542547353667217, 16.106371142608577, 0.0 ], [ 103.542549289352195, 16.106363483596319, 0.0 ], [ 103.542551908174516, 16.106356016821216, 0.0 ], [ 103.542555190203345, 16.10634879910992, 0.0 ], [ 103.542559110460346, 16.10634188539354, 0.0 ], [ 103.542563639110014, 16.106335328289585, 0.0 ], [ 103.542568741686523, 16.106329177701543, 0.0 ], [ 103.542574379356211, 16.106323480439055, 0.0 ], [ 103.542580509212968, 16.1063182798617, 0.0 ], [ 103.542582074250461, 16.106317090973445, 0.0 ] ] } },
{ "type": "Feature", "properties": { }, "geometry": { "type": "LineString", "coordinates": [ [ 103.54260530414706, 16.106223154509987, 0.0 ], [ 103.542601328173035, 16.106225912140371, 0.0 ], [ 103.542597118712834, 16.106228324278593, 0.0 ], [ 103.542592707802996, 16.106230372566827, 0.0 ], [ 103.542588129013254, 16.106232041416344, 0.0 ], [ 103.542583417190997, 16.106233318126183, 0.0 ], [ 103.542578608196038, 16.106234192979812, 0.0 ], [ 103.54257373862778, 16.106234659319064, 0.0 ], [ 103.542568845546583, 16.106234713594805, 0.0 ], [ 103.542563966191807, 16.106234355393973, 0.0 ], [ 103.542559137698305, 16.106233587442699, 0.0 ], [ 103.542554396813856, 16.106232415585563, 0.0 ], [ 103.542549779619478, 16.106230848741113, 0.0 ], [ 103.542545321254835, 16.106228898834001, 0.0 ], [ 103.542541055650801, 16.106226580704181, 0.0 ], [ 103.542537015271193, 16.106223911994068, 0.0 ], [ 103.542533230865757, 16.106220913014155, 0.0 ], [ 103.542529731236101, 16.106217606588508, 0.0 ], [ 103.542526543016521, 16.106214017881033, 0.0 ], [ 103.542523690471285, 16.10621017420398, 0.0 ], [ 103.542521195309973, 16.10620610481006, 0.0 ], [ 103.542519076522268, 16.106201840669836, 0.0 ], [ 103.542517350233382, 16.106197414236, 0.0 ], [ 103.542516029581392, 16.10619285919638, 0.0 ], [ 103.542515124617253, 16.106188210217596, 0.0 ], [ 103.542515035790387, 16.106187585299264, 0.0 ] ] } },
{ "type": "Feature", "properties": { }, "geometry": { "type": "LineString", "coordinates": [ [ 103.54260530414706, 16.106223154509987, 0.0 ], [ 103.542628838066406, 16.10620527873202, 0.0 ] ] } },
{ "type": "Feature", "properties": { }, "geometry": { "type": "LineString", "coordinates": [ [ 103.542411564310044, 16.106441782356811, 0.0 ], [ 103.542416131206252, 16.106440083312233, 0.0 ], [ 103.54242083390254, 16.106438775519511, 0.0 ], [ 103.542425636608598, 16.106437868931717, 0.0 ], [ 103.542430502772945, 16.106437370448546, 0.0 ], [ 103.542435395361181, 16.106437283863748, 0.0 ], [ 103.542440277137786, 16.106437609836288, 0.0 ], [ 103.542445110949501, 16.106438345885319, 0.0 ], [ 103.542449860008148, 16.106439486409069, 0.0 ], [ 103.542454488170534, 16.106441022727477, 0.0 ], [ 103.54245896021358, 16.106442943148245, 0.0 ], [ 103.542463242102343, 16.106445233055823, 0.0 ], [ 103.54246730124909, 16.106447875022639, 0.0 ], [ 103.542471106761283, 16.106450848941751, 0.0 ], [ 103.542474629676661, 16.106454132179849, 0.0 ], [ 103.542477843183718, 16.106457699749527, 0.0 ], [ 103.542480722825715, 16.10646152449943, 0.0 ], [ 103.542483246686828, 16.10646557732094, 0.0 ], [ 103.542485395558927, 16.106469827369615, 0.0 ], [ 103.542487153087791, 16.106474242300049, 0.0 ], [ 103.542488505897538, 16.106478788511964, 0.0 ], [ 103.542489398038867, 16.106483143082844, 0.0 ] ] } },
{ "type": "Feature", "properties": { }, "geometry": { "type": "LineString", "coordinates": [ [ 103.542449272919498, 16.106234280356453, 0.0 ], [ 103.542450899501304, 16.10624838470661, 0.0 ], [ 103.542451248307046, 16.106262572434222, 0.0 ], [ 103.542450316681851, 16.106276735562073, 0.0 ], [ 103.5424481117157, 16.106290766300187, 0.0 ], [ 103.542444650189438, 16.106304557866107, 0.0 ], [ 103.542439958447147, 16.106318005297624, 0.0 ], [ 103.542434072195618, 16.106331006251548, 0.0 ], [ 103.542427036232596, 16.106343461782682, 0.0 ], [ 103.542418904105915, 16.106355277096764, 0.0 ], [ 103.542409737705853, 16.106366362272013, 0.0 ], [ 103.542399606794234, 16.106376632943412, 0.0 ], [ 103.542388588473386, 16.106386010944824, 0.0 ], [ 103.542376766599489, 16.106394424903883, 0.0 ], [ 103.542364231144219, 16.106401810785133, 0.0 ], [ 103.542351077510105, 16.106408112377473, 0.0 ], [ 103.54235023653635, 16.106408469341453, 0.0 ] ] } },
{ "type": "Feature", "properties": { }, "geometry": { "type": "LineString", "coordinates": [ [ 103.540476587944298, 16.107197866909978, 0.0 ], [ 103.54235023653635, 16.106408469341453, 0.0 ] ] } },
{ "type": "Feature", "properties": { }, "geometry": { "type": "LineString", "coordinates": [ [ 103.540476587944298, 16.107197866909978, 0.0 ], [ 103.540472782171818, 16.107199282743476, 0.0 ], [ 103.540468863235461, 16.107200372532812, 0.0 ], [ 103.540464860960682, 16.107201127984045, 0.0 ], [ 103.540460805807257, 16.107201543347717, 0.0 ], [ 103.540456728637366, 16.107201615462671, 0.0 ], [ 103.540452660480739, 16.107201343780059, 0.0 ], [ 103.540448632298549, 16.107200730367559, 0.0 ], [ 103.540444674747704, 16.107199779893616, 0.0 ], [ 103.540440817947569, 16.10719849959192, 0.0 ], [ 103.540437091250737, 16.10719689920634, 0.0 ], [ 103.540433523019644, 16.107194990916788, 0.0 ], [ 103.540430140410677, 16.107192789246511, 0.0 ], [ 103.540426969167555, 16.107190310951555, 0.0 ], [ 103.540424033425353, 16.107187574893253, 0.0 ], [ 103.540421355526831, 16.107184601894676, 0.0 ], [ 103.540418955852417, 16.107181414582143, 0.0 ], [ 103.540417379900305, 16.107178948809228, 0.0 ] ] } },
{ "type": "Feature", "properties": { }, "geometry": { "type": "LineString", "coordinates": [ [ 103.542628838066406, 16.10620527873202, 0.0 ], [ 103.542697423590269, 16.106157709586164, 0.0 ], [ 103.542770036720313, 16.106116100150679, 0.0 ], [ 103.542840056397779, 16.106083300072584, 0.0 ] ] } },
{ "type": "Feature", "properties": { }, "geometry": { "type": "LineString", "coordinates": [ [ 103.540791312539724, 16.107755371060314, 0.0 ], [ 103.542499627991205, 16.107035631402336, 0.0 ] ] } },
{ "type": "Feature", "properties": { }, "geometry": { "type": "LineString", "coordinates": [ [ 103.540789846697606, 16.107787818345308, 0.0 ], [ 103.540788449260404, 16.107787005033675, 0.0 ], [ 103.540787130466072, 16.107786077075826, 0.0 ], [ 103.540785900351423, 16.107785041534083, 0.0 ], [ 103.540784768278414, 16.107783906289555, 0.0 ], [ 103.540783742862743, 16.107782679982126, 0.0 ], [ 103.540782831908501, 16.107781371944743, 0.0 ], [ 103.540782042348567, 16.107779992132375, 0.0 ], [ 103.540781380191959, 16.107778551046195, 0.0 ], [ 103.540780850478114, 16.107777059653774, 0.0 ], [ 103.540780457238441, 16.107775529305503, 0.0 ], [ 103.540780203465744, 16.107773971648239, 0.0 ], [ 103.540780091091392, 16.107772398536703, 0.0 ], [ 103.540780120970609, 16.107770821943241, 0.0 ], [ 103.540780292875979, 16.10776925386666, 0.0 ], [ 103.540780605499236, 16.107767706240974, 0.0 ], [ 103.540781056461071, 16.107766190844554, 0.0 ], [ 103.540781642329435, 16.107764719210472, 0.0 ], [ 103.540782358645473, 16.107763302538761, 0.0 ], [ 103.54078319995763, 16.107761951611131, 0.0 ], [ 103.54078415986298, 16.107760676708967, 0.0 ], [ 103.540785231056077, 16.107759487535048, 0.0 ], [ 103.54078640538448, 16.107758393139694, 0.0 ], [ 103.540787673910856, 16.107757401851917, 0.0 ], [ 103.540789026980931, 16.107756521216011, 0.0 ], [ 103.540790454297067, 16.10775575793415, 0.0 ], [ 103.540791312539724, 16.107755371060314, 0.0 ] ] } },
{ "type": "Feature", "properties": { }, "geometry": { "type": "LineString", "coordinates": [ [ 103.54068881008385, 16.107739404819441, 0.0 ], [ 103.542494855297377, 16.106978490470411, 0.0 ] ] } },
{ "type": "Feature", "properties": { }, "geometry": { "type": "LineString", "coordinates": [ [ 103.542411564310044, 16.106441782356811, 0.0 ], [ 103.540433949992263, 16.107274982132502, 0.0 ] ] } },
{ "type": "Feature", "properties": { }, "geometry": { "type": "LineString", "coordinates": [ [ 103.542668520736015, 16.106252848567873, 0.0 ], [ 103.542582074250461, 16.106317090973445, 0.0 ] ] } },
{ "type": "Feature", "properties": { }, "geometry": { "type": "LineString", "coordinates": [ [ 103.542668520736015, 16.106252848567873, 0.0 ], [ 103.542732950082183, 16.10620915404775, 0.0 ], [ 103.542801073536069, 16.106171054314053, 0.0 ], [ 103.542857907452188, 16.106144789443434, 0.0 ] ] } },
{ "type": "Feature", "properties": { }, "geometry": { "type": "LineString", "coordinates": [ [ 103.543784364939739, 16.105754446419976, 0.0 ], [ 103.542857907452188, 16.106144789443434, 0.0 ] ] } },
{ "type": "Feature", "properties": { }, "geometry": { "type": "LineString", "coordinates": [ [ 103.542847797853753, 16.10608003839917, 0.0 ], [ 103.544066741786196, 16.105566461144047, 0.0 ] ] } },
{ "type": "Feature", "properties": { }, "geometry": { "type": "LineString", "coordinates": [ [ 103.543784364939739, 16.105754446419976, 0.0 ], [ 103.543788931810596, 16.105752747343672, 0.0 ], [ 103.543793634483947, 16.105751439518556, 0.0 ], [ 103.54379843716967, 16.105750532897961, 0.0 ], [ 103.543803303316437, 16.10575003438181, 0.0 ], [ 103.543808195889966, 16.105749947764114, 0.0 ], [ 103.543813077654846, 16.105750273704082, 0.0 ], [ 103.543817911457936, 16.105751009721125, 0.0 ], [ 103.543822660511097, 16.105752150213711, 0.0 ], [ 103.54382728867121, 16.105753686502016, 0.0 ], [ 103.543831760715165, 16.105755606893972, 0.0 ], [ 103.543836042608064, 16.105757896774243, 0.0 ], [ 103.5438401017621, 16.105760538715472, 0.0 ], [ 103.543843907284682, 16.105763512610903, 0.0 ], [ 103.543847430213503, 16.10576679582741, 0.0 ], [ 103.543850643736945, 16.105770363377758, 0.0 ], [ 103.543853523398127, 16.105774188110736, 0.0 ], [ 103.543856047281082, 16.105778240917839, 0.0 ], [ 103.543858196177538, 16.10578249095477, 0.0 ], [ 103.543858196177538, 16.10578249095477, 0.0 ] ] } },
{ "type": "Feature", "properties": { }, "geometry": { "type": "LineString", "coordinates": [ [ 103.529838365967905, 16.112391079272854, 0.0 ], [ 103.529795785780323, 16.112335653607204, 0.0 ], [ 103.529790463165298, 16.112328484412338, 0.0 ], [ 103.529785384716675, 16.112321151568342, 0.0 ], [ 103.529780555814284, 16.112313662843246, 0.0 ], [ 103.529775981573579, 16.112306026170195, 0.0 ], [ 103.52977166684019, 16.112298249639061, 0.0 ], [ 103.529767616184913, 16.112290341487881, 0.0 ], [ 103.529763833898727, 16.112282310094109, 0.0 ], [ 103.529604134812203, 16.111928021777171, 0.0 ], [ 103.529603652146392, 16.111926999567736, 0.0 ], [ 103.529603133253801, 16.111925994080167, 0.0 ], [ 103.529602578753298, 16.111925006513793, 0.0 ], [ 103.529601989306343, 16.111924038046599, 0.0 ], [ 103.529601365616003, 16.111923089833734, 0.0 ], [ 103.529600708426216, 16.111922163006255, 0.0 ], [ 103.529600018520853, 16.111921258669661, 0.0 ], [ 103.529599296722864, 16.111920377902642, 0.0 ], [ 103.529598543893201, 16.11191952175577, 0.0 ], [ 103.529597760929818, 16.11191869125026, 0.0 ], [ 103.529596948766638, 16.111917887376734, 0.0 ], [ 103.529596108372417, 16.111917111094044, 0.0 ], [ 103.529595240749572, 16.111916363328138, 0.0 ], [ 103.529594346932981, 16.111915644970932, 0.0 ], [ 103.529593427988786, 16.111914956879314, 0.0 ], [ 103.529592485013112, 16.111914299874002, 0.0 ], [ 103.529591519130747, 16.111913674738691, 0.0 ], [ 103.529590531493753, 16.111913082219029, 0.0 ], [ 103.529589523280222, 16.111912523021768, 0.0 ], [ 103.529588495692721, 16.11191199781392, 0.0 ], [ 103.529587449956963, 16.111911507221947, 0.0 ], [ 103.529586387320265, 16.111911051831033, 0.0 ], [ 103.529585309050177, 16.111910632184362, 0.0 ], [ 103.529584216432838, 16.111910248782475, 0.0 ], [ 103.529583110771512, 16.111909902082708, 0.0 ], [ 103.529581993385023, 16.111909592498595, 0.0 ], [ 103.529580865606192, 16.111909320399405, 0.0 ], [ 103.52957972878022, 16.111909086109694, 0.0 ], [ 103.52957858426312, 16.111908889908936, 0.0 ], [ 103.529577433420059, 16.111908732031139, 0.0 ], [ 103.529576277623761, 16.111908612664642, 0.0 ], [ 103.529575118252836, 16.111908531951794, 0.0 ], [ 103.5295739566902, 16.111908489988895, 0.0 ], [ 103.529532559178122, 16.111907686133176, 0.0 ] ] } },
{ "type": "Feature", "properties": { }, "geometry": { "type": "LineString", "coordinates": [ [ 103.529861258863107, 16.11236625455895, 0.0 ], [ 103.529824791420523, 16.112304836500012, 0.0 ], [ 103.529821040052838, 16.112298312071477, 0.0 ], [ 103.529817475905404, 16.112291690283907, 0.0 ], [ 103.529814101679776, 16.112284976156538, 0.0 ], [ 103.529810919933539, 16.112278174778577, 0.0 ], [ 103.529645273510596, 16.111910692647754, 0.0 ], [ 103.529644147289986, 16.111908307492602, 0.0 ], [ 103.529642936540171, 16.111905961355124, 0.0 ], [ 103.529641642705343, 16.111903657033803, 0.0 ], [ 103.529640267328759, 16.111901397277219, 0.0 ], [ 103.529638812051004, 16.111899184780786, 0.0 ], [ 103.529637278607893, 16.111897022183573, 0.0 ], [ 103.529635668828519, 16.111894912065104, 0.0 ], [ 103.529633984633037, 16.111892856942323, 0.0 ], [ 103.529632228030323, 16.111890859266559, 0.0 ], [ 103.529630401115668, 16.111888921420643, 0.0 ], [ 103.529628506068192, 16.111887045716028, 0.0 ], [ 103.529626545148318, 16.111885234390027, 0.0 ], [ 103.529624520695009, 16.111883489603191, 0.0 ], [ 103.529622435123017, 16.111881813436689, 0.0 ], [ 103.529620290920022, 16.111880207889843, 0.0 ], [ 103.529618090643595, 16.111878674877744, 0.0 ], [ 103.529615836918225, 16.111877216228951, 0.0 ], [ 103.529613532432151, 16.111875833683335, 0.0 ], [ 103.52961117993415, 16.111874528889999, 0.0 ], [ 103.52960878223027, 16.111873303405286, 0.0 ], [ 103.529606342180472, 16.111872158690932, 0.0 ], [ 103.52960386269524, 16.111871096112367, 0.0 ], [ 103.529601346732079, 16.111870116937023, 0.0 ], [ 103.529598797292039, 16.111869222332849, 0.0 ], [ 103.529596217416042, 16.111868413366921, 0.0 ], [ 103.529593610181379, 16.111867691004182, 0.0 ], [ 103.529590978697939, 16.111867056106249, 0.0 ], [ 103.529588326104545, 16.111866509430428, 0.0 ], [ 103.529585655565185, 16.111866051628784, 0.0 ], [ 103.529582970265253, 16.111865683247398, 0.0 ], [ 103.529580273407774, 16.111865404725659, 0.0 ], [ 103.529577568209533, 16.111865216395781, 0.0 ], [ 103.529574857897288, 16.111865118482424, 0.0 ], [ 103.529531492591829, 16.111864276416725, 0.0 ] ] } },
{ "type": "Feature", "properties": { }, "geometry": { "type": "LineString", "coordinates": [ [ 103.521052923148332, 16.11607004350282, 0.0 ], [ 103.518846272132365, 16.116999419394769, 0.0 ], [ 103.518844514882915, 16.117000194549149, 0.0 ], [ 103.518842786283102, 16.117001027727913, 0.0 ], [ 103.51884108838253, 16.117001917943153, 0.0 ], [ 103.518839423194422, 16.11700286413933, 0.0 ], [ 103.518837792693176, 16.117003865194533, 0.0 ], [ 103.518836198812082, 16.117004919921829, 0.0 ], [ 103.518834643441025, 16.117006027070616, 0.0 ], [ 103.51883312842422, 16.117007185328131, 0.0 ], [ 103.518831655558031, 16.117008393321026, 0.0 ], [ 103.518830226588818, 16.117009649616996, 0.0 ], [ 103.518828843210926, 16.117010952726424, 0.0 ], [ 103.518827507064657, 16.117012301104218, 0.0 ], [ 103.518826219734237, 16.117013693151598, 0.0 ], [ 103.518824982746111, 16.117015127218018, 0.0 ], [ 103.518823797566952, 16.11701660160309, 0.0 ], [ 103.518822665602045, 16.117018114558622, 0.0 ], [ 103.518821588193546, 16.117019664290719, 0.0 ], [ 103.51882056661897, 16.117021248961841, 0.0 ], [ 103.518819602089593, 16.117022866693038, 0.0 ], [ 103.518818695749061, 16.117024515566158, 0.0 ], [ 103.518817848672029, 16.117026193626131, 0.0 ], [ 103.51881706186289, 16.117027898883276, 0.0 ], [ 103.518816336254531, 16.117029629315653, 0.0 ], [ 103.518815672707362, 16.117031382871488, 0.0 ], [ 103.518815072008138, 16.117033157471578, 0.0 ], [ 103.518814534869094, 16.117034951011778, 0.0 ], [ 103.518814061927117, 16.117036761365473, 0.0 ], [ 103.51881365374301, 16.117038586386123, 0.0 ], [ 103.518813310800752, 16.117040423909796, 0.0 ], [ 103.518813033506959, 16.117042271757725, 0.0 ], [ 103.518812822190412, 16.117044127738911, 0.0 ], [ 103.518812677101707, 16.117045989652706, 0.0 ], [ 103.51881259841285, 16.117047855291442, 0.0 ], [ 103.518812586217152, 16.117049722443006, 0.0 ], [ 103.518812640529063, 16.117051588893524, 0.0 ], [ 103.518812761284224, 16.117053452429925, 0.0 ], [ 103.518812948339416, 16.117055310842606, 0.0 ], [ 103.518813201472867, 16.117057161928045, 0.0 ], [ 103.518813520384441, 16.117059003491391, 0.0 ], [ 103.518822481324463, 16.117105787188752, 0.0 ] ] } },
{ "type": "Feature", "properties": { }, "geometry": { "type": "LineString", "coordinates": [ [ 103.521030517365631, 16.116020331905567, 0.0 ], [ 103.518784665635749, 16.116966217694905, 0.0 ], [ 103.518782906360642, 16.116966993783503, 0.0 ], [ 103.518781175804165, 16.11696782803029, 0.0 ], [ 103.518779476023042, 16.116968719443804, 0.0 ], [ 103.518777809037374, 16.116969666964639, 0.0 ], [ 103.518776176828311, 16.116970669466689, 0.0 ], [ 103.518774581335677, 16.116971725758532, 0.0 ], [ 103.518773024455655, 16.116972834584807, 0.0 ], [ 103.518771508038512, 16.11697399462771, 0.0 ], [ 103.518770033886483, 16.116975204508577, 0.0 ], [ 103.518768603751511, 16.116976462789513, 0.0 ], [ 103.518767219333299, 16.116977767975097, 0.0 ], [ 103.518765882277123, 16.116979118514177, 0.0 ], [ 103.518764594172069, 16.116980512801675, 0.0 ], [ 103.518763356548973, 16.116981949180545, 0.0 ], [ 103.518762170878716, 16.116983425943705, 0.0 ], [ 103.518761038570403, 16.116984941336074, 0.0 ], [ 103.51875996096976, 16.116986493556677, 0.0 ], [ 103.518758939357468, 16.116988080760745, 0.0 ], [ 103.518757974947675, 16.116989701061964, 0.0 ], [ 103.518757068886543, 16.116991352534662, 0.0 ], [ 103.5187562222509, 16.116993033216129, 0.0 ], [ 103.518755436046931, 16.116994741108929, 0.0 ], [ 103.518754711209013, 16.116996474183313, 0.0 ], [ 103.518754048598595, 16.116998230379583, 0.0 ], [ 103.518753449003157, 16.117000007610571, 0.0 ], [ 103.518752913135302, 16.117001803764104, 0.0 ], [ 103.518752441631904, 16.117003616705514, 0.0 ], [ 103.518752035053282, 16.117005444280203, 0.0 ], [ 103.518751693882706, 16.117007284316166, 0.0 ], [ 103.518751418525596, 16.117009134626585, 0.0 ], [ 103.518751209309215, 16.11701099301245, 0.0 ], [ 103.518751066482224, 16.117012857265127, 0.0 ], [ 103.518750990214372, 16.117014725169028, 0.0 ], [ 103.518750980596266, 16.117016594504218, 0.0 ], [ 103.51875103763939, 16.117018463049074, 0.0 ], [ 103.518751161275929, 16.117020328582896, 0.0 ], [ 103.518751351358929, 16.117022188888566, 0.0 ], [ 103.518751607662509, 16.117024041755183, 0.0 ], [ 103.518751929882058, 16.117025884980688, 0.0 ], [ 103.518753907080111, 16.117036118410503, 0.0 ] ] } },
{ "type": "Feature", "properties": { }, "geometry": { "type": "LineString", "coordinates": [ [ 103.520813928662548, 16.115539786380797, 0.0 ], [ 103.518706873924003, 16.116427216131093, 0.0 ], [ 103.518705083181814, 16.116427934989463, 0.0 ], [ 103.518703267807979, 16.116428593589664, 0.0 ], [ 103.518701429971614, 16.116429191144746, 0.0 ], [ 103.518699571868723, 16.116429726940719, 0.0 ], [ 103.51869769571951, 16.116430200337369, 0.0 ], [ 103.518695803765681, 16.116430610769054, 0.0 ], [ 103.518693898267941, 16.116430957745344, 0.0 ], [ 103.518691981503082, 16.116431240851664, 0.0 ], [ 103.518690055761411, 16.116431459749727, 0.0 ], [ 103.518688123343921, 16.116431614177987, 0.0 ], [ 103.51868618655962, 16.116431703951918, 0.0 ], [ 103.518684247722732, 16.116431728964251, 0.0 ], [ 103.518682309149895, 16.116431689185099, 0.0 ], [ 103.518680373157466, 16.116431584661999, 0.0 ], [ 103.5186784420587, 16.116431415519834, 0.0 ], [ 103.518676518161044, 16.116431181960721, 0.0 ], [ 103.518674603763273, 16.116430884263718, 0.0 ], [ 103.51867270115288, 16.11643052278454, 0.0 ], [ 103.518670812603219, 16.11643009795511, 0.0 ], [ 103.518668940370873, 16.116429610283049, 0.0 ], [ 103.518667086692915, 16.116429060351059, 0.0 ], [ 103.518665253784278, 16.116428448816229, 0.0 ], [ 103.518663443835024, 16.116427776409296, 0.0 ], [ 103.518661659007819, 16.116427043933662, 0.0 ], [ 103.518659901435313, 16.116426252264567, 0.0 ], [ 103.518658173217574, 16.116425402347947, 0.0 ], [ 103.518656476419594, 16.11642449519935, 0.0 ], [ 103.518654813068835, 16.116423531902694, 0.0 ], [ 103.5186531851528, 16.116422513608992, 0.0 ], [ 103.518651594616628, 16.116421441534989, 0.0 ], [ 103.518650043360793, 16.116420316961669, 0.0 ], [ 103.518648533238874, 16.11641914123275, 0.0 ], [ 103.51864706605528, 16.116417915753093, 0.0 ], [ 103.518645643563062, 16.116416641986962, 0.0 ], [ 103.518644267461951, 16.11641532145638, 0.0 ], [ 103.518642939396202, 16.116413955739183, 0.0 ], [ 103.518641660952682, 16.116412546467249, 0.0 ], [ 103.518640433658959, 16.116411095324455, 0.0 ], [ 103.518639258981494, 16.116409604044751, 0.0 ], [ 103.518638138323894, 16.116408074410025, 0.0 ], [ 103.518637073025189, 16.116406508247977, 0.0 ], [ 103.518636064358262, 16.116404907429988, 0.0 ], [ 103.518635113528333, 16.116403273868823, 0.0 ], [ 103.518634221671547, 16.116401609516387, 0.0 ], [ 103.518633389853534, 16.116399916361345, 0.0 ], [ 103.518632619068242, 16.116398196426832, 0.0 ], [ 103.518631910236607, 16.116396451767926, 0.0 ], [ 103.518631264205624, 16.116394684469274, 0.0 ], [ 103.518630681747226, 16.116392896642587, 0.0 ], [ 103.518630163557347, 16.11639109042407, 0.0 ], [ 103.518629710255169, 16.116389267971932, 0.0 ], [ 103.518629322382324, 16.116387431463764, 0.0 ], [ 103.518619525915739, 16.116336577559121, 0.0 ] ] } },
{ "type": "Feature", "properties": { }, "geometry": { "type": "LineString", "coordinates": [ [ 103.520791522989441, 16.115490074766026, 0.0 ], [ 103.51872633410396, 16.116359872148237, 0.0 ], [ 103.51872514194703, 16.116360350749073, 0.0 ], [ 103.518723933412602, 16.116360789290123, 0.0 ], [ 103.518722709940718, 16.116361187248835, 0.0 ], [ 103.518721472989213, 16.116361544151033, 0.0 ], [ 103.518720224031981, 16.116361859571452, 0.0 ], [ 103.518718964557223, 16.116362133134224, 0.0 ], [ 103.518717696065664, 16.116362364513414, 0.0 ], [ 103.518716420068799, 16.116362553433312, 0.0 ], [ 103.518715138087003, 16.116362699668805, 0.0 ], [ 103.518713851647888, 16.116362803045647, 0.0 ], [ 103.518712562284264, 16.11636286344066, 0.0 ], [ 103.51871127153251, 16.116362880781882, 0.0 ], [ 103.518709980930609, 16.116362855048653, 0.0 ], [ 103.518708692016389, 16.116362786271626, 0.0 ], [ 103.51870740632566, 16.116362674532759, 0.0 ], [ 103.518706125390381, 16.116362519965197, 0.0 ], [ 103.518704850736881, 16.116362322753105, 0.0 ], [ 103.518703583883948, 16.116362083131484, 0.0 ], [ 103.518702326341128, 16.11636180138585, 0.0 ], [ 103.518701079606842, 16.116361477851921, 0.0 ], [ 103.518699845166637, 16.116361112915207, 0.0 ], [ 103.518698624491421, 16.116360707010546, 0.0 ], [ 103.518697419035703, 16.116360260621594, 0.0 ], [ 103.518696230235832, 16.116359774280252, 0.0 ], [ 103.518695059508332, 16.116359248566013, 0.0 ], [ 103.518693908248181, 16.116358684105307, 0.0 ], [ 103.518692777827184, 16.116358081570709, 0.0 ], [ 103.518691669592286, 16.116357441680176, 0.0 ], [ 103.518690584864032, 16.116356765196173, 0.0 ], [ 103.518689524934885, 16.116356052924761, 0.0 ], [ 103.518688491067849, 16.116355305714663, 0.0 ], [ 103.518687484494819, 16.116354524456206, 0.0 ], [ 103.518686506415179, 16.1163537100803, 0.0 ], [ 103.51868555799436, 16.116352863557331, 0.0 ], [ 103.518684640362451, 16.116351985895967, 0.0 ], [ 103.518683754612894, 16.116351078141992, 0.0 ], [ 103.518682901801057, 16.116350141377048, 0.0 ], [ 103.518682082943144, 16.116349176717332, 0.0 ], [ 103.518681299014858, 16.116348185312287, 0.0 ], [ 103.518680550950293, 16.116347168343239, 0.0 ], [ 103.518679839640811, 16.116346127021945, 0.0 ], [ 103.518679165933946, 16.116345062589208, 0.0 ], [ 103.518678530632499, 16.116343976313345, 0.0 ], [ 103.518677934493439, 16.116342869488715, 0.0 ], [ 103.518677378227096, 16.11634174343417, 0.0 ], [ 103.518676862496292, 16.116340599491451, 0.0 ], [ 103.518676387915562, 16.116339439023633, 0.0 ], [ 103.518675955050384, 16.116338263413475, 0.0 ], [ 103.51867556441654, 16.116337074061768, 0.0 ], [ 103.51867521647948, 16.116335872385708, 0.0 ], [ 103.518674911653804, 16.116334659817149, 0.0 ], [ 103.518674650302714, 16.116333437800925, 0.0 ], [ 103.518673212768675, 16.116326077706706, 0.0 ] ] } },
{ "type": "Feature", "properties": { }, "geometry": { "type": "LineString", "coordinates": [ [ 103.520791522989441, 16.115490074766026, 0.0 ], [ 103.520798373869368, 16.115487526943724, 0.0 ], [ 103.52080542839083, 16.115485566014772, 0.0 ], [ 103.520812632864718, 16.115484206902998, 0.0 ], [ 103.520819932460711, 16.115483459952049, 0.0 ], [ 103.52082727162454, 16.115483330846686, 0.0 ], [ 103.520834594500826, 16.115483820569473, 0.0 ], [ 103.520841845358078, 16.115484925393343, 0.0 ], [ 103.520848969012988, 16.115486636909928, 0.0 ], [ 103.520855911250294, 16.115488942093563, 0.0 ], [ 103.52086261923543, 16.115491823400454, 0.0 ], [ 103.520869041916626, 16.115495258902133, 0.0 ], [ 103.520875130413415, 16.115499222452389, 0.0 ], [ 103.520880838388692, 16.115503683886242, 0.0 ], [ 103.520886122401322, 16.11550860924952, 0.0 ], [ 103.52089094223679, 16.115513961057275, 0.0 ], [ 103.520895261213184, 16.115519698579035, 0.0 ], [ 103.520899046460499, 16.115525778148839, 0.0 ], [ 103.520902269170662, 16.115532153497501, 0.0 ] ] } },
{ "type": "Feature", "properties": { }, "geometry": { "type": "LineString", "coordinates": [ [ 103.521096452293406, 16.115962987358603, 0.0 ], [ 103.520902269170662, 16.115532153497501, 0.0 ] ] } },
{ "type": "Feature", "properties": { }, "geometry": { "type": "LineString", "coordinates": [ [ 103.521096452293406, 16.115962987358603, 0.0 ], [ 103.521099087950688, 16.11596960996426, 0.0 ], [ 103.521101116483891, 16.115976429426976, 0.0 ], [ 103.521102522454555, 16.115983393846548, 0.0 ], [ 103.521103295162391, 16.115990450219524, 0.0 ], [ 103.521103428726519, 16.115997544842667, 0.0 ], [ 103.521102922130368, 16.116004623721587, 0.0 ], [ 103.521101779229369, 16.116011632981746, 0.0 ], [ 103.521100008721646, 16.11601851927842, 0.0 ], [ 103.521097624081776, 16.116025230202716, 0.0 ], [ 103.521094643458227, 16.116031714680418, 0.0 ], [ 103.521091089535332, 16.116037923360722, 0.0 ], [ 103.521086989360555, 16.116043808991769, 0.0 ], [ 103.521082374138672, 16.116049326780342, 0.0 ], [ 103.521077278994312, 16.116054434732686, 0.0 ], [ 103.521071742704578, 16.116059093974179, 0.0 ], [ 103.521065807404014, 16.116063269045149, 0.0 ], [ 103.521059518263883, 16.116066928170756, 0.0 ], [ 103.521052923148332, 16.11607004350282, 0.0 ], [ 103.521052923148332, 16.116070043502827, 0.0 ] ] } },
{ "type": "Feature", "properties": { }, "geometry": { "type": "LineString", "coordinates": [ [ 103.520813928662548, 16.115539786380797, 0.0 ], [ 103.520816212289716, 16.115538937106528, 0.0 ], [ 103.520818563797462, 16.115538283463419, 0.0 ], [ 103.520820965289403, 16.115537830426103, 0.0 ], [ 103.52082339848873, 16.115537581442435, 0.0 ], [ 103.520825844877351, 16.115537538407359, 0.0 ], [ 103.520828285836743, 16.115537701648385, 0.0 ], [ 103.52083070278978, 16.115538069923165, 0.0 ], [ 103.520833077341976, 16.115538640428884, 0.0 ], [ 103.520835391421571, 16.115539408823668, 0.0 ], [ 103.520837627417023, 16.11554036925957, 0.0 ], [ 103.520839768311049, 16.115541514427093, 0.0 ], [ 103.520841797810192, 16.115542835610825, 0.0 ], [ 103.520843700468689, 16.11554432275577, 0.0 ], [ 103.520845461806204, 16.115545964543834, 0.0 ], [ 103.520847068417865, 16.115547748480061, 0.0 ], [ 103.520848508076412, 16.115549660987593, 0.0 ], [ 103.520849769825148, 16.115551687511118, 0.0 ], [ 103.520850844061428, 16.115553812627553, 0.0 ] ] } },
{ "type": "Feature", "properties": { }, "geometry": { "type": "LineString", "coordinates": [ [ 103.52104502708579, 16.115984646527096, 0.0 ], [ 103.520850844061428, 16.115553812627553, 0.0 ] ] } },
{ "type": "Feature", "properties": { }, "geometry": { "type": "LineString", "coordinates": [ [ 103.52104502708579, 16.115984646527096, 0.0 ], [ 103.521045905637692, 16.115986854062484, 0.0 ], [ 103.521046581814815, 16.115989127216853, 0.0 ], [ 103.521047050471083, 16.115991448690103, 0.0 ], [ 103.521047308039698, 16.115993800814447, 0.0 ], [ 103.521047352560402, 16.115996165688781, 0.0 ], [ 103.521047183694364, 16.115998525314989, 0.0 ], [ 103.521046802726758, 16.116000861734889, 0.0 ], [ 103.521046212556968, 16.116003157166922, 0.0 ], [ 103.521045417676504, 16.11600539414145, 0.0 ], [ 103.521044424134928, 16.116007555633743, 0.0 ], [ 103.52104323949365, 16.116009625193545, 0.0 ], [ 103.521041872768535, 16.11601158707025, 0.0 ], [ 103.52104033436116, 16.116013426332788, 0.0 ], [ 103.521038635979735, 16.116015128983253, 0.0 ], [ 103.521036790549971, 16.116016682063442, 0.0 ], [ 103.52103481211671, 16.116018073753487, 0.0 ], [ 103.521032715737022, 16.116019293461772, 0.0 ], [ 103.521030517365645, 16.116020331905567, 0.0 ], [ 103.521030517365631, 16.116020331905567, 0.0 ] ] } },
{ "type": "Feature", "properties": { }, "geometry": { "type": "LineString", "coordinates": [ [ 103.510596396263523, 16.119685085237549, 0.0 ], [ 103.510582210638759, 16.119643184108124, 0.0 ] ] } },
{ "type": "Feature", "properties": { }, "geometry": { "type": "LineString", "coordinates": [ [ 103.51075620998914, 16.119775535379137, 0.0 ], [ 103.515246204091028, 16.117884684451248, 0.0 ] ] } },
{ "type": "Feature", "properties": { }, "geometry": { "type": "LineString", "coordinates": [ [ 103.51075620998914, 16.119775535379137, 0.0 ], [ 103.51074707514698, 16.119778932013464, 0.0 ], [ 103.510737668818592, 16.119781546112925, 0.0 ], [ 103.510728062591937, 16.119783357782616, 0.0 ], [ 103.510718329576292, 16.119784353234628, 0.0 ], [ 103.510708543845922, 16.119784524892975, 0.0 ], [ 103.51069877987625, 16.119783871451219, 0.0 ], [ 103.510689111977129, 16.119782397882496, 0.0 ], [ 103.510679613727191, 16.11978011540155, 0.0 ], [ 103.510670357413971, 16.119777041379503, 0.0 ], [ 103.510661413483689, 16.119773199211544, 0.0 ], [ 103.510652850005116, 16.119768618138941, 0.0 ], [ 103.510644732151562, 16.119763333026487, 0.0 ], [ 103.510637121704846, 16.119757384097134, 0.0 ], [ 103.510630076585031, 16.119750816625874, 0.0 ], [ 103.510623650409769, 16.119743680595192, 0.0 ], [ 103.510617892086088, 16.119736030314655, 0.0 ], [ 103.510612845438274, 16.119727924007559, 0.0 ], [ 103.510608548874288, 16.119719423367847, 0.0 ], [ 103.510605035093491, 16.119710593090556, 0.0 ], [ 103.510604777526041, 16.119709841585205, 0.0 ] ] } },
{ "type": "Feature", "properties": { }, "geometry": { "type": "LineString", "coordinates": [ [ 103.510531822711101, 16.119494349427718, 0.0 ], [ 103.510604777526041, 16.119709841585205, 0.0 ] ] } },
{ "type": "Feature", "properties": { }, "geometry": { "type": "LineString", "coordinates": [ [ 103.510672798647519, 16.119445855621226, 0.0 ], [ 103.510744186834543, 16.11965671986539, 0.0 ], [ 103.510744824132956, 16.119658497376534, 0.0 ], [ 103.510745524832956, 16.11966025244833, 0.0 ], [ 103.510746288091156, 16.119661982968324, 0.0 ], [ 103.510747112988895, 16.119663686853631, 0.0 ], [ 103.510747998533304, 16.119665362053386, 0.0 ], [ 103.510748943658513, 16.119667006551282, 0.0 ], [ 103.510749947226955, 16.11966861836796, 0.0 ], [ 103.510751008030695, 16.119670195563391, 0.0 ], [ 103.510752124792944, 16.11967173623923, 0.0 ], [ 103.510753296169511, 16.119673238541072, 0.0 ], [ 103.510754520750524, 16.119674700660703, 0.0 ], [ 103.510755797062046, 16.119676120838275, 0.0 ], [ 103.510757123567842, 16.119677497364435, 0.0 ], [ 103.510758498671336, 16.119678828582337, 0.0 ], [ 103.510759920717391, 16.119680112889725, 0.0 ], [ 103.510761387994407, 16.119681348740748, 0.0 ], [ 103.510762898736317, 16.119682534647911, 0.0 ], [ 103.510764451124771, 16.119683669183811, 0.0 ], [ 103.51076604329127, 16.119684750982909, 0.0 ], [ 103.510767673319421, 16.119685778743108, 0.0 ], [ 103.51076933924729, 16.119686751227373, 0.0 ], [ 103.510771039069724, 16.1196876672652, 0.0 ], [ 103.510772770740786, 16.119688525754018, 0.0 ], [ 103.510774532176171, 16.11968932566052, 0.0 ], [ 103.510776321255761, 16.119690066021924, 0.0 ], [ 103.510778135826186, 16.119690745947111, 0.0 ], [ 103.510779973703379, 16.119691364617701, 0.0 ], [ 103.510781832675221, 16.119691921289053, 0.0 ], [ 103.510783710504185, 16.119692415291123, 0.0 ], [ 103.510785604930106, 16.119692846029331, 0.0 ], [ 103.510787513672767, 16.119693212985236, 0.0 ], [ 103.51078943443477, 16.119693515717149, 0.0 ], [ 103.510791364904222, 16.119693753860691, 0.0 ], [ 103.510793302757548, 16.119693927129227, 0.0 ], [ 103.510795245662322, 16.119694035314211, 0.0 ], [ 103.51079719128002, 16.119694078285431, 0.0 ], [ 103.510799137268805, 16.119694055991154, 0.0 ], [ 103.510801081286445, 16.119693968458222, 0.0 ], [ 103.510803020993066, 16.11969381579199, 0.0 ], [ 103.510804954053995, 16.119693598176216, 0.0 ], [ 103.510806878142546, 16.119693315872826, 0.0 ], [ 103.510808790942832, 16.119692969221596, 0.0 ], [ 103.510810690152553, 16.11969255863978, 0.0 ], [ 103.510812573485765, 16.119692084621562, 0.0 ], [ 103.510814438675652, 16.119691547737478, 0.0 ], [ 103.510816283477183, 16.119690948633739, 0.0 ], [ 103.510818105669955, 16.119690288031439, 0.0 ], [ 103.510819903060678, 16.119689566725704, 0.0 ], [ 103.515112935363405, 16.11788166175668, 0.0 ], [ 103.515113826800658, 16.117881268285295, 0.0 ], [ 103.515114703474097, 16.117880844950179, 0.0 ], [ 103.515115564313447, 16.117880392268145, 0.0 ], [ 103.515116408267843, 16.1178799107918, 0.0 ], [ 103.515117234306956, 16.117879401108951, 0.0 ], [ 103.515118041422397, 16.117878863841799, 0.0 ], [ 103.515118828628829, 16.117878299646247, 0.0 ], [ 103.515119594965228, 16.117877709211051, 0.0 ], [ 103.515120339496079, 16.117877093257025, 0.0 ], [ 103.515121061312442, 16.117876452536109, 0.0 ], [ 103.51512175953313, 16.117875787830481, 0.0 ], [ 103.515122433305777, 16.117875099951629, 0.0 ], [ 103.515123081807843, 16.117874389739296, 0.0 ], [ 103.515123704247614, 16.11787365806051, 0.0 ], [ 103.515124299865278, 16.117872905808508, 0.0 ], [ 103.51512486793365, 16.117872133901621, 0.0 ], [ 103.515125407759271, 16.117871343282182, 0.0 ], [ 103.515125918683111, 16.117870534915379, 0.0 ], [ 103.515126400081456, 16.117869709788071, 0.0 ], [ 103.515126851366603, 16.117868868907557, 0.0 ], [ 103.515127271987637, 16.117868013300381, 0.0 ], [ 103.515127661431038, 16.117867144011047, 0.0 ], [ 103.515128019221422, 16.117866262100808, 0.0 ], [ 103.515128344921976, 16.117865368646264, 0.0 ], [ 103.515128638135096, 16.117864464738144, 0.0 ], [ 103.515128898502823, 16.11786355147995, 0.0 ], [ 103.515129125707304, 16.117862629986554, 0.0 ], [ 103.515129319471171, 16.117861701382925, 0.0 ], [ 103.515129479557885, 16.117860766802689, 0.0 ], [ 103.515129605772003, 16.117859827386784, 0.0 ], [ 103.515129697959452, 16.117858884282025, 0.0 ], [ 103.515129756007696, 16.117857938639762, 0.0 ], [ 103.51512977984585, 16.117856991614424, 0.0 ], [ 103.515129769444826, 16.117856044362131, 0.0 ], [ 103.515129724817328, 16.117855098039275, 0.0 ], [ 103.515129646017826, 16.117854153801126, 0.0 ], [ 103.515129533142542, 16.117853212800398, 0.0 ], [ 103.515129386329235, 16.117852276185861, 0.0 ], [ 103.515129205757162, 16.117851345100931, 0.0 ], [ 103.515128991646762, 16.117850420682263, 0.0 ], [ 103.515128744259414, 16.11784950405838, 0.0 ], [ 103.515128463897113, 16.117848596348292, 0.0 ], [ 103.515128150902157, 16.117847698660121, 0.0 ], [ 103.515127805656618, 16.117846812089759, 0.0 ], [ 103.515127428581977, 16.11784593771953, 0.0 ], [ 103.515127020138578, 16.117845076616849, 0.0 ], [ 103.51512658082504, 16.11784422983294, 0.0 ], [ 103.515126111177651, 16.117843398401565, 0.0 ], [ 103.51512561176979, 16.117842583337719, 0.0 ], [ 103.515125083211103, 16.117841785636429, 0.0 ], [ 103.515124526146863, 16.117841006271519, 0.0 ], [ 103.51512394125713, 16.117840246194429, 0.0 ], [ 103.515123329255914, 16.117839506333063, 0.0 ], [ 103.515122690890379, 16.117838787590628, 0.0 ], [ 103.515122026939807, 16.117838090844568, 0.0 ], [ 103.51512133821474, 16.117837416945463, 0.0 ], [ 103.515120625555994, 16.117836766716, 0.0 ], [ 103.515119889833571, 16.117836140949972, 0.0 ], [ 103.51511913194561, 16.11783554041132, 0.0 ], [ 103.515118352817368, 16.117834965833161, 0.0 ], [ 103.515080362235068, 16.117807950950564, 0.0 ] ] } },
{ "type": "Feature", "properties": { }, "geometry": { "type": "LineString", "coordinates": [ [ 103.510903913908763, 16.120285088325737, 0.0 ], [ 103.515922250119075, 16.11817173284556, 0.0 ] ] } },
{ "type": "Feature", "properties": { }, "geometry": { "type": "LineString", "coordinates": [ [ 103.510841170029437, 16.120415378536624, 0.0 ], [ 103.510838796417076, 16.120406199957596, 0.0 ], [ 103.510837259397491, 16.12039685632995, 0.0 ], [ 103.510836570668189, 16.120387418764345, 0.0 ], [ 103.51083673547069, 16.120377959086351, 0.0 ], [ 103.510837752550628, 16.120368549289818, 0.0 ], [ 103.51083961416731, 16.120359260988955, 0.0 ], [ 103.510842306152597, 16.120350164873305, 0.0 ], [ 103.510845808018743, 16.120341330169769, 0.0 ], [ 103.510850093114371, 16.120332824115724, 0.0 ], [ 103.510855128827231, 16.120324711447331, 0.0 ], [ 103.510860876832467, 16.120317053906835, 0.0 ], [ 103.510867293384251, 16.120309909772697, 0.0 ], [ 103.510874329648757, 16.120303333416011, 0.0 ], [ 103.510881932075776, 16.120297374886782, 0.0 ], [ 103.510890042806295, 16.120292079532955, 0.0 ], [ 103.510898600112782, 16.120287487655329, 0.0 ], [ 103.510903913908763, 16.120285088325737, 0.0 ] ] } },
{ "type": "Feature", "properties": { }, "geometry": { "type": "LineString", "coordinates": [ [ 103.51091761644895, 16.12066429004491, 0.0 ], [ 103.510841170029437, 16.120415378536624, 0.0 ] ] } },
{ "type": "Feature", "properties": { }, "geometry": { "type": "LineString", "coordinates": [ [ 103.511062150738567, 16.120626824756027, 0.0 ], [ 103.510981302145709, 16.120363580282735, 0.0 ], [ 103.510980783615025, 16.120361778630553, 0.0 ], [ 103.510980329660867, 16.120359960765843, 0.0 ], [ 103.510979940823177, 16.12035812885075, 0.0 ], [ 103.510979617564416, 16.12035628506413, 0.0 ], [ 103.510979360269062, 16.120354431598944, 0.0 ], [ 103.510979169243143, 16.120352570659691, 0.0 ], [ 103.510979044713849, 16.120350704459739, 0.0 ], [ 103.510978986829329, 16.120348835218721, 0.0 ], [ 103.510978995658363, 16.120346965159897, 0.0 ], [ 103.510979071190505, 16.120345096507464, 0.0 ], [ 103.510979213335901, 16.120343231483997, 0.0 ], [ 103.51097942192547, 16.120341372307713, 0.0 ], [ 103.510979696711132, 16.120339521189884, 0.0 ], [ 103.510980037366039, 16.120337680332224, 0.0 ], [ 103.510980443485053, 16.120335851924203, 0.0 ], [ 103.51098091458509, 16.120334038140513, 0.0 ], [ 103.510981450105888, 16.120332241138442, 0.0 ], [ 103.510982049410458, 16.120330463055318, 0.0 ], [ 103.510982711786014, 16.12032870600596, 0.0 ], [ 103.510983436444732, 16.120326972080179, 0.0 ], [ 103.510984222524712, 16.120325263340295, 0.0 ], [ 103.510985069091006, 16.120323581818635, 0.0 ], [ 103.510985975136705, 16.120321929515192, 0.0 ], [ 103.510986939584171, 16.1203203083952, 0.0 ], [ 103.510987961286332, 16.12031872038677, 0.0 ], [ 103.510989039027947, 16.120317167378683, 0.0 ], [ 103.510990171527212, 16.120315651218043, 0.0 ], [ 103.510991357437092, 16.120314173708159, 0.0 ], [ 103.510992595347119, 16.120312736606358, 0.0 ], [ 103.510993883784934, 16.120311341621907, 0.0 ], [ 103.510995221218096, 16.120309990413983, 0.0 ], [ 103.510996606055855, 16.120308684589681, 0.0 ], [ 103.510998036651117, 16.120307425702144, 0.0 ], [ 103.510999511302373, 16.120306215248668, 0.0 ], [ 103.511001028255677, 16.120305054668947, 0.0 ], [ 103.511002585706777, 16.120303945343363, 0.0 ], [ 103.511004181803273, 16.120302888591326, 0.0 ], [ 103.511005814646794, 16.120301885669722, 0.0 ], [ 103.511007482295255, 16.120300937771407, 0.0 ], [ 103.511009182765193, 16.120300046023804, 0.0 ], [ 103.51101091403406, 16.120299211487545, 0.0 ], [ 103.511012674042746, 16.120298435155213, 0.0 ], [ 103.515917614034549, 16.118232832912589, 0.0 ], [ 103.515919095538564, 16.118232238012713, 0.0 ], [ 103.515920597287092, 16.118231692604095, 0.0 ], [ 103.515922117511437, 16.118231197329095, 0.0 ], [ 103.515923654421172, 16.118230752771037, 0.0 ], [ 103.515925206206148, 16.118230359453488, 0.0 ], [ 103.515926771038792, 16.118230017839686, 0.0 ], [ 103.515928347076056, 16.118229728331972, 0.0 ], [ 103.515929932461802, 16.118229491271318, 0.0 ], [ 103.515931525328796, 16.118229306936925, 0.0 ], [ 103.515933123801034, 16.118229175545878, 0.0 ], [ 103.515934725995905, 16.118229097252939, 0.0 ], [ 103.51593633002642, 16.118229072150331, 0.0 ], [ 103.515937934003418, 16.118229100267587, 0.0 ], [ 103.515939536037791, 16.118229181571614, 0.0 ], [ 103.515941134242752, 16.118229315966651, 0.0 ], [ 103.515942726735986, 16.118229503294401, 0.0 ], [ 103.515944311641945, 16.118229743334258, 0.0 ], [ 103.515945887093977, 16.118230035803499, 0.0 ], [ 103.51594745123657, 16.118230380357677, 0.0 ], [ 103.515949002227558, 16.118230776590973, 0.0 ], [ 103.515950538240261, 16.118231224036744, 0.0 ], [ 103.515952057465611, 16.118231722167998, 0.0 ], [ 103.515953558114333, 16.11823227039805, 0.0 ], [ 103.515955038419051, 16.118232868081225, 0.0 ], [ 103.515956496636292, 16.118233514513598, 0.0 ], [ 103.515957931048618, 16.118234208933814, 0.0 ], [ 103.515959339966685, 16.118234950524041, 0.0 ], [ 103.515960721731119, 16.118235738410853, 0.0 ], [ 103.515962074714508, 16.118236571666305, 0.0 ], [ 103.515963397323389, 16.118237449309039, 0.0 ], [ 103.515964688000054, 16.118238370305384, 0.0 ], [ 103.515965945224366, 16.118239333570646, 0.0 ], [ 103.515967167515655, 16.118240337970313, 0.0 ], [ 103.515968353434346, 16.118241382321479, 0.0 ], [ 103.515969501583683, 16.118242465394125, 0.0 ], [ 103.516006892162338, 16.118278968301457, 0.0 ] ] } },
{ "type": "Feature", "properties": { }, "geometry": { "type": "LineString", "coordinates": [ [ 103.4740636384916, 16.125665858510672, 0.0 ], [ 103.472620443792152, 16.12557593790892, 0.0 ], [ 103.472480097769434, 16.125569250915838, 0.0 ], [ 103.472339606757259, 16.125566668948252, 0.0 ], [ 103.471757883691822, 16.125564480887558, 0.0 ], [ 103.471615697376961, 16.125561867291772, 0.0 ], [ 103.471473657848406, 16.125555098969247, 0.0 ], [ 103.470083895435806, 16.125468491204789, 0.0 ], [ 103.469911139324211, 16.125454629879904, 0.0 ], [ 103.467284718312953, 16.125196683200667, 0.0 ], [ 103.467032484963397, 16.12517525054222, 0.0 ], [ 103.466779742496811, 16.125160448040248, 0.0 ], [ 103.464974146431501, 16.1250784653929, 0.0 ] ] } },
{ "type": "Feature", "properties": { }, "geometry": { "type": "LineString", "coordinates": [ [ 103.474067246614098, 16.125611746817071, 0.0 ], [ 103.472624052300404, 16.125521826272877, 0.0 ], [ 103.47248201199767, 16.125515058556633, 0.0 ], [ 103.472339824955455, 16.125512445422437, 0.0 ], [ 103.471758102048199, 16.125510257375968, 0.0 ], [ 103.471617611830851, 16.125507674960247, 0.0 ], [ 103.471477266648492, 16.125500987378246, 0.0 ], [ 103.470087504607363, 16.125414379669287, 0.0 ], [ 103.469916809250137, 16.125400683695851, 0.0 ], [ 103.467290388929626, 16.125142737145936, 0.0 ], [ 103.467036637693283, 16.125121175516227, 0.0 ], [ 103.466782374276889, 16.125106283941921, 0.0 ], [ 103.464976778697135, 16.12502430135881, 0.0 ] ] } },
{ "type": "Feature", "properties": { }, "geometry": { "type": "LineString", "coordinates": [ [ 103.472721352564534, 16.126269943554068, 0.0 ], [ 103.472774177530098, 16.126244759597192, 0.0 ], [ 103.47277533851873, 16.126244181526314, 0.0 ], [ 103.472776477918757, 16.12624356462382, 0.0 ], [ 103.472777594340684, 16.126242909642006, 0.0 ], [ 103.472778686423027, 16.12624221737962, 0.0 ], [ 103.472779752834029, 16.126241488680883, 0.0 ], [ 103.472780792273198, 16.126240724434417, 0.0 ], [ 103.472781803472941, 16.126239925572236, 0.0 ], [ 103.47278278520011, 16.126239093068516, 0.0 ], [ 103.472783736257512, 16.126238227938511, 0.0 ], [ 103.472784655485327, 16.126237331237235, 0.0 ], [ 103.472785541762576, 16.12623640405819, 0.0 ], [ 103.472786394008452, 16.126235447532082, 0.0 ], [ 103.472787211183658, 16.126234462825373, 0.0 ], [ 103.472787992291629, 16.126233451138919, 0.0 ], [ 103.47278873637984, 16.12623241370644, 0.0 ], [ 103.472789442540858, 16.126231351793088, 0.0 ], [ 103.472790109913561, 16.126230266693856, 0.0 ], [ 103.472790737684065, 16.12622915973202, 0.0 ], [ 103.472791325086831, 16.126228032257487, 0.0 ], [ 103.472791871405519, 16.126226885645217, 0.0 ], [ 103.472792375973881, 16.126225721293487, 0.0 ], [ 103.47279283817663, 16.126224540622218, 0.0 ], [ 103.472793257450107, 16.126223345071232, 0.0 ], [ 103.47279363328299, 16.126222136098477, 0.0 ], [ 103.472793965216994, 16.126220915178287, 0.0 ], [ 103.472794252847308, 16.126219683799569, 0.0 ], [ 103.472794495823166, 16.126218443463973, 0.0 ], [ 103.472794693848257, 16.126217195684081, 0.0 ], [ 103.472794846681126, 16.126215941981545, 0.0 ], [ 103.472794954135367, 16.126214683885244, 0.0 ], [ 103.472795016079957, 16.126213422929407, 0.0 ], [ 103.472795032439322, 16.126212160651761, 0.0 ], [ 103.472795003193553, 16.126210898591651, 0.0 ], [ 103.472794928378306, 16.126209638288138, 0.0 ], [ 103.472794808084799, 16.126208381278147, 0.0 ], [ 103.47279464245976, 16.126207129094595, 0.0 ], [ 103.47279443170514, 16.126205883264504, 0.0 ], [ 103.472794176077969, 16.126204645307155, 0.0 ], [ 103.472793875889977, 16.126203416732217, 0.0 ], [ 103.472793531507236, 16.12620219903793, 0.0 ], [ 103.472793143349733, 16.126200993709261, 0.0 ], [ 103.472792711890804, 16.126199802216099, 0.0 ], [ 103.472792237656634, 16.126198626011455, 0.0 ], [ 103.472791721225519, 16.126197466529689, 0.0 ], [ 103.472791163227271, 16.126196325184779, 0.0 ], [ 103.472790564342333, 16.126195203368603, 0.0 ], [ 103.472789925301058, 16.12619410244919, 0.0 ], [ 103.472789246882755, 16.12619302376909, 0.0 ], [ 103.472788529914752, 16.126191968643766, 0.0 ], [ 103.472787775271371, 16.126190938359912, 0.0 ], [ 103.472786983872894, 16.126189934173958, 0.0 ], [ 103.472786156684435, 16.126188957310504, 0.0 ], [ 103.472785294714711, 16.126188008960806, 0.0 ], [ 103.472784399014927, 16.126187090281388, 0.0 ], [ 103.472783470677356, 16.12618620239256, 0.0 ], [ 103.472782510834108, 16.126185346377088, 0.0 ], [ 103.472781520655701, 16.126184523278873, 0.0 ], [ 103.472780501349632, 16.126183734101691, 0.0 ], [ 103.472779454158953, 16.126182979807918, 0.0 ], [ 103.472778380360694, 16.126182261317425, 0.0 ], [ 103.472777281264342, 16.126181579506376, 0.0 ], [ 103.472776158210223, 16.126180935206271, 0.0 ], [ 103.472775012567922, 16.126180329202796, 0.0 ], [ 103.472773845734508, 16.126179762234973, 0.0 ], [ 103.472772659132929, 16.126179234994215, 0.0 ], [ 103.472771454210246, 16.126178748123493, 0.0 ], [ 103.472770232435821, 16.12617830221653, 0.0 ], [ 103.472768995299631, 16.126177897817101, 0.0 ], [ 103.472767744310332, 16.126177535418392, 0.0 ], [ 103.472766480993485, 16.126177215462324, 0.0 ], [ 103.472765206889704, 16.126176938339071, 0.0 ], [ 103.472763923552733, 16.126176704386612, 0.0 ], [ 103.4727626325476, 16.126176513890222, 0.0 ], [ 103.472761335448681, 16.12617636708222, 0.0 ], [ 103.472760033837744, 16.126176264141634, 0.0 ], [ 103.470215005294776, 16.126018157221569, 0.0 ] ] } },
{ "type": "Feature", "properties": { }, "geometry": { "type": "LineString", "coordinates": [ [ 103.470225687886213, 16.125857657092105, 0.0 ], [ 103.470730421221489, 16.125889112657404, 0.0 ] ] } },
{ "type": "Feature", "properties": { }, "geometry": { "type": "LineString", "coordinates": [ [ 103.470172062838557, 16.125903144243743, 0.0 ], [ 103.470172544257466, 16.125898912370253, 0.0 ], [ 103.470173405409867, 16.125894737158522, 0.0 ], [ 103.470174639741828, 16.12589065038442, 0.0 ], [ 103.470176237859349, 16.125886683150775, 0.0 ], [ 103.470178187599728, 16.125882865650606, 0.0 ], [ 103.470180474124291, 16.125879226937382, 0.0 ], [ 103.470183080031177, 16.125875794703898, 0.0 ], [ 103.470185985487859, 16.125872595071527, 0.0 ], [ 103.470189168382078, 16.125869652391376, 0.0 ], [ 103.470192604490052, 16.125866989059009, 0.0 ], [ 103.470196267660953, 16.125864625343986, 0.0 ], [ 103.47020013001584, 16.125862579235587, 0.0 ], [ 103.470204162159888, 16.125860866305931, 0.0 ], [ 103.470208333406049, 16.125859499591442, 0.0 ], [ 103.47021261200868, 16.125858489493638, 0.0 ], [ 103.470216965405001, 16.125857843699958, 0.0 ], [ 103.4702213604631, 16.125857567125287, 0.0 ], [ 103.470225687886213, 16.125857657092105, 0.0 ] ] } },
{ "type": "Feature", "properties": { }, "geometry": { "type": "LineString", "coordinates": [ [ 103.470219203109366, 16.125955026293788, 0.0 ], [ 103.470214824348389, 16.125954568155795, 0.0 ], [ 103.470210503557837, 16.125953742862688, 0.0 ], [ 103.470206273621557, 16.125952556695449, 0.0 ], [ 103.470202166731909, 16.125951018681548, 0.0 ], [ 103.470198214144872, 16.125949140526188, 0.0 ], [ 103.470194445941985, 16.125946936523299, 0.0 ], [ 103.470190890801575, 16.125944423446665, 0.0 ], [ 103.470187575780429, 16.125941620422349, 0.0 ], [ 103.470184526107815, 16.125938548783054, 0.0 ], [ 103.470181764993626, 16.125935231905817, 0.0 ], [ 103.470179313451581, 16.125931695034105, 0.0 ], [ 103.470177190139395, 16.125927965085648, 0.0 ], [ 103.470175411216729, 16.125924070447617, 0.0 ], [ 103.470173990222236, 16.125920040760558, 0.0 ], [ 103.470172937970545, 16.125915906692843, 0.0 ], [ 103.470172262469873, 16.125911699707213, 0.0 ], [ 103.470171968861195, 16.125907451821377, 0.0 ], [ 103.470172059378996, 16.125903195364312, 0.0 ], [ 103.470172060663884, 16.125903176100437, 0.0 ] ] } },
{ "type": "Feature", "properties": { }, "geometry": { "type": "LineString", "coordinates": [ [ 103.472921421262853, 16.126122897362361, 0.0 ], [ 103.470219203109366, 16.125955026293788, 0.0 ] ] } },
{ "type": "Feature", "properties": { }, "geometry": { "type": "LineString", "coordinates": [ [ 103.470229898648626, 16.125794526969017, 0.0 ], [ 103.470734631826517, 16.125825982510801, 0.0 ] ] } },
{ "type": "Feature", "properties": { }, "geometry": { "type": "LineString", "coordinates": [ [ 103.470106754051855, 16.125899061523373, 0.0 ], [ 103.47010785210972, 16.125889343101925, 0.0 ], [ 103.470109822247153, 16.125879754170306, 0.0 ], [ 103.470112649470067, 16.125870367706039, 0.0 ], [ 103.470116312261524, 16.125861255145743, 0.0 ], [ 103.470120782745383, 16.125852485841449, 0.0 ], [ 103.47012602689847, 16.125844126532819, 0.0 ], [ 103.470132004809557, 16.125836240839156, 0.0 ], [ 103.470138670983133, 16.12582888877531, 0.0 ], [ 103.470145974685579, 16.125822126294857, 0.0 ], [ 103.470153860331308, 16.125816004864276, 0.0 ], [ 103.470162267905849, 16.125810571071327, 0.0 ], [ 103.470171133422539, 16.125805866270376, 0.0 ], [ 103.470180389409535, 16.125801926267769, 0.0 ], [ 103.470189965423259, 16.125798781049259, 0.0 ], [ 103.470199788584594, 16.125796454551836, 0.0 ], [ 103.470209784133459, 16.125794964481518, 0.0 ], [ 103.470219875997813, 16.125794322178638, 0.0 ], [ 103.470229898648626, 16.125794526969017, 0.0 ] ] } },
{ "type": "Feature", "properties": { }, "geometry": { "type": "LineString", "coordinates": [ [ 103.470215005294776, 16.126018157221569, 0.0 ], [ 103.470204950323961, 16.126017105196716, 0.0 ], [ 103.470195028471082, 16.126015210071756, 0.0 ], [ 103.470185315247548, 16.126012486269758, 0.0 ], [ 103.470175884576975, 16.126008954520547, 0.0 ], [ 103.47016680823252, 16.126004641702924, 0.0 ], [ 103.470158155290719, 16.12599958064008, 0.0 ], [ 103.470149991605751, 16.12599380984982, 0.0 ], [ 103.4701423793082, 16.125987373251416, 0.0 ], [ 103.470135376332252, 16.12598031983131, 0.0 ], [ 103.470129035974779, 16.125972703270364, 0.0 ], [ 103.470123406489677, 16.125964581535271, 0.0 ], [ 103.470118530720669, 16.125956016437371, 0.0 ], [ 103.470114445775238, 16.125947073162287, 0.0 ], [ 103.470111182742173, 16.125937819773782, 0.0 ], [ 103.470108766455027, 16.125928326695757, 0.0 ], [ 103.470107215303074, 16.125918666176286, 0.0 ], [ 103.470106541091383, 16.125908911737763, 0.0 ], [ 103.470106748951011, 16.125899137617356, 0.0 ], [ 103.470106751901525, 16.125899093381637, 0.0 ] ] } },
{ "type": "Feature", "properties": { }, "geometry": { "type": "LineString", "coordinates": [ [ 103.473106647467247, 16.126086470083745, 0.0 ], [ 103.473076759956399, 16.126099115037754, 0.0 ], [ 103.4730458460444, 16.126109193931651, 0.0 ], [ 103.473014141005933, 16.126116630058682, 0.0 ], [ 103.472981886136765, 16.126121366825249, 0.0 ], [ 103.472949326917217, 16.12612336818162, 0.0 ], [ 103.472917913343309, 16.126122695453233, 0.0 ] ] } },
{ "type": "Feature", "properties": { }, "geometry": { "type": "LineString", "coordinates": [ [ 100.519223215311172, -0.000150667696902, 0.0 ], [ 100.51783740129828, -0.000156880669955, 0.0 ], [ 100.517702757564962, -0.000155434598255, 0.0 ], [ 100.517568218854663, -0.000149890502067, 0.0 ], [ 100.517011647150355, -0.000118462521057, 0.0 ], [ 100.516875485038923, -0.000112851524055, 0.0 ], [ 100.516739216688165, -0.000111387981226, 0.0 ], [ 100.515404711790637, -0.000117370589054, 0.0 ], [ 100.51523864080535, -0.000121197399071, 0.0 ], [ 100.512711051577966, -0.000226393188194, 0.0 ], [ 100.512468508148473, -0.000233166996149, 0.0 ], [ 100.512225871529353, -0.00023330594831, 0.0 ], [ 100.510493884608934, -0.000210613038402, 0.0 ] ] } },
{ "type": "Feature", "properties": { }, "geometry": { "type": "LineString", "coordinates": [ [ 100.519223454689765, -0.000204784009395, 0.0 ], [ 100.51783764067595, -0.000210996879165, 0.0 ], [ 100.517701371465193, -0.000209533339705, 0.0 ], [ 100.517565208545932, -0.000203922302656, 0.0 ], [ 100.517008636846242, -0.00017249428035, 0.0 ], [ 100.516874098935759, -0.000166950203725, 0.0 ], [ 100.516739456052605, -0.000165504108627, 0.0 ], [ 100.51540495115421, -0.000171486616941, 0.0 ], [ 100.515240861134387, -0.0001752677669, 0.0 ], [ 100.512713271891514, -0.000280463367934, 0.0 ], [ 100.512469268821519, -0.000287277922845, 0.0 ], [ 100.512225172002061, -0.000287417693012, 0.0 ], [ 100.510493185084982, -0.000264724653844, 0.0 ] ] } },
{ "type": "Feature", "properties": { }, "geometry": { "type": "LineString", "coordinates": [ [ 100.517975123456509, 0.000528680618191, 0.0 ], [ 100.518024157556169, 0.000500539908078, 0.0 ], [ 100.518025233770246, 0.000499896946295, 0.0 ], [ 100.518026287028832, 0.000499216546348, 0.0 ], [ 100.518027316047466, 0.000498499537979, 0.0 ], [ 100.518028319571272, 0.000497746795571, 0.0 ], [ 100.518029296376483, 0.000496959237086, 0.0 ], [ 100.518030245271873, 0.000496137822944, 0.0 ], [ 100.518031165100297, 0.000495283554852, 0.0 ], [ 100.518032054740019, 0.00049439747458, 0.0 ], [ 100.518032913106126, 0.000493480662695, 0.0 ], [ 100.518033739151861, 0.00049253423724, 0.0 ], [ 100.518034531869873, 0.000491559352371, 0.0 ], [ 100.518035290293426, 0.000490557196951, 0.0 ], [ 100.518036013497635, 0.000489528993097, 0.0 ], [ 100.518036700600589, 0.000488475994696, 0.0 ], [ 100.518037350764345, 0.000487399485867, 0.0 ], [ 100.518037963196051, 0.000486300779403, 0.0 ], [ 100.51803853714884, 0.000485181215166, 0.0 ], [ 100.518039071922786, 0.000484042158452, 0.0 ], [ 100.518039566865738, 0.000482884998331, 0.0 ], [ 100.518040021374119, 0.000481711145947, 0.0 ], [ 100.518040434893663, 0.000480522032803, 0.0 ], [ 100.518040806920069, 0.000479319109009, 0.0 ], [ 100.518041136999685, 0.000478103841521, 0.0 ], [ 100.518041424729944, 0.000476877712344, 0.0 ], [ 100.518041669759995, 0.000475642216731, 0.0 ], [ 100.518041871791013, 0.000474398861357, 0.0 ], [ 100.518042030576638, 0.000473149162482, 0.0 ], [ 100.518042145923204, 0.000471894644101, 0.0 ], [ 100.518042217690066, 0.000470636836087, 0.0 ], [ 100.518042245789687, 0.000469377272324, 0.0 ], [ 100.518042230187817, 0.000468117488839, 0.0 ], [ 100.518042170903499, 0.000466859021924, 0.0 ], [ 100.518042068008995, 0.000465603406269, 0.0 ], [ 100.518041921629802, 0.000464352173083, 0.0 ], [ 100.518041731944422, 0.000463106848234, 0.0 ], [ 100.518041499184179, 0.000461868950383, 0.0 ], [ 100.518041223632906, 0.000460639989135, 0.0 ], [ 100.518040905626663, 0.000459421463195, 0.0 ], [ 100.518040545553248, 0.000458214858544, 0.0 ], [ 100.518040143851749, 0.000457021646624, 0.0 ], [ 100.518039701012057, 0.000455843282547, 0.0 ], [ 100.518039217574184, 0.000454681203314, 0.0 ], [ 100.518038694127711, 0.000453536826071, 0.0 ], [ 100.518038131310959, 0.000452411546374, 0.0 ], [ 100.518037529810272, 0.00045130673649, 0.0 ], [ 100.518036890359198, 0.000450223743725, 0.0 ], [ 100.518036213737517, 0.000449163888777, 0.0 ], [ 100.518035500770367, 0.00044812846413, 0.0 ], [ 100.51803475232721, 0.000447118732472, 0.0 ], [ 100.518033969320769, 0.000446135925163, 0.0 ], [ 100.518033152705897, 0.000445181240725, 0.0 ], [ 100.518032303478478, 0.000444255843387, 0.0 ], [ 100.518031422674099, 0.000443360861662, 0.0 ], [ 100.518030511366916, 0.00044249738697, 0.0 ], [ 100.518029570668261, 0.000441666472312, 0.0 ], [ 100.518028601725277, 0.000440869130978, 0.0 ], [ 100.518027605719638, 0.000440106335319, 0.0 ], [ 100.518026583865904, 0.000439379015557, 0.0 ], [ 100.518025537410239, 0.00043868805865, 0.0 ], [ 100.518024467628791, 0.000438034307213, 0.0 ], [ 100.518023375826147, 0.000437418558489, 0.0 ], [ 100.518022263333748, 0.000436841563379, 0.0 ], [ 100.518021131508249, 0.000436304025522, 0.0 ], [ 100.518019981729935, 0.000435806600439, 0.0 ], [ 100.518018815400922, 0.000435349894735, 0.0 ], [ 100.518017633943543, 0.000434934465358, 0.0 ], [ 100.518016438798568, 0.000434560818921, 0.0 ], [ 100.51801523142349, 0.00043422941108, 0.0 ], [ 100.518014013290681, 0.000433940645984, 0.0 ], [ 100.518012785885617, 0.00043369487578, 0.0 ], [ 100.51801155070514, 0.000433492400181, 0.0 ], [ 100.518010309255502, 0.000433333466105, 0.0 ], [ 100.51800906305067, 0.000433218267368, 0.0 ], [ 100.518007813610382, 0.000433146944456, 0.0 ], [ 100.518006562458297, 0.000433119584344, 0.0 ], [ 100.515562760220163, 0.000422647043924, 0.0 ] ] } },
{ "type": "Feature", "properties": { }, "geometry": { "type": "LineString", "coordinates": [ [ 100.515563448759991, 0.00026213486298, 0.0 ], [ 100.516048112788326, 0.000264308527027, 0.0 ] ] } },
{ "type": "Feature", "properties": { }, "geometry": { "type": "LineString", "coordinates": [ [ 100.515514855230876, 0.000310548997462, 0.0 ], [ 100.515515064455798, 0.000306305264473, 0.0 ], [ 100.515515640274202, 0.000302096038213, 0.0 ], [ 100.515516578303775, 0.000297953353428, 0.0 ], [ 100.515517871405535, 0.000293908738445, 0.0 ], [ 100.51551950973824, 0.000289992975222, 0.0 ], [ 100.515521480833144, 0.000286235865076, 0.0 ], [ 100.515523769689054, 0.00028266600188, 0.0 ], [ 100.515526358886419, 0.000279310554447, 0.0 ], [ 100.515529228719828, 0.000276195059756, 0.0 ], [ 100.515532357348192, 0.000273343228602, 0.0 ], [ 100.515535720960742, 0.000270776765143, 0.0 ], [ 100.515539293958341, 0.000268515201717, 0.0 ], [ 100.515543049148334, 0.00026657575019, 0.0 ], [ 100.5155469579515, 0.000264973170963, 0.0 ], [ 100.515550990619431, 0.000263719660637, 0.0 ], [ 100.515555116461144, 0.000262824759187, 0.0 ], [ 100.515559304076461, 0.000262295277359, 0.0 ], [ 100.515563448759991, 0.00026213486298, 0.0 ] ] } },
{ "type": "Feature", "properties": { }, "geometry": { "type": "LineString", "coordinates": [ [ 100.515563027163935, 0.000359511610315, 0.0 ], [ 100.515558811515561, 0.000359308207746, 0.0 ], [ 100.515554629518064, 0.000358735685013, 0.0 ], [ 100.515550512998942, 0.000357798399366, 0.0 ], [ 100.515546493287388, 0.000356503484121, 0.0 ], [ 100.515542600975877, 0.00035486079437, 0.0 ], [ 100.515538865687191, 0.000352882831977, 0.0 ], [ 100.515535315849149, 0.000350584650436, 0.0 ], [ 100.515531978478165, 0.000347983740297, 0.0 ], [ 100.515528878973626, 0.00034509989606, 0.0 ], [ 100.515526040924627, 0.00034195506552, 0.0 ], [ 100.515523485930444, 0.000338573182737, 0.0 ], [ 100.515521233436118, 0.000334979985878, 0.0 ], [ 100.515519300584458, 0.000331202821338, 0.0 ], [ 100.515517702085674, 0.000327270435617, 0.0 ], [ 100.515516450105238, 0.00032321275654, 0.0 ], [ 100.515515554171529, 0.000319060665489, 0.0 ], [ 100.515515021103127, 0.000314845762379, 0.0 ], [ 100.51551485495699, 0.000310600125161, 0.0 ], [ 100.515514855042227, 0.00031058085968, 0.0 ] ] } },
{ "type": "Feature", "properties": { }, "geometry": { "type": "LineString", "coordinates": [ [ 100.518157767797959, 0.000370630749234, 0.0 ], [ 100.515563027163935, 0.000359511610314, 0.0 ] ] } },
{ "type": "Feature", "properties": { }, "geometry": { "type": "LineString", "coordinates": [ [ 100.515563728133912, 0.000198999483815, 0.0 ], [ 100.516048392162617, 0.000201173105696, 0.0 ] ] } },
{ "type": "Feature", "properties": { }, "geometry": { "type": "LineString", "coordinates": [ [ 100.515452142543793, 0.000310255287549, 0.0 ], [ 100.51545261583648, 0.000300510065448, 0.0 ], [ 100.515453930994198, 0.00029084345501, 0.0 ], [ 100.515456078007816, 0.000281329024945, 0.0 ], [ 100.51545904053728, 0.00027203918578, 0.0 ], [ 100.515462796035976, 0.000263044638772, 0.0 ], [ 100.515467315922308, 0.000254413837832, 0.0 ], [ 100.515472565797253, 0.000246212468546, 0.0 ], [ 100.515478505706099, 0.000238502948274, 0.0 ], [ 100.515485090442596, 0.000231343951112, 0.0 ], [ 100.515492269892988, 0.000224789961347, 0.0 ], [ 100.515499989417307, 0.000218890858802, 0.0 ], [ 100.515508190265365, 0.00021369153922, 0.0 ], [ 100.515516810023811, 0.000209231572576, 0.0 ], [ 100.515525783091064, 0.000205544901929, 0.0 ], [ 100.515535041176719, 0.000202659585093, 0.0 ], [ 100.515544513821155, 0.000200597581099, 0.0 ], [ 100.515554128931853, 0.000199374583075, 0.0 ], [ 100.515563728133912, 0.000198999483818, 0.0 ] ] } },
{ "type": "Feature", "properties": { }, "geometry": { "type": "LineString", "coordinates": [ [ 100.515562760220163, 0.000422647043924, 0.0 ], [ 100.515553079808655, 0.000422179968887, 0.0 ], [ 100.515543476669933, 0.00042086528165, 0.0 ], [ 100.515534023889643, 0.000418712987809, 0.0 ], [ 100.515524793409156, 0.00041573946765, 0.0 ], [ 100.515515855477972, 0.000411967351485, 0.0 ], [ 100.515507278119117, 0.00040742534742, 0.0 ], [ 100.515499126611459, 0.000402148022867, 0.0 ], [ 100.515491462992856, 0.000396175541467, 0.0 ], [ 100.515484345588035, 0.000389553357418, 0.0 ], [ 100.515477828564698, 0.000382331869542, 0.0 ], [ 100.515471961521328, 0.000374566037718, 0.0 ], [ 100.51546678910961, 0.000366314964608, 0.0 ], [ 100.51546235069469, 0.000357641445845, 0.0 ], [ 100.515458680055573, 0.000348611492124, 0.0 ], [ 100.515455805127999, 0.000339293826821, 0.0 ], [ 100.515453747791909, 0.000329759362967, 0.0 ], [ 100.515452523704823, 0.000320080663559, 0.0 ], [ 100.515452142182795, 0.00031033138931, 0.0 ], [ 100.515452142378535, 0.000310287149907, 0.0 ] ] } },
{ "type": "Feature", "properties": { }, "geometry": { "type": "LineString", "coordinates": [ [ 100.515563432937384, 0.000262134792016, 0.0 ], [ 100.516048112788326, 0.000264308527027, 0.0 ] ] } },
{ "type": "Feature", "properties": { }, "geometry": { "type": "LineString", "coordinates": [ [ 100.518332781538476, 0.000323640590928, 0.0 ], [ 100.518304943583132, 0.000337964434001, 0.0 ], [ 100.518275971512637, 0.000349791180246, 0.0 ], [ 100.518246085822199, 0.000359030821236, 0.0 ], [ 100.518215513960172, 0.000365613038016, 0.0 ], [ 100.518184488597029, 0.000369487736267, 0.0 ], [ 100.5181544003499, 0.000370632247119, 0.0 ] ] } },
{ "type": "Feature", "properties": { }, "geometry": { "type": "LineString", "coordinates": [ [ 100.515563432937398, 0.000262134791999, 0.0 ], [ 100.516048112788326, 0.000264308527013, 0.0 ] ] } },
{ "type": "Feature", "properties": { }, "geometry": { "type": "LineString", "coordinates": [ [ 100.517975123456509, 0.000528680618191, 0.0 ], [ 100.518024157556169, 0.000500539908078, 0.0 ], [ 100.518025233770246, 0.000499896946295, 0.0 ], [ 100.518026287028832, 0.000499216546348, 0.0 ], [ 100.518027316047466, 0.000498499537979, 0.0 ], [ 100.518028319571272, 0.000497746795571, 0.0 ], [ 100.518029296376483, 0.000496959237086, 0.0 ], [ 100.518030245271873, 0.000496137822944, 0.0 ], [ 100.518031165100297, 0.000495283554852, 0.0 ], [ 100.518032054740019, 0.00049439747458, 0.0 ], [ 100.518032913106126, 0.000493480662695, 0.0 ], [ 100.518033739151861, 0.00049253423724, 0.0 ], [ 100.518034531869873, 0.000491559352371, 0.0 ], [ 100.518035290293426, 0.000490557196951, 0.0 ], [ 100.518036013497635, 0.000489528993097, 0.0 ], [ 100.518036700600589, 0.000488475994696, 0.0 ], [ 100.518037350764345, 0.000487399485867, 0.0 ], [ 100.518037963196051, 0.000486300779403, 0.0 ], [ 100.51803853714884, 0.000485181215166, 0.0 ], [ 100.518039071922786, 0.000484042158452, 0.0 ], [ 100.518039566865738, 0.000482884998331, 0.0 ], [ 100.518040021374119, 0.000481711145947, 0.0 ], [ 100.518040434893663, 0.000480522032803, 0.0 ], [ 100.518040806920069, 0.000479319109009, 0.0 ], [ 100.518041136999685, 0.000478103841521, 0.0 ], [ 100.518041424729944, 0.000476877712344, 0.0 ], [ 100.518041669759995, 0.000475642216731, 0.0 ], [ 100.518041871791013, 0.000474398861357, 0.0 ], [ 100.518042030576638, 0.000473149162482, 0.0 ], [ 100.518042145923204, 0.000471894644101, 0.0 ], [ 100.518042217690066, 0.000470636836087, 0.0 ], [ 100.518042245789687, 0.000469377272324, 0.0 ], [ 100.518042230187817, 0.000468117488839, 0.0 ], [ 100.518042170903499, 0.000466859021924, 0.0 ], [ 100.518042068008995, 0.000465603406269, 0.0 ], [ 100.518041921629802, 0.000464352173083, 0.0 ], [ 100.518041731944422, 0.000463106848234, 0.0 ], [ 100.518041499184179, 0.000461868950383, 0.0 ], [ 100.518041223632906, 0.000460639989135, 0.0 ], [ 100.518040905626663, 0.000459421463195, 0.0 ], [ 100.518040545553248, 0.000458214858544, 0.0 ], [ 100.518040143851749, 0.000457021646624, 0.0 ], [ 100.518039701012057, 0.000455843282547, 0.0 ], [ 100.518039217574184, 0.000454681203314, 0.0 ], [ 100.518038694127711, 0.000453536826071, 0.0 ], [ 100.518038131310959, 0.000452411546374, 0.0 ], [ 100.518037529810272, 0.00045130673649, 0.0 ], [ 100.518036890359198, 0.000450223743725, 0.0 ], [ 100.518036213737517, 0.000449163888777, 0.0 ], [ 100.518035500770367, 0.00044812846413, 0.0 ], [ 100.51803475232721, 0.000447118732472, 0.0 ], [ 100.518033969320769, 0.000446135925163, 0.0 ], [ 100.518033152705897, 0.000445181240725, 0.0 ], [ 100.518032303478478, 0.000444255843387, 0.0 ], [ 100.518031422674099, 0.000443360861662, 0.0 ], [ 100.518030511366916, 0.00044249738697, 0.0 ], [ 100.518029570668261, 0.000441666472312, 0.0 ], [ 100.518028601725277, 0.000440869130978, 0.0 ], [ 100.518027605719638, 0.000440106335319, 0.0 ], [ 100.518026583865904, 0.000439379015557, 0.0 ], [ 100.518025537410239, 0.00043868805865, 0.0 ], [ 100.518024467628791, 0.000438034307213, 0.0 ], [ 100.518023375826147, 0.000437418558489, 0.0 ], [ 100.518022263333748, 0.000436841563379, 0.0 ], [ 100.518021131508249, 0.000436304025522, 0.0 ], [ 100.518019981729935, 0.000435806600439, 0.0 ], [ 100.518018815400922, 0.000435349894735, 0.0 ], [ 100.518017633943543, 0.000434934465358, 0.0 ], [ 100.518016438798568, 0.000434560818921, 0.0 ], [ 100.51801523142349, 0.00043422941108, 0.0 ], [ 100.518014013290681, 0.000433940645984, 0.0 ], [ 100.518012785885617, 0.00043369487578, 0.0 ], [ 100.51801155070514, 0.000433492400181, 0.0 ], [ 100.518010309255502, 0.000433333466105, 0.0 ], [ 100.51800906305067, 0.000433218267368, 0.0 ], [ 100.518007813610382, 0.000433146944456, 0.0 ], [ 100.518006562458297, 0.000433119584344, 0.0 ], [ 100.515562760220163, 0.000422647043924, 0.0 ] ] } },
{ "type": "Feature", "properties": { }, "geometry": { "type": "LineString", "coordinates": [ [ 100.515563448759991, 0.00026213486298, 0.0 ], [ 100.516048112788326, 0.000264308527027, 0.0 ] ] } },
{ "type": "Feature", "properties": { }, "geometry": { "type": "LineString", "coordinates": [ [ 100.515514855230876, 0.000310548997462, 0.0 ], [ 100.515515064455798, 0.000306305264473, 0.0 ], [ 100.515515640274202, 0.000302096038213, 0.0 ], [ 100.515516578303775, 0.000297953353428, 0.0 ], [ 100.515517871405535, 0.000293908738445, 0.0 ], [ 100.51551950973824, 0.000289992975222, 0.0 ], [ 100.515521480833144, 0.000286235865076, 0.0 ], [ 100.515523769689054, 0.00028266600188, 0.0 ], [ 100.515526358886419, 0.000279310554447, 0.0 ], [ 100.515529228719828, 0.000276195059756, 0.0 ], [ 100.515532357348192, 0.000273343228602, 0.0 ], [ 100.515535720960742, 0.000270776765143, 0.0 ], [ 100.515539293958341, 0.000268515201717, 0.0 ], [ 100.515543049148334, 0.00026657575019, 0.0 ], [ 100.5155469579515, 0.000264973170963, 0.0 ], [ 100.515550990619431, 0.000263719660637, 0.0 ], [ 100.515555116461144, 0.000262824759187, 0.0 ], [ 100.515559304076461, 0.000262295277359, 0.0 ], [ 100.515563448759991, 0.00026213486298, 0.0 ] ] } },
{ "type": "Feature", "properties": { }, "geometry": { "type": "LineString", "coordinates": [ [ 100.515563027163935, 0.000359511610315, 0.0 ], [ 100.515558811515561, 0.000359308207746, 0.0 ], [ 100.515554629518064, 0.000358735685013, 0.0 ], [ 100.515550512998942, 0.000357798399366, 0.0 ], [ 100.515546493287388, 0.000356503484121, 0.0 ], [ 100.515542600975877, 0.00035486079437, 0.0 ], [ 100.515538865687191, 0.000352882831977, 0.0 ], [ 100.515535315849149, 0.000350584650436, 0.0 ], [ 100.515531978478165, 0.000347983740297, 0.0 ], [ 100.515528878973626, 0.00034509989606, 0.0 ], [ 100.515526040924627, 0.00034195506552, 0.0 ], [ 100.515523485930444, 0.000338573182737, 0.0 ], [ 100.515521233436118, 0.000334979985878, 0.0 ], [ 100.515519300584458, 0.000331202821338, 0.0 ], [ 100.515517702085674, 0.000327270435617, 0.0 ], [ 100.515516450105238, 0.00032321275654, 0.0 ], [ 100.515515554171529, 0.000319060665489, 0.0 ], [ 100.515515021103127, 0.000314845762379, 0.0 ], [ 100.51551485495699, 0.000310600125161, 0.0 ], [ 100.515514855042227, 0.00031058085968, 0.0 ] ] } },
{ "type": "Feature", "properties": { }, "geometry": { "type": "LineString", "coordinates": [ [ 100.518157767797959, 0.000370630749234, 0.0 ], [ 100.515563027163935, 0.000359511610314, 0.0 ] ] } },
{ "type": "Feature", "properties": { }, "geometry": { "type": "LineString", "coordinates": [ [ 100.515563728133912, 0.000198999483815, 0.0 ], [ 100.516048392162617, 0.000201173105696, 0.0 ] ] } },
{ "type": "Feature", "properties": { }, "geometry": { "type": "LineString", "coordinates": [ [ 100.515452142543793, 0.000310255287549, 0.0 ], [ 100.51545261583648, 0.000300510065448, 0.0 ], [ 100.515453930994198, 0.00029084345501, 0.0 ], [ 100.515456078007816, 0.000281329024945, 0.0 ], [ 100.51545904053728, 0.00027203918578, 0.0 ], [ 100.515462796035976, 0.000263044638772, 0.0 ], [ 100.515467315922308, 0.000254413837832, 0.0 ], [ 100.515472565797253, 0.000246212468546, 0.0 ], [ 100.515478505706099, 0.000238502948274, 0.0 ], [ 100.515485090442596, 0.000231343951112, 0.0 ], [ 100.515492269892988, 0.000224789961347, 0.0 ], [ 100.515499989417307, 0.000218890858802, 0.0 ], [ 100.515508190265365, 0.00021369153922, 0.0 ], [ 100.515516810023811, 0.000209231572576, 0.0 ], [ 100.515525783091064, 0.000205544901929, 0.0 ], [ 100.515535041176719, 0.000202659585093, 0.0 ], [ 100.515544513821155, 0.000200597581099, 0.0 ], [ 100.515554128931853, 0.000199374583075, 0.0 ], [ 100.515563728133912, 0.000198999483818, 0.0 ] ] } },
{ "type": "Feature", "properties": { }, "geometry": { "type": "LineString", "coordinates": [ [ 100.515562760220163, 0.000422647043924, 0.0 ], [ 100.515553079808655, 0.000422179968887, 0.0 ], [ 100.515543476669933, 0.00042086528165, 0.0 ], [ 100.515534023889643, 0.000418712987809, 0.0 ], [ 100.515524793409156, 0.00041573946765, 0.0 ], [ 100.515515855477972, 0.000411967351485, 0.0 ], [ 100.515507278119117, 0.00040742534742, 0.0 ], [ 100.515499126611459, 0.000402148022867, 0.0 ], [ 100.515491462992856, 0.000396175541467, 0.0 ], [ 100.515484345588035, 0.000389553357418, 0.0 ], [ 100.515477828564698, 0.000382331869542, 0.0 ], [ 100.515471961521328, 0.000374566037718, 0.0 ], [ 100.51546678910961, 0.000366314964608, 0.0 ], [ 100.51546235069469, 0.000357641445845, 0.0 ], [ 100.515458680055573, 0.000348611492124, 0.0 ], [ 100.515455805127999, 0.000339293826821, 0.0 ], [ 100.515453747791909, 0.000329759362967, 0.0 ], [ 100.515452523704823, 0.000320080663559, 0.0 ], [ 100.515452142182795, 0.00031033138931, 0.0 ], [ 100.515452142378535, 0.000310287149907, 0.0 ] ] } },
{ "type": "Feature", "properties": { }, "geometry": { "type": "LineString", "coordinates": [ [ 100.515563432937384, 0.000262134792016, 0.0 ], [ 100.516048112788326, 0.000264308527027, 0.0 ] ] } },
{ "type": "Feature", "properties": { }, "geometry": { "type": "LineString", "coordinates": [ [ 100.518332781538476, 0.000323640590928, 0.0 ], [ 100.518304943583132, 0.000337964434001, 0.0 ], [ 100.518275971512637, 0.000349791180246, 0.0 ], [ 100.518246085822199, 0.000359030821236, 0.0 ], [ 100.518215513960172, 0.000365613038016, 0.0 ], [ 100.518184488597029, 0.000369487736267, 0.0 ], [ 100.5181544003499, 0.000370632247119, 0.0 ] ] } },
{ "type": "Feature", "properties": { }, "geometry": { "type": "LineString", "coordinates": [ [ 100.515563432937398, 0.000262134791999, 0.0 ], [ 100.516048112788326, 0.000264308527013, 0.0 ] ] } },
{ "type": "Feature", "properties": { }, "geometry": { "type": "LineString", "coordinates": [ [ 100.517975123456509, 0.000528680618191, 0.0 ], [ 100.518024157556169, 0.000500539908078, 0.0 ], [ 100.518025233770246, 0.000499896946295, 0.0 ], [ 100.518026287028832, 0.000499216546348, 0.0 ], [ 100.518027316047466, 0.000498499537979, 0.0 ], [ 100.518028319571272, 0.000497746795571, 0.0 ], [ 100.518029296376483, 0.000496959237086, 0.0 ], [ 100.518030245271873, 0.000496137822944, 0.0 ], [ 100.518031165100297, 0.000495283554852, 0.0 ], [ 100.518032054740019, 0.00049439747458, 0.0 ], [ 100.518032913106126, 0.000493480662695, 0.0 ], [ 100.518033739151861, 0.00049253423724, 0.0 ], [ 100.518034531869873, 0.000491559352371, 0.0 ], [ 100.518035290293426, 0.000490557196951, 0.0 ], [ 100.518036013497635, 0.000489528993097, 0.0 ], [ 100.518036700600589, 0.000488475994696, 0.0 ], [ 100.518037350764345, 0.000487399485867, 0.0 ], [ 100.518037963196051, 0.000486300779403, 0.0 ], [ 100.51803853714884, 0.000485181215166, 0.0 ], [ 100.518039071922786, 0.000484042158452, 0.0 ], [ 100.518039566865738, 0.000482884998331, 0.0 ], [ 100.518040021374119, 0.000481711145947, 0.0 ], [ 100.518040434893663, 0.000480522032803, 0.0 ], [ 100.518040806920069, 0.000479319109009, 0.0 ], [ 100.518041136999685, 0.000478103841521, 0.0 ], [ 100.518041424729944, 0.000476877712344, 0.0 ], [ 100.518041669759995, 0.000475642216731, 0.0 ], [ 100.518041871791013, 0.000474398861357, 0.0 ], [ 100.518042030576638, 0.000473149162482, 0.0 ], [ 100.518042145923204, 0.000471894644101, 0.0 ], [ 100.518042217690066, 0.000470636836087, 0.0 ], [ 100.518042245789687, 0.000469377272324, 0.0 ], [ 100.518042230187817, 0.000468117488839, 0.0 ], [ 100.518042170903499, 0.000466859021924, 0.0 ], [ 100.518042068008995, 0.000465603406269, 0.0 ], [ 100.518041921629802, 0.000464352173083, 0.0 ], [ 100.518041731944422, 0.000463106848234, 0.0 ], [ 100.518041499184179, 0.000461868950383, 0.0 ], [ 100.518041223632906, 0.000460639989135, 0.0 ], [ 100.518040905626663, 0.000459421463195, 0.0 ], [ 100.518040545553248, 0.000458214858544, 0.0 ], [ 100.518040143851749, 0.000457021646624, 0.0 ], [ 100.518039701012057, 0.000455843282547, 0.0 ], [ 100.518039217574184, 0.000454681203314, 0.0 ], [ 100.518038694127711, 0.000453536826071, 0.0 ], [ 100.518038131310959, 0.000452411546374, 0.0 ], [ 100.518037529810272, 0.00045130673649, 0.0 ], [ 100.518036890359198, 0.000450223743725, 0.0 ], [ 100.518036213737517, 0.000449163888777, 0.0 ], [ 100.518035500770367, 0.00044812846413, 0.0 ], [ 100.51803475232721, 0.000447118732472, 0.0 ], [ 100.518033969320769, 0.000446135925163, 0.0 ], [ 100.518033152705897, 0.000445181240725, 0.0 ], [ 100.518032303478478, 0.000444255843387, 0.0 ], [ 100.518031422674099, 0.000443360861662, 0.0 ], [ 100.518030511366916, 0.00044249738697, 0.0 ], [ 100.518029570668261, 0.000441666472312, 0.0 ], [ 100.518028601725277, 0.000440869130978, 0.0 ], [ 100.518027605719638, 0.000440106335319, 0.0 ], [ 100.518026583865904, 0.000439379015557, 0.0 ], [ 100.518025537410239, 0.00043868805865, 0.0 ], [ 100.518024467628791, 0.000438034307213, 0.0 ], [ 100.518023375826147, 0.000437418558489, 0.0 ], [ 100.518022263333748, 0.000436841563379, 0.0 ], [ 100.518021131508249, 0.000436304025522, 0.0 ], [ 100.518019981729935, 0.000435806600439, 0.0 ], [ 100.518018815400922, 0.000435349894735, 0.0 ], [ 100.518017633943543, 0.000434934465358, 0.0 ], [ 100.518016438798568, 0.000434560818921, 0.0 ], [ 100.51801523142349, 0.00043422941108, 0.0 ], [ 100.518014013290681, 0.000433940645984, 0.0 ], [ 100.518012785885617, 0.00043369487578, 0.0 ], [ 100.51801155070514, 0.000433492400181, 0.0 ], [ 100.518010309255502, 0.000433333466105, 0.0 ], [ 100.51800906305067, 0.000433218267368, 0.0 ], [ 100.518007813610382, 0.000433146944456, 0.0 ], [ 100.518006562458297, 0.000433119584344, 0.0 ], [ 100.515562760220163, 0.000422647043924, 0.0 ] ] } },
{ "type": "Feature", "properties": { }, "geometry": { "type": "LineString", "coordinates": [ [ 100.515563448759991, 0.00026213486298, 0.0 ], [ 100.516048112788326, 0.000264308527027, 0.0 ] ] } },
{ "type": "Feature", "properties": { }, "geometry": { "type": "LineString", "coordinates": [ [ 100.515514855230876, 0.000310548997462, 0.0 ], [ 100.515515064455798, 0.000306305264473, 0.0 ], [ 100.515515640274202, 0.000302096038213, 0.0 ], [ 100.515516578303775, 0.000297953353428, 0.0 ], [ 100.515517871405535, 0.000293908738445, 0.0 ], [ 100.51551950973824, 0.000289992975222, 0.0 ], [ 100.515521480833144, 0.000286235865076, 0.0 ], [ 100.515523769689054, 0.00028266600188, 0.0 ], [ 100.515526358886419, 0.000279310554447, 0.0 ], [ 100.515529228719828, 0.000276195059756, 0.0 ], [ 100.515532357348192, 0.000273343228602, 0.0 ], [ 100.515535720960742, 0.000270776765143, 0.0 ], [ 100.515539293958341, 0.000268515201717, 0.0 ], [ 100.515543049148334, 0.00026657575019, 0.0 ], [ 100.5155469579515, 0.000264973170963, 0.0 ], [ 100.515550990619431, 0.000263719660637, 0.0 ], [ 100.515555116461144, 0.000262824759187, 0.0 ], [ 100.515559304076461, 0.000262295277359, 0.0 ], [ 100.515563448759991, 0.00026213486298, 0.0 ] ] } },
{ "type": "Feature", "properties": { }, "geometry": { "type": "LineString", "coordinates": [ [ 100.515563027163935, 0.000359511610315, 0.0 ], [ 100.515558811515561, 0.000359308207746, 0.0 ], [ 100.515554629518064, 0.000358735685013, 0.0 ], [ 100.515550512998942, 0.000357798399366, 0.0 ], [ 100.515546493287388, 0.000356503484121, 0.0 ], [ 100.515542600975877, 0.00035486079437, 0.0 ], [ 100.515538865687191, 0.000352882831977, 0.0 ], [ 100.515535315849149, 0.000350584650436, 0.0 ], [ 100.515531978478165, 0.000347983740297, 0.0 ], [ 100.515528878973626, 0.00034509989606, 0.0 ], [ 100.515526040924627, 0.00034195506552, 0.0 ], [ 100.515523485930444, 0.000338573182737, 0.0 ], [ 100.515521233436118, 0.000334979985878, 0.0 ], [ 100.515519300584458, 0.000331202821338, 0.0 ], [ 100.515517702085674, 0.000327270435617, 0.0 ], [ 100.515516450105238, 0.00032321275654, 0.0 ], [ 100.515515554171529, 0.000319060665489, 0.0 ], [ 100.515515021103127, 0.000314845762379, 0.0 ], [ 100.51551485495699, 0.000310600125161, 0.0 ], [ 100.515514855042227, 0.00031058085968, 0.0 ] ] } },
{ "type": "Feature", "properties": { }, "geometry": { "type": "LineString", "coordinates": [ [ 100.518157767797959, 0.000370630749234, 0.0 ], [ 100.515563027163935, 0.000359511610314, 0.0 ] ] } },
{ "type": "Feature", "properties": { }, "geometry": { "type": "LineString", "coordinates": [ [ 100.515563728133912, 0.000198999483815, 0.0 ], [ 100.516048392162617, 0.000201173105696, 0.0 ] ] } },
{ "type": "Feature", "properties": { }, "geometry": { "type": "LineString", "coordinates": [ [ 100.515452142543793, 0.000310255287549, 0.0 ], [ 100.51545261583648, 0.000300510065448, 0.0 ], [ 100.515453930994198, 0.00029084345501, 0.0 ], [ 100.515456078007816, 0.000281329024945, 0.0 ], [ 100.51545904053728, 0.00027203918578, 0.0 ], [ 100.515462796035976, 0.000263044638772, 0.0 ], [ 100.515467315922308, 0.000254413837832, 0.0 ], [ 100.515472565797253, 0.000246212468546, 0.0 ], [ 100.515478505706099, 0.000238502948274, 0.0 ], [ 100.515485090442596, 0.000231343951112, 0.0 ], [ 100.515492269892988, 0.000224789961347, 0.0 ], [ 100.515499989417307, 0.000218890858802, 0.0 ], [ 100.515508190265365, 0.00021369153922, 0.0 ], [ 100.515516810023811, 0.000209231572576, 0.0 ], [ 100.515525783091064, 0.000205544901929, 0.0 ], [ 100.515535041176719, 0.000202659585093, 0.0 ], [ 100.515544513821155, 0.000200597581099, 0.0 ], [ 100.515554128931853, 0.000199374583075, 0.0 ], [ 100.515563728133912, 0.000198999483818, 0.0 ] ] } },
{ "type": "Feature", "properties": { }, "geometry": { "type": "LineString", "coordinates": [ [ 100.515562760220163, 0.000422647043924, 0.0 ], [ 100.515553079808655, 0.000422179968887, 0.0 ], [ 100.515543476669933, 0.00042086528165, 0.0 ], [ 100.515534023889643, 0.000418712987809, 0.0 ], [ 100.515524793409156, 0.00041573946765, 0.0 ], [ 100.515515855477972, 0.000411967351485, 0.0 ], [ 100.515507278119117, 0.00040742534742, 0.0 ], [ 100.515499126611459, 0.000402148022867, 0.0 ], [ 100.515491462992856, 0.000396175541467, 0.0 ], [ 100.515484345588035, 0.000389553357418, 0.0 ], [ 100.515477828564698, 0.000382331869542, 0.0 ], [ 100.515471961521328, 0.000374566037718, 0.0 ], [ 100.51546678910961, 0.000366314964608, 0.0 ], [ 100.51546235069469, 0.000357641445845, 0.0 ], [ 100.515458680055573, 0.000348611492124, 0.0 ], [ 100.515455805127999, 0.000339293826821, 0.0 ], [ 100.515453747791909, 0.000329759362967, 0.0 ], [ 100.515452523704823, 0.000320080663559, 0.0 ], [ 100.515452142182795, 0.00031033138931, 0.0 ], [ 100.515452142378535, 0.000310287149907, 0.0 ] ] } },
{ "type": "Feature", "properties": { }, "geometry": { "type": "LineString", "coordinates": [ [ 100.518332781538476, 0.000323640590928, 0.0 ], [ 100.518304943583132, 0.000337964434001, 0.0 ], [ 100.518275971512637, 0.000349791180246, 0.0 ], [ 100.518246085822199, 0.000359030821236, 0.0 ], [ 100.518215513960172, 0.000365613038016, 0.0 ], [ 100.518184488597029, 0.000369487736267, 0.0 ], [ 100.5181544003499, 0.000370632247119, 0.0 ] ] } },
{ "type": "Feature", "properties": { }, "geometry": { "type": "LineString", "coordinates": [ [ 103.434497824384408, 16.128290348209724, 0.000000113012265 ], [ 103.434497222698909, 16.128284067948805, 0.000000113012265 ], [ 103.434497189567551, 16.128277760896449, 0.000000113012265 ], [ 103.434497725242409, 16.12827147505314, 0.000000113012265 ], [ 103.434498825646628, 16.128265258257915, 0.000000113012265 ], [ 103.434500482405426, 16.128259157824349, 0.000000113012265 ], [ 103.434502682909823, 16.128253220180394, 0.000000113012265 ], [ 103.434505410412612, 16.128247490515083, 0.000000113012265 ], [ 103.434508644155812, 16.128242012434619, 0.000000113012265 ], [ 103.434512359528668, 16.128236827630467, 0.000000113012265 ], [ 103.434516528254917, 16.128231975562088, 0.000000113012265 ], [ 103.43452111860806, 16.128227493156647, 0.000000113012265 ], [ 103.434526095652714, 16.128223414527895, 0.000000113012265 ], [ 103.434531421510599, 16.128219770716669, 0.000000113012265 ], [ 103.434537055648747, 16.128216589454535, 0.000000113012265 ], [ 103.434542955187965, 16.1282138949528, 0.000000113012265 ], [ 103.43454907522927, 16.12821170771824, 0.000000113012265 ], [ 103.434555369195465, 16.128210044397001, 0.000000113012265 ], [ 103.434561789185736, 16.128208917647967, 0.000000113012265 ], [ 103.434561789185736, 16.128208917647967, 0.000000113012265 ] ] } },
{ "type": "Feature", "properties": { }, "geometry": { "type": "LineString", "coordinates": [ [ 103.434534876303061, 16.128285447937735, 0.000000113012265 ], [ 103.434534575459722, 16.128282307807275, 0.000000113012265 ], [ 103.434534558893446, 16.128279154281049, 0.000000113012265 ], [ 103.4345348267303, 16.12827601135929, 0.000000113012265 ], [ 103.434535376931876, 16.128272902961541, 0.000000113012265 ], [ 103.434536205310792, 16.12826985274458, 0.000000113012265 ], [ 103.434537305562557, 16.128266883922382, 0.000000113012265 ], [ 103.434538669313611, 16.128264019089482, 0.000000113012265 ], [ 103.434540286184955, 16.128261280048978, 0.000000113012265 ], [ 103.434542143871226, 16.128258687646614, 0.000000113012265 ], [ 103.434544228234301, 16.128256261612147, 0.000000113012265 ], [ 103.434546523410916, 16.128254020409138, 0.000000113012265 ], [ 103.434549011933399, 16.128251981094497, 0.000000113012265 ], [ 103.434551674862576, 16.128250159188642, 0.000000113012265 ], [ 103.434554491931991, 16.128248568557346, 0.000000113012265 ], [ 103.434557441702026, 16.128247221306296, 0.000000113012265 ], [ 103.434560501723155, 16.128246127688872, 0.000000113012265 ], [ 103.434563648706785, 16.128245296028162, 0.000000113012265 ], [ 103.43456685870251, 16.128244732653592, 0.000000113012265 ], [ 103.43456685870251, 16.128244732653592, 0.000000113012265 ] ] } },
{ "type": "Feature", "properties": { }, "geometry": { "type": "LineString", "coordinates": [ [ 103.434561789185736, 16.128208917647957, 0.000000231440527 ], [ 103.434750894049841, 16.128183907588848, 0.000000231440527 ] ] } },
{ "type": "Feature", "properties": { }, "geometry": { "type": "LineString", "coordinates": [ [ 103.43456685870251, 16.128244732653584, 0.000000172226396 ], [ 103.434738248996865, 16.128222065444707, 0.000000172226396 ] ] } },
{ "type": "Feature", "properties": { }, "geometry": { "type": "LineString", "coordinates": [ [ 103.434507499716787, 16.128358702416733, -0.0 ], [ 103.434497824384408, 16.12829034820971, 0.000000113012265 ] ] } },
{ "type": "Feature", "properties": { }, "geometry": { "type": "LineString", "coordinates": [ [ 103.434544551648244, 16.128353802144201, 0.0 ], [ 103.434534876303061, 16.128285447937731, 0.000000113012265 ] ] } },
{ "type": "Feature", "properties": { }, "geometry": { "type": "LineString", "coordinates": [ [ 103.434648174184119, 16.12883272439101, -0.000000088963077 ], [ 103.434641677009196, 16.128833305993236, -0.000000088963077 ], [ 103.434635152117238, 16.128833338021291, -0.000000088963077 ], [ 103.434628649166669, 16.128832820231437, -0.000000088963077 ], [ 103.434622217648908, 16.128831756564381, -0.000000088963077 ], [ 103.434615906511738, 16.128830155115278, -0.000000088963077 ], [ 103.434609763786796, 16.128828028072128, -0.000000088963077 ], [ 103.434603836223943, 16.12882539162305, -0.000000088963077 ], [ 103.434598168935537, 16.12882226583303, -0.000000088963077 ], [ 103.434592805053114, 16.128818674491246, -0.000000088963077 ], [ 103.434587785399046, 16.128814644930003, -0.000000088963077 ], [ 103.43458314817596, 16.128810207816713, -0.000000088963077 ], [ 103.43457892867589, 16.128805396920519, -0.000000088963077 ], [ 103.4345751590118, 16.12880024885526, -0.000000088963077 ], [ 103.434571867873061, 16.128794802800861, -0.000000088963077 ], [ 103.434569080307185, 16.1287891002051, -0.000000088963077 ], [ 103.434566817529245, 16.128783184468187, -0.000000088963077 ], [ 103.434565096760267, 16.12877710061246, -0.000000088963077 ], [ 103.434563931096278, 16.128770894939752, -0.000000088963077 ] ] } },
{ "type": "Feature", "properties": { }, "geometry": { "type": "LineString", "coordinates": [ [ 103.434643104647577, 16.128796909386597, -0.000000088963077 ], [ 103.434639856060713, 16.128797200187709, -0.000000088963077 ], [ 103.434636593615323, 16.128797216201793, -0.000000088963077 ], [ 103.4346333421406, 16.12879695730696, -0.000000088963077 ], [ 103.43463012638226, 16.128796425473571, -0.000000088963077 ], [ 103.434626970814165, 16.128795624749205, -0.000000088963077 ], [ 103.43462389945212, 16.128794561227849, -0.000000088963077 ], [ 103.434620935671035, 16.12879324300356, -0.000000088963077 ], [ 103.434618102027088, 16.128791680108815, -0.000000088963077 ], [ 103.434615420086033, 16.128789884438206, -0.000000088963077 ], [ 103.434612910259062, 16.128787869657867, -0.000000088963077 ], [ 103.434610591647456, 16.128785651101509, -0.000000088963077 ], [ 103.434608481897286, 16.128783245653675, -0.000000088963077 ], [ 103.434606597064985, 16.1287806716213, -0.000000088963077 ], [ 103.434604951495274, 16.128777948594323, -0.000000088963077 ], [ 103.434603557711924, 16.128775097296618, -0.000000088963077 ], [ 103.434602426322471, 16.1287721394283, -0.000000088963077 ], [ 103.434601565937442, 16.128769097500541, -0.000000088963077 ], [ 103.434600983104886, 16.128765994664235, -0.000000088963077 ] ] } },
{ "type": "Feature", "properties": { }, "geometry": { "type": "LineString", "coordinates": [ [ 103.434648174184119, 16.128832724391007, -0.000000207391339 ], [ 103.434681250563969, 16.128828349897525, -0.000000207391339 ] ] } },
{ "type": "Feature", "properties": { }, "geometry": { "type": "LineString", "coordinates": [ [ 103.434643104647577, 16.128796909386597, -0.000000148177208 ], [ 103.434677028101035, 16.12879242286337, -0.000000148177208 ] ] } },
{ "type": "Feature", "properties": { }, "geometry": { "type": "LineString", "coordinates": [ [ 103.43455631603463, 16.128717096266172, -0.000000000015953 ], [ 103.434563931096264, 16.128770894939752, -0.000000088963077 ] ] } },
{ "type": "Feature", "properties": { }, "geometry": { "type": "LineString", "coordinates": [ [ 103.434593368033163, 16.128712195991092, -0.000000000015953 ], [ 103.434600983104886, 16.128765994664235, -0.000000088963077 ] ] } },
{ "type": "Feature", "properties": { }, "geometry": { "type": "LineString", "coordinates": [ [ 103.431532358093307, 16.128674043283461, 0.000000156051069 ], [ 103.431531756502068, 16.128667763022548, 0.000000156051069 ], [ 103.43153172346571, 16.128661455978232, 0.000000156051069 ], [ 103.43153225923561, 16.128655170150942, 0.000000156051069 ], [ 103.431533359734161, 16.128648953379603, 0.000000156051069 ], [ 103.431535016585897, 16.128642852977592, 0.000000156051069 ], [ 103.431537217181102, 16.128636915372624, 0.000000156051069 ], [ 103.43153994477187, 16.128631185753449, 0.000000156051069 ], [ 103.431543178599583, 16.128625707725892, 0.000000156051069 ], [ 103.431546894052829, 16.128620522981038, 0.000000156051069 ], [ 103.431551062854737, 16.128615670977894, 0.000000156051069 ], [ 103.43155565327821, 16.128611188643109, 0.000000156051069 ], [ 103.431560630387366, 16.128607110089941, 0.000000156051069 ], [ 103.431565956303416, 16.128603466358605, 0.000000156051069 ], [ 103.431571590492922, 16.128600285180074, 0.000000156051069 ], [ 103.43157749007635, 16.128597590765033, 0.000000156051069 ], [ 103.431583610154348, 16.128595403619574, 0.000000156051069 ], [ 103.431589904149448, 16.128593740389181, 0.000000156051069 ], [ 103.431596324160623, 16.128592613732049, 0.000000156051069 ], [ 103.431596324160623, 16.128592613732049, 0.000000156051069 ] ] } },
{ "type": "Feature", "properties": { }, "geometry": { "type": "LineString", "coordinates": [ [ 103.431569410108438, 16.128669143539689, 0.000000156051069 ], [ 103.431569109312235, 16.128666003409229, 0.000000156051069 ], [ 103.431569092793453, 16.128662849887021, 0.000000156051069 ], [ 103.431569360677827, 16.128659706973281, 0.000000156051069 ], [ 103.431569910926569, 16.128656598587469, 0.000000156051069 ], [ 103.431570739351955, 16.128653548386279, 0.000000156051069 ], [ 103.431571839649123, 16.128650579583578, 0.000000156051069 ], [ 103.431573203444174, 16.128647714773741, 0.000000156051069 ], [ 103.431574820357767, 16.128644975759695, 0.000000156051069 ], [ 103.431576678084241, 16.128642383386985, 0.000000156051069 ], [ 103.431578762485131, 16.128639957385126, 0.000000156051069 ], [ 103.431581057696931, 16.128637716217455, 0.000000156051069 ], [ 103.431583546251645, 16.128635676940604, 0.000000156051069 ], [ 103.431586209209911, 16.128633855074689, 0.000000156051069 ], [ 103.431589026305005, 16.128632264485208, 0.000000156051069 ], [ 103.431591976097138, 16.128630917277498, 0.000000156051069 ], [ 103.431595036136628, 16.128629823704621, 0.000000156051069 ], [ 103.43159818313471, 16.128628992089343, 0.000000156051069 ], [ 103.431601393140866, 16.12862842876072, 0.000000156051069 ], [ 103.43160139314088, 16.12862842876072, 0.000000156051069 ] ] } },
{ "type": "Feature", "properties": { }, "geometry": { "type": "LineString", "coordinates": [ [ 103.431545716715291, 16.128768429205419, -0.000000000000189 ], [ 103.431532358093307, 16.128674043283446, 0.000000156051069 ] ] } },
{ "type": "Feature", "properties": { }, "geometry": { "type": "LineString", "coordinates": [ [ 103.4315827687481, 16.128763529460898, -0.000000000000189 ], [ 103.431569410108438, 16.128669143539678, 0.000000156051069 ] ] } },
{ "type": "Feature", "properties": { }, "geometry": { "type": "LineString", "coordinates": [ [ 103.431674329446395, 16.129155796381944, -0.000000056832832 ], [ 103.431667832260729, 16.129156377891839, -0.000000056832832 ], [ 103.431661307366312, 16.129156409827917, -0.000000056832832 ], [ 103.431654804421555, 16.129155891947129, -0.000000056832832 ], [ 103.431648372917891, 16.129154828190881, -0.000000056832832 ], [ 103.431642061802975, 16.129153226655006, -0.000000056832832 ], [ 103.431635919108231, 16.129151099528169, -0.000000056832832 ], [ 103.43162999158335, 16.129148462999122, -0.000000056832832 ], [ 103.431624324340362, 16.129145337133469, -0.000000056832832 ], [ 103.431618960510463, 16.129141745720936, -0.000000056832832 ], [ 103.431613940915653, 16.129137716094391, -0.000000056832832 ], [ 103.431609303758066, 16.129133278921739, -0.000000056832832 ], [ 103.431605084329277, 16.129128467972567, -0.000000056832832 ], [ 103.43160131474167, 16.129123319861151, -0.000000056832832 ], [ 103.43159802368406, 16.129117873767711, -0.000000056832832 ], [ 103.431595236203364, 16.129112171140353, -0.000000056832832 ], [ 103.431592973513929, 16.129106255379526, -0.000000056832832 ], [ 103.431591252836171, 16.129100171507748, -0.000000056832832 ], [ 103.43159008726542, 16.129093965826979, -0.000000056832832 ] ] } },
{ "type": "Feature", "properties": { }, "geometry": { "type": "LineString", "coordinates": [ [ 103.431669260448416, 16.129119981354364, -0.000000056832832 ], [ 103.43166601185618, 16.129120272109304, -0.000000056832832 ], [ 103.431662749409554, 16.129120288077395, -0.000000056832832 ], [ 103.431659497937773, 16.129120029137102, -0.000000056832832 ], [ 103.431656282186466, 16.129119497259119, -0.000000056832832 ], [ 103.431653126629499, 16.129118696491364, -0.000000056832832 ], [ 103.431650055282546, 16.129117632928171, -0.000000056832832 ], [ 103.431647091520446, 16.129116314663889, -0.000000056832832 ], [ 103.431644257899208, 16.129114751731329, -0.000000056832832 ], [ 103.431641575984429, 16.129112956025349, -0.000000056832832 ], [ 103.431639066187074, 16.12911094121236, -0.000000056832832 ], [ 103.431636747608223, 16.129108722626313, -0.000000056832832 ], [ 103.43163463789368, 16.129106317152004, -0.000000056832832 ], [ 103.431632753099635, 16.129103743096536, -0.000000056832832 ], [ 103.431631107570482, 16.129101020050037, -0.000000056832832 ], [ 103.431629713829722, 16.129098168736537, -0.000000056832832 ], [ 103.431628582484521, 16.129095210856264, -0.000000056832832 ], [ 103.431627722145109, 16.129092168920476, -0.000000056832832 ], [ 103.431627139359165, 16.129089066080141, -0.000000056832832 ] ] } },
{ "type": "Feature", "properties": { }, "geometry": { "type": "LineString", "coordinates": [ [ 103.431674329446395, 16.129155796381944, -0.000000175261093 ], [ 103.431953304880253, 16.129118904577417, -0.000000175261093 ] ] } },
{ "type": "Feature", "properties": { }, "geometry": { "type": "LineString", "coordinates": [ [ 103.431669260448416, 16.129119981354364, -0.000000116046962 ], [ 103.431924737876557, 16.129086196944627, -0.000000116046962 ] ] } },
{ "type": "Feature", "properties": { }, "geometry": { "type": "LineString", "coordinates": [ [ 103.431585222132654, 16.129059591101868, -0.0 ], [ 103.43159008726542, 16.129093965826979, -0.000000056832832 ] ] } },
{ "type": "Feature", "properties": { }, "geometry": { "type": "LineString", "coordinates": [ [ 103.431622274219961, 16.129054691355314, 0.0 ], [ 103.431627139359165, 16.129089066080141, -0.000000056832832 ] ] } },
{ "type": "Feature", "properties": { }, "geometry": { "type": "LineString", "coordinates": [ [ 103.417312332427713, 16.13047322961415, 0.0 ], [ 103.414385835146931, 16.130845404595249, 0.0 ], [ 103.414384560374913, 16.130845545246061, 0.0 ], [ 103.414383281361637, 16.130845643545182, 0.0 ], [ 103.414381999612587, 16.130845699376913, 0.0 ], [ 103.414380716636515, 16.130845712675534, 0.0 ], [ 103.414379433943566, 16.130845683425395, 0.0 ], [ 103.414378153043586, 16.130845611660913, 0.0 ], [ 103.414376875444304, 16.130845497466566, 0.0 ], [ 103.414375602649571, 16.130845340976776, 0.0 ], [ 103.414374336157564, 16.13084514237574, 0.0 ], [ 103.414373077459061, 16.13084490189723, 0.0 ], [ 103.414371828035641, 16.130844619824313, 0.0 ], [ 103.414370589357986, 16.130844296489002, 0.0 ], [ 103.414369362884131, 16.130843932271908, 0.0 ], [ 103.414368150057726, 16.130843527601726, 0.0 ], [ 103.414366952306395, 16.130843082954797, 0.0 ], [ 103.414365771039982, 16.1308425988545, 0.0 ], [ 103.414364607648906, 16.130842075870675, 0.0 ], [ 103.414363463502625, 16.130841514618911, 0.0 ], [ 103.414362339947857, 16.130840915759855, 0.0 ], [ 103.414361238307123, 16.130840279998399, 0.0 ], [ 103.414360159877191, 16.130839608082901, 0.0 ], [ 103.414359105927403, 16.130838900804253, 0.0 ], [ 103.414358077698409, 16.130838158994997, 0.0 ], [ 103.414357076400449, 16.130837383528291, 0.0 ], [ 103.414356103212199, 16.130836575316927, 0.0 ], [ 103.414355159279154, 16.130835735312253, 0.0 ], [ 103.414354245712403, 16.130834864503001, 0.0 ], [ 103.414353363587281, 16.130833963914192, 0.0 ], [ 103.414352513942148, 16.130833034605914, 0.0 ], [ 103.414351697777093, 16.130832077672025, 0.0 ], [ 103.414350916052811, 16.130831094238911, 0.0 ], [ 103.414350169689456, 16.130830085464176, 0.0 ], [ 103.414349459565557, 16.130829052535212, 0.0 ], [ 103.41434878651701, 16.130827996667886, 0.0 ], [ 103.414348151336014, 16.130826919105022, 0.0 ], [ 103.414347554770259, 16.130825821115007, 0.0 ], [ 103.414346997521932, 16.130824703990271, 0.0 ], [ 103.414346480246977, 16.130823569045763, 0.0 ], [ 103.414346003554272, 16.130822417617409, 0.0 ], [ 103.414345568004904, 16.130821251060539, 0.0 ], [ 103.414345174111546, 16.130820070748278, 0.0 ], [ 103.414344822337881, 16.130818878069967, 0.0 ], [ 103.414344513097944, 16.130817674429473, 0.0 ], [ 103.414344246755746, 16.130816461243594, 0.0 ], [ 103.414344023624778, 16.130815239940343, 0.0 ], [ 103.4143438439677, 16.130814011957302, 0.0 ], [ 103.414343707995997, 16.130812778739916, 0.0 ], [ 103.414343615869669, 16.130811541739771, 0.0 ], [ 103.414343567697202, 16.130810302412936, 0.0 ], [ 103.414343563535283, 16.13080906221818, 0.0 ], [ 103.414344151402787, 16.130768218054563, 0.0 ] ] } },
{ "type": "Feature", "properties": { }, "geometry": { "type": "LineString", "coordinates": [ [ 103.417379099123892, 16.1309651506444, 0.0 ], [ 103.414429065402331, 16.131340318298925, 0.0 ], [ 103.414427469466801, 16.131340548399542, 0.0 ], [ 103.414425882697827, 16.131340831603424, 0.0 ], [ 103.41442430698595, 16.131341167573151, 0.0 ], [ 103.414422744208622, 16.131341555908392, 0.0 ], [ 103.414421196227863, 16.131341996146489, 0.0 ], [ 103.41441966488803, 16.131342487762875, 0.0 ], [ 103.414418152013695, 16.131343030171838, 0.0 ], [ 103.414416659407422, 16.13134362272708, 0.0 ], [ 103.414415188847585, 16.1313442647226, 0.0 ], [ 103.414413742086325, 16.131344955393473, 0.0 ], [ 103.414412320847447, 16.131345693916781, 0.0 ], [ 103.414410926824303, 16.131346479412603, 0.0 ], [ 103.414409561677843, 16.131347310945014, 0.0 ], [ 103.414408227034613, 16.131348187523283, 0.0 ], [ 103.414406924484808, 16.131349108102985, 0.0 ], [ 103.414405655580381, 16.131350071587271, 0.0 ], [ 103.414404421833197, 16.131351076828164, 0.0 ], [ 103.414403224713226, 16.131352122627959, 0.0 ], [ 103.41440206564684, 16.131353207740595, 0.0 ], [ 103.414400946015007, 16.131354330873194, 0.0 ], [ 103.414399867151772, 16.131355490687579, 0.0 ], [ 103.414398830342549, 16.131356685801844, 0.0 ], [ 103.414397836822673, 16.131357914792055, 0.0 ], [ 103.414396887775922, 16.131359176193882, 0.0 ], [ 103.414395984333055, 16.131360468504404, 0.0 ], [ 103.414395127570486, 16.13136179018386, 0.0 ], [ 103.414394318509039, 16.131363139657509, 0.0 ], [ 103.414393558112707, 16.131364515317482, 0.0 ], [ 103.414392847287473, 16.131365915524704, 0.0 ], [ 103.414392186880249, 16.131367338610872, 0.0 ], [ 103.414391577677932, 16.131368782880411, 0.0 ], [ 103.414391020406356, 16.131370246612512, 0.0 ], [ 103.41439051572948, 16.131371728063158, 0.0 ], [ 103.41439006424865, 16.131373225467247, 0.0 ], [ 103.414389666501762, 16.131374737040662, 0.0 ], [ 103.414389322962762, 16.131376260982393, 0.0 ], [ 103.414389034040937, 16.131377795476695, 0.0 ], [ 103.414388800080545, 16.131379338695268, 0.0 ], [ 103.414388621360345, 16.131380888799395, 0.0 ], [ 103.41438849809326, 16.131382443942151, 0.0 ], [ 103.4143884304262, 16.131384002270647, 0.0 ], [ 103.414388418439756, 16.131385561928148, 0.0 ], [ 103.414388462148239, 16.13138712105637, 0.0 ], [ 103.414388561499536, 16.131388677797656, 0.0 ], [ 103.414388716375299, 16.131390230297168, 0.0 ], [ 103.414397378428049, 16.131463754047868, 0.0 ] ] } },
{ "type": "Feature", "properties": { }, "geometry": { "type": "LineString", "coordinates": [ [ 103.417370687729544, 16.131039140331811, 0.0 ], [ 103.414474227884156, 16.131407494808947, 0.0 ] ] } },
{ "type": "Feature", "properties": { }, "geometry": { "type": "LineString", "coordinates": [ [ 103.414424499443513, 16.130767568084501, 0.0 ], [ 103.417284225087002, 16.130403884428919, 0.0 ] ] } },
{ "type": "Feature", "properties": { }, "geometry": { "type": "LineString", "coordinates": [ [ 103.41443395399773, 16.131458008704431, 0.0 ], [ 103.414433615195222, 16.131454080409299, 0.0 ], [ 103.414433631885416, 16.131450138520147, 0.0 ], [ 103.414434003941295, 16.131446213037147, 0.0 ], [ 103.414434728531276, 16.131442333835569, 0.0 ], [ 103.414435800140737, 16.13143853043848, 0.0 ], [ 103.414437210614096, 16.131434831792035, 0.0 ], [ 103.414438949216773, 16.131431266045148, 0.0 ], [ 103.414441002716927, 16.131427860335293, 0.0 ], [ 103.414443355486199, 16.131424640581987, 0.0 ], [ 103.414445989618571, 16.131421631289456, 0.0 ], [ 103.414448885066719, 16.131418855360248, 0.0 ], [ 103.414452019794524, 16.13141633392085, 0.0 ], [ 103.414455369944818, 16.131414086160913, 0.0 ], [ 103.414458910020954, 16.131412129187247, 0.0 ], [ 103.414462613080815, 16.131410477893596, 0.0 ], [ 103.414466450941916, 16.1314091448473, 0.0 ], [ 103.414470394395792, 16.131408140193642, 0.0 ], [ 103.414474227884156, 16.131407494808947, 0.0 ] ] } },
{ "type": "Feature", "properties": { }, "geometry": { "type": "LineString", "coordinates": [ [ 103.4172842245612, 16.130403884495784, 0.0 ], [ 103.417292349799737, 16.130403197969756, 0.0 ], [ 103.417300506021107, 16.130403198568949, 0.0 ], [ 103.417308631151641, 16.130403886288804, 0.0 ], [ 103.417316663354285, 16.130405255895369, 0.0 ], [ 103.41732454149917, 16.130407296965142, 0.0 ], [ 103.417332205628938, 16.130409993964378, 0.0 ], [ 103.417339597415008, 16.130413326367304, 0.0 ], [ 103.417346660601439, 16.130417268812366, 0.0 ], [ 103.417353341433184, 16.130421791295213, 0.0 ], [ 103.4173595890651, 16.130426859397051, 0.0 ], [ 103.417365355948931, 16.130432434546616, 0.0 ], [ 103.41737059819522, 16.130438474313689, 0.0 ], [ 103.417375275907247, 16.130444932732036, 0.0 ], [ 103.41737935348479, 16.130451760649233, 0.0 ], [ 103.417382799894966, 16.130458906100731, 0.0 ], [ 103.417385588908459, 16.130466314705352, 0.0 ], [ 103.417387699299127, 16.13047393007917, 0.0 ], [ 103.41738911500552, 16.130481694264596, 0.0 ], [ 103.417389115221113, 16.130481695848548, 0.0 ] ] } },
{ "type": "Feature", "properties": { }, "geometry": { "type": "LineString", "coordinates": [ [ 103.417451186053711, 16.130937754163966, 0.0 ], [ 103.417451896160131, 16.130945608082854, 0.0 ], [ 103.417451895400134, 16.130953491938154, 0.0 ], [ 103.417451183779434, 16.130961345728974, 0.0 ], [ 103.417449766713801, 16.1309691096832, 0.0 ], [ 103.417447654987896, 16.130976724712436, 0.0 ], [ 103.417444864673158, 16.130984132861681, 0.0 ], [ 103.417441417005477, 16.130991277750425, 0.0 ], [ 103.417437338223678, 16.130998105001705, 0.0 ], [ 103.417432659369695, 16.131004562655978, 0.0 ], [ 103.417427416052419, 16.131010601566555, 0.0 ], [ 103.417421648176656, 16.131016175773656, 0.0 ], [ 103.417415399639424, 16.131021242854136, 0.0 ], [ 103.417408717995897, 16.131025764244427, 0.0 ], [ 103.417401654097432, 16.131029705533983, 0.0 ], [ 103.417394261704629, 16.131033036727171, 0.0 ], [ 103.417386597078107, 16.131035732471595, 0.0 ], [ 103.417378718550395, 16.131037772250973, 0.0 ], [ 103.417370687729544, 16.131039140331811, 0.0 ] ] } },
{ "type": "Feature", "properties": { }, "geometry": { "type": "LineString", "coordinates": [ [ 103.417451186053711, 16.130937754163966, 0.0 ], [ 103.417389115221113, 16.130481695848548, 0.0 ] ] } },
{ "type": "Feature", "properties": { }, "geometry": { "type": "LineString", "coordinates": [ [ 103.417312149292911, 16.130473252905489, 0.0 ], [ 103.417315399389466, 16.130472978294794, 0.0 ], [ 103.417318661879193, 16.130472978534257, 0.0 ], [ 103.417321911932575, 16.130473253622057, 0.0 ], [ 103.417325124814766, 16.130473801464625, 0.0 ], [ 103.417328276073803, 16.130474617892538, 0.0 ], [ 103.417331341726708, 16.130475696692294, 0.0 ], [ 103.417334298442029, 16.130477029653584, 0.0 ], [ 103.417337123717374, 16.130478606631769, 0.0 ], [ 103.417339796050712, 16.130480415625104, 0.0 ], [ 103.417342295103964, 16.130482442866054, 0.0 ], [ 103.417344601857835, 16.130484672926119, 0.0 ], [ 103.417346698756518, 16.130487088833181, 0.0 ], [ 103.417348569841366, 16.130489672200738, 0.0 ], [ 103.417350200872278, 16.130492403367818, 0.0 ], [ 103.417351579436115, 16.130495261548592, 0.0 ], [ 103.41735269504116, 16.130498224990571, 0.0 ], [ 103.417353539196981, 16.130501271140179, 0.0 ], [ 103.417354105479021, 16.1305043768144, 0.0 ], [ 103.417354105565252, 16.130504377447984, 0.0 ] ] } },
{ "type": "Feature", "properties": { }, "geometry": { "type": "LineString", "coordinates": [ [ 103.417411298448641, 16.130924596179142, 0.0 ], [ 103.417411582490573, 16.130927737746688, 0.0 ], [ 103.417411582185977, 16.130930891288763, 0.0 ], [ 103.417411297537129, 16.130934032804991, 0.0 ], [ 103.417410730710415, 16.130937138386535, 0.0 ], [ 103.417409886019669, 16.13094018439805, 0.0 ], [ 103.417408769893512, 16.130943147657533, 0.0 ], [ 103.417407390826327, 16.130946005612799, 0.0 ], [ 103.417405759313624, 16.130948736513066, 0.0 ], [ 103.41740388777221, 16.130951319574532, 0.0 ], [ 103.417401790445638, 16.130953735138533, 0.0 ], [ 103.417399483295824, 16.130955964821162, 0.0 ], [ 103.417396983881588, 16.130957991653172, 0.0 ], [ 103.417394311224967, 16.130959800209158, 0.0 ], [ 103.417391485666514, 16.130961376724908, 0.0 ], [ 103.417388528710418, 16.130962709202173, 0.0 ], [ 103.417385462860921, 16.13096378749999, 0.0 ], [ 103.417382311451021, 16.130964603411865, 0.0 ], [ 103.417379099123892, 16.1309651506444, 0.0 ] ] } },
{ "type": "Feature", "properties": { }, "geometry": { "type": "LineString", "coordinates": [ [ 103.417411298448641, 16.130924596179142, 0.0 ], [ 103.417354105565252, 16.130504377447984, 0.0 ] ] } },
{ "type": "Feature", "properties": { }, "geometry": { "type": "LineString", "coordinates": [ [ 103.414424499867181, 16.130767568030628, 0.0 ], [ 103.414421249765994, 16.130767842596462, 0.0 ], [ 103.414417987275669, 16.130767842312231, 0.0 ], [ 103.414414737225755, 16.130767567180101, 0.0 ], [ 103.41441152435111, 16.130767019293987, 0.0 ], [ 103.41440837310364, 16.130766202823633, 0.0 ], [ 103.414405307466254, 16.13076512398289, 0.0 ], [ 103.414402350770317, 16.130763790982378, 0.0 ], [ 103.414399525518093, 16.130762213967056, 0.0 ], [ 103.414396853211443, 16.130760404938965, 0.0 ], [ 103.414394354188246, 16.130758377665892, 0.0 ], [ 103.414392047467601, 16.13075614757663, 0.0 ], [ 103.414389950604985, 16.130753731643519, 0.0 ], [ 103.414388079558847, 16.13075114825326, 0.0 ], [ 103.414386448568933, 16.130748417067025, 0.0 ], [ 103.41438507004807, 16.130745558870789, 0.0 ], [ 103.414383954487619, 16.130742595417157, 0.0 ], [ 103.414383110377671, 16.130739549259808, 0.0 ], [ 103.414382544142384, 16.130736443581842, 0.0 ], [ 103.414382260091131, 16.130733302019348, 0.0 ], [ 103.414382260385722, 16.130730148481504, 0.0 ], [ 103.414382286298391, 16.13072965366824, 0.0 ] ] } },
{ "type": "Feature", "properties": { }, "geometry": { "type": "LineString", "coordinates": [ [ 103.407447950320943, 16.132338710860939, 0.0 ], [ 103.407443075131354, 16.132339122546131, 0.0 ], [ 103.407438181372655, 16.132339121956907, 0.0 ], [ 103.407433306289334, 16.132338709097773, 0.0 ], [ 103.407428486983761, 16.132337887110825, 0.0 ], [ 103.407423760133767, 16.132336662251902, 0.0 ], [ 103.407419161713591, 16.132335043842911, 0.0 ], [ 103.407414726719992, 16.132333044200955, 0.0 ], [ 103.407410488905938, 16.132330678544509, 0.0 ], [ 103.407406480523832, 16.132327964877664, 0.0 ], [ 103.407402732079817, 16.132324923853101, 0.0 ], [ 103.40739927210187, 16.132321578614839, 0.0 ], [ 103.407396126922492, 16.132317954622184, 0.0 ], [ 103.407393320478391, 16.132314079455927, 0.0 ], [ 103.407390874128268, 16.132309982608433, 0.0 ], [ 103.407388806490346, 16.132305695259198, 0.0 ], [ 103.407387133300546, 16.132301250037546, 0.0 ], [ 103.407385867292845, 16.132296680774303, 0.0 ], [ 103.407385018102275, 16.132292022244329, 0.0 ], [ 103.407385018101692, 16.13229202224003, 0.0 ] ] } },
{ "type": "Feature", "properties": { }, "geometry": { "type": "LineString", "coordinates": [ [ 103.408745119704136, 16.132173794436337, 0.0 ], [ 103.407447950320943, 16.132338710860942, 0.0 ] ] } },
{ "type": "Feature", "properties": { }, "geometry": { "type": "LineString", "coordinates": [ [ 103.408588506668494, 16.132275740076746, 0.0 ], [ 103.407125220224117, 16.13246177403974, 0.0 ] ] } },
{ "type": "Feature", "properties": { }, "geometry": { "type": "LineString", "coordinates": [ [ 103.408588506668494, 16.132275740076746, 0.0 ], [ 103.40859338185669, 16.132275328365008, 0.0 ], [ 103.40859827561637, 16.132275328927562, 0.0 ], [ 103.408603150703115, 16.132275741760143, 0.0 ], [ 103.408607970014614, 16.132276563720833, 0.0 ], [ 103.408612696873021, 16.132277788554031, 0.0 ], [ 103.408617295304083, 16.132279406938036, 0.0 ], [ 103.408621730311026, 16.132281406555972, 0.0 ], [ 103.408625968140768, 16.132283772189542, 0.0 ], [ 103.40862997654088, 16.132286485834864, 0.0 ], [ 103.408633725005018, 16.132289526839486, 0.0 ], [ 103.408637185005134, 16.132292872059534, 0.0 ], [ 103.408640330208485, 16.132296496035874, 0.0 ], [ 103.408643136678222, 16.132300371187878, 0.0 ], [ 103.408645583055375, 16.132304468023296, 0.0 ], [ 103.40864765072152, 16.132308755362772, 0.0 ], [ 103.408649323940438, 16.132313200577055, 0.0 ], [ 103.408650589977924, 16.132317769835399, 0.0 ], [ 103.408651439198607, 16.13232242836299, 0.0 ], [ 103.408651865139419, 16.132327140705613, 0.0 ], [ 103.408651864558635, 16.132331870999501, 0.0 ], [ 103.408651437460648, 16.132336583244268, 0.0 ], [ 103.408650587095892, 16.132341241576874, 0.0 ], [ 103.408649319936131, 16.132345810544578, 0.0 ], [ 103.408647645625223, 16.132350255374774, 0.0 ], [ 103.4086464118907, 16.132352927192041, 0.0 ] ] } },
{ "type": "Feature", "properties": { }, "geometry": { "type": "LineString", "coordinates": [ [ 103.408745119704136, 16.132173794436337, 0.0 ], [ 103.408754870075498, 16.132172971005073, 0.0 ], [ 103.408764657590567, 16.132172972122206, 0.0 ], [ 103.408774407760546, 16.132173797779259, 0.0 ], [ 103.408784046380887, 16.132175441692496, 0.0 ], [ 103.408793500095982, 16.132177891350779, 0.0 ], [ 103.408802696957451, 16.132181128110762, 0.0 ], [ 103.408808225253125, 16.132183513153858, 0.0 ] ] } },
{ "type": "Feature", "properties": { }, "geometry": { "type": "LineString", "coordinates": [ [ 103.39323209160824, 16.133525251156779, 0.0 ], [ 103.3916370394968, 16.133727917314786, 0.0 ], [ 103.39163639150533, 16.133727988557858, 0.0 ], [ 103.39163574133768, 16.133728037915489, 0.0 ], [ 103.391635089784771, 16.133728065327642, 0.0 ], [ 103.391634437639183, 16.133728070760963, 0.0 ], [ 103.391633785694225, 16.133728054208841, 0.0 ], [ 103.391633134742975, 16.133728015691428, 0.0 ], [ 103.391632485577276, 16.133727955255562, 0.0 ], [ 103.391631838986811, 16.133727872974763, 0.0 ], [ 103.391631195758137, 16.133727768949129, 0.0 ], [ 103.391630556673718, 16.1337276433052, 0.0 ], [ 103.391629922510973, 16.133727496195814, 0.0 ], [ 103.391629294041351, 16.133727327799935, 0.0 ], [ 103.391628672029341, 16.133727138322381, 0.0 ], [ 103.3916280572316, 16.133726927993678, 0.0 ], [ 103.391627450396001, 16.133726697069676, 0.0 ], [ 103.391626852260742, 16.133726445831275, 0.0 ], [ 103.391626263553448, 16.133726174584094, 0.0 ], [ 103.391625684990231, 16.133725883658105, 0.0 ], [ 103.391625117274899, 16.133725573407201, 0.0 ], [ 103.39162456109807, 16.133725244208794, 0.0 ], [ 103.39162401713628, 16.133724896463338, 0.0 ], [ 103.391623486051273, 16.133724530593856, 0.0 ], [ 103.391622968489074, 16.133724147045413, 0.0 ], [ 103.39162246507928, 16.13372374628457, 0.0 ], [ 103.391621976434266, 16.133723328798858, 0.0 ], [ 103.391621503148443, 16.133722895096117, 0.0 ], [ 103.391621045797564, 16.133722445703928, 0.0 ], [ 103.39162060493797, 16.133721981168961, 0.0 ], [ 103.391620181105949, 16.133721502056321, 0.0 ], [ 103.391619774817059, 16.133721008948804, 0.0 ], [ 103.391619386565566, 16.133720502446273, 0.0 ], [ 103.391619016823739, 16.133719983164859, 0.0 ], [ 103.391618666041353, 16.133719451736255, 0.0 ], [ 103.391618334645159, 16.133718908806916, 0.0 ], [ 103.391618023038234, 16.133718355037303, 0.0 ], [ 103.391617731599666, 16.133717791101045, 0.0 ], [ 103.391617460683975, 16.133717217684158, 0.0 ], [ 103.391617210620694, 16.133716635484177, 0.0 ], [ 103.391616981714066, 16.133716045209315, 0.0 ], [ 103.391616774242493, 16.133715447577639, 0.0 ], [ 103.391616588458405, 16.133714843316138, 0.0 ], [ 103.391616424587752, 16.133714233159861, 0.0 ], [ 103.391616282829901, 16.133713617851043, 0.0 ], [ 103.391616163357313, 16.133712998138186, 0.0 ], [ 103.391616066315294, 16.133712374775154, 0.0 ], [ 103.391615991821894, 16.133711748520231, 0.0 ], [ 103.391615939967735, 16.133711120135235, 0.0 ], [ 103.391615910815901, 16.133710490384569, 0.0 ], [ 103.39161590440186, 16.133709860034315, 0.0 ], [ 103.3916159207334, 16.133709229851252, 0.0 ], [ 103.391615959790641, 16.133708600601977, 0.0 ], [ 103.391616021526104, 16.133707973051951, 0.0 ], [ 103.391616105864671, 16.133707347964563, 0.0 ], [ 103.391616212703752, 16.133706726100204, 0.0 ], [ 103.391616341913377, 16.133706108215353, 0.0 ], [ 103.39162193920393, 16.133681554827564, 0.0 ] ] } },
{ "type": "Feature", "properties": { }, "geometry": { "type": "LineString", "coordinates": [ [ 103.392830662248386, 16.134396623210925, 0.0 ], [ 103.392891579485465, 16.134203402573512, 0.0 ], [ 103.392891933609022, 16.134202205825044, 0.0 ], [ 103.392892244895037, 16.134200998001209, 0.0 ], [ 103.392892512974399, 16.134199780534161, 0.0 ], [ 103.392892737529266, 16.134198554867496, 0.0 ], [ 103.392892918293356, 16.134197322454526, 0.0 ], [ 103.392893055052312, 16.13419608475656, 0.0 ], [ 103.392893147644031, 16.134194843241186, 0.0 ], [ 103.392893195958663, 16.134193599380502, 0.0 ], [ 103.392893199938968, 16.1341923546494, 0.0 ], [ 103.392893159580197, 16.134191110523801, 0.0 ], [ 103.392893074930214, 16.134189868478899, 0.0 ], [ 103.39289294608939, 16.134188629987428, 0.0 ], [ 103.392892773210519, 16.134187396517905, 0.0 ], [ 103.392892556498552, 16.13418616953291, 0.0 ], [ 103.392892296210476, 16.134184950487317, 0.0 ], [ 103.392891992654938, 16.134183740826572, 0.0 ], [ 103.392891646191842, 16.134182541985023, 0.0 ], [ 103.392891257232023, 16.134181355384175, 0.0 ], [ 103.392890826236666, 16.134180182431027, 0.0 ], [ 103.392890353716837, 16.134179024516367, 0.0 ], [ 103.392889840232812, 16.134177883013191, 0.0 ], [ 103.392889286393441, 16.134176759275014, 0.0 ], [ 103.392888692855436, 16.134175654634287, 0.0 ], [ 103.392888060322576, 16.134174570400809, 0.0 ], [ 103.392887389544882, 16.134173507860211, 0.0 ], [ 103.392886681317705, 16.134172468272368, 0.0 ], [ 103.392885936480823, 16.13417145286996, 0.0 ], [ 103.392885155917398, 16.134170462856972, 0.0 ], [ 103.392884340552996, 16.134169499407307, 0.0 ], [ 103.392883491354397, 16.134168563663355, 0.0 ], [ 103.392882609328538, 16.134167656734661, 0.0 ], [ 103.392881695521268, 16.134166779696585, 0.0 ], [ 103.392880751016122, 16.134165933589088, 0.0 ], [ 103.392879776933, 16.1341651194154, 0.0 ], [ 103.392878774426947, 16.134164338140934, 0.0 ], [ 103.392877744686643, 16.134163590692054, 0.0 ], [ 103.3928766889331, 16.134162877955049, 0.0 ], [ 103.392875608418137, 16.134162200775023, 0.0 ], [ 103.392874504422963, 16.134161559954936, 0.0 ], [ 103.392873378256638, 16.134160956254629, 0.0 ], [ 103.392872231254501, 16.13416039038994, 0.0 ], [ 103.392871064776543, 16.134159863031815, 0.0 ], [ 103.39286988020595, 16.134159374805563, 0.0 ], [ 103.392868678947266, 16.134158926290095, 0.0 ], [ 103.392867462424888, 16.134158518017237, 0.0 ], [ 103.392866232081275, 16.134158150471084, 0.0 ], [ 103.392864989375283, 16.134157824087431, 0.0 ], [ 103.392863735780423, 16.134157539253316, 0.0 ], [ 103.392862472783136, 16.134157296306448, 0.0 ], [ 103.392861201881004, 16.13415709553491, 0.0 ], [ 103.392859924580975, 16.134156937176758, 0.0 ], [ 103.39285864239757, 16.134156821419761, 0.0 ], [ 103.392857356851124, 16.134156748401182, 0.0 ], [ 103.39285606946595, 16.134156718207599, 0.0 ], [ 103.392854781768548, 16.134156730874814, 0.0 ], [ 103.392853495285792, 16.134156786387802, 0.0 ], [ 103.392852211543072, 16.134156884680745, 0.0 ], [ 103.392850932062586, 16.134157025637084, 0.0 ], [ 103.391556363385291, 16.134321510280348, 0.0 ], [ 103.391554460623539, 16.134321784192718, 0.0 ], [ 103.391552568697392, 16.134322121007127, 0.0 ], [ 103.391550689831874, 16.134322520327462, 0.0 ], [ 103.39154882623663, 16.134322981684114, 0.0 ], [ 103.391546980103357, 16.1343235045345, 0.0 ], [ 103.391545153603218, 16.134324088263703, 0.0 ], [ 103.391543348884269, 16.134324732185245, 0.0 ], [ 103.391541568068959, 16.134325435541822, 0.0 ], [ 103.391539813251612, 16.134326197506251, 0.0 ], [ 103.391538086495999, 16.134327017182436, 0.0 ], [ 103.391536389832908, 16.134327893606365, 0.0 ], [ 103.391534725257671, 16.134328825747328, 0.0 ], [ 103.391533094727933, 16.134329812509094, 0.0 ], [ 103.391531500161292, 16.134330852731143, 0.0 ], [ 103.391529943433056, 16.134331945190144, 0.0 ], [ 103.391528426374009, 16.134333088601284, 0.0 ], [ 103.391526950768295, 16.134334281619861, 0.0 ], [ 103.391525518351315, 16.134335522842825, 0.0 ], [ 103.391524130807682, 16.134336810810407, 0.0 ], [ 103.391522789769198, 16.134338144007899, 0.0 ], [ 103.391521496813027, 16.134339520867393, 0.0 ], [ 103.391520253459731, 16.134340939769611, 0.0 ], [ 103.391519061171607, 16.134342399045853, 0.0 ], [ 103.391517921350797, 16.134343896979935, 0.0 ], [ 103.391516835337839, 16.1343454318102, 0.0 ], [ 103.391515804409934, 16.134347001731584, 0.0 ], [ 103.391514829779496, 16.134348604897802, 0.0 ], [ 103.391513912592757, 16.134350239423423, 0.0 ], [ 103.391513053928392, 16.134351903386161, 0.0 ], [ 103.391496903435396, 16.134384592225359, 0.0 ] ] } },
{ "type": "Feature", "properties": { }, "geometry": { "type": "LineString", "coordinates": [ [ 103.393005445859302, 16.134462261289123, 0.0 ], [ 103.393079319909603, 16.134227942852583, 0.0 ], [ 103.393080382277148, 16.134224352605955, 0.0 ], [ 103.393081316131969, 16.134220729133325, 0.0 ], [ 103.393082120366799, 16.134217076731172, 0.0 ], [ 103.393082794028018, 16.134213399730267, 0.0 ], [ 103.393083336316835, 16.134209702490558, 0.0 ], [ 103.393083746590278, 16.134205989395991, 0.0 ], [ 103.393084024361869, 16.134202264849293, 0.0 ], [ 103.393084169302256, 16.134198533266794, 0.0 ], [ 103.393084181239558, 16.134194799073146, 0.0 ], [ 103.393084060159651, 16.134191066696125, 0.0 ], [ 103.393083806206135, 16.134187340561319, 0.0 ], [ 103.393083419680096, 16.134183625086937, 0.0 ], [ 103.393082901039861, 16.134179924678527, 0.0 ], [ 103.393082250900434, 16.134176243723807, 0.0 ], [ 103.393081470032698, 16.134172586587379, 0.0 ], [ 103.393080559362573, 16.134168957605663, 0.0 ], [ 103.393079519969859, 16.134165361081635, 0.0 ], [ 103.39307835308702, 16.13416180127982, 0.0 ], [ 103.393077060097653, 16.13415828242119, 0.0 ], [ 103.393075642534939, 16.134154808678186, 0.0 ], [ 103.393074102079709, 16.134151384169712, 0.0 ], [ 103.393072440558541, 16.134148012956341, 0.0 ], [ 103.393070659941571, 16.134144699035414, 0.0 ], [ 103.393068762340121, 16.134141446336358, 0.0 ], [ 103.393066750004266, 16.134138258716014, 0.0 ], [ 103.393064625320093, 16.134135139954033, 0.0 ], [ 103.393062390806904, 16.134132093748441, 0.0 ], [ 103.393060049114254, 16.134129123711215, 0.0 ], [ 103.393057603018775, 16.134126233364025, 0.0 ], [ 103.393055055420874, 16.134123426134053, 0.0 ], [ 103.393052409341323, 16.134120705349911, 0.0 ], [ 103.393049667917651, 16.13411807423773, 0.0 ], [ 103.393046834400494, 16.134115535917296, 0.0 ], [ 103.393043912149608, 16.13411309339838, 0.0 ], [ 103.393040904630027, 16.13411074957715, 0.0 ], [ 103.393037815407865, 16.134108507232749, 0.0 ], [ 103.393034648146113, 16.134106369024014, 0.0 ], [ 103.393031406600272, 16.134104337486253, 0.0 ], [ 103.393028094613982, 16.134102415028348, 0.0 ], [ 103.39302471611434, 16.134100603929806, 0.0 ], [ 103.393021275107373, 16.134098906338114, 0.0 ], [ 103.393017775673187, 16.134097324266151, 0.0 ], [ 103.393014221961138, 16.134095859589831, 0.0 ], [ 103.393010618185031, 16.134094514045863, 0.0 ], [ 103.393006968617925, 16.13409328922971, 0.0 ], [ 103.393003277587255, 16.134092186593662, 0.0 ], [ 103.392999549469593, 16.134091207445152, 0.0 ], [ 103.392995788685468, 16.134090352945194, 0.0 ], [ 103.392991999694189, 16.134089624106988, 0.0 ], [ 103.392988186988447, 16.134089021794743, 0.0 ], [ 103.392984355089126, 16.134088546722637, 0.0 ], [ 103.392980508539793, 16.134088199453974, 0.0 ], [ 103.392976651901435, 16.134087980400526, 0.0 ], [ 103.392972789746992, 16.13408788982203, 0.0 ], [ 103.392968926655939, 16.134087927825881, 0.0 ], [ 103.392965067208863, 16.134088094367023, 0.0 ], [ 103.392961215982027, 16.134088389247985, 0.0 ], [ 103.392957377541947, 16.134088812119106, 0.0 ], [ 103.391539926072667, 16.134268910340818, 0.0 ], [ 103.391538641353108, 16.134269095561748, 0.0 ], [ 103.391537364063154, 16.134269323795763, 0.0 ], [ 103.391536095743746, 16.134269594767556, 0.0 ], [ 103.391534837924908, 16.134269908150213, 0.0 ], [ 103.391533592124105, 16.134270263565668, 0.0 ], [ 103.391532359844234, 16.134270660585166, 0.0 ], [ 103.391531142571907, 16.13427109872973, 0.0 ], [ 103.39152994177563, 16.134271577470809, 0.0 ], [ 103.39152875890403, 16.134272096230841, 0.0 ], [ 103.391527595384119, 16.134272654384006, 0.0 ], [ 103.391526452619516, 16.13427325125695, 0.0 ], [ 103.391525331988873, 16.134273886129616, 0.0 ], [ 103.391524234844098, 16.134274558236093, 0.0 ], [ 103.391523162508747, 16.134275266765584, 0.0 ], [ 103.391522116276519, 16.134276010863303, 0.0 ], [ 103.391521097409537, 16.134276789631588, 0.0 ], [ 103.391520107136969, 16.13427760213094, 0.0 ], [ 103.391519146653465, 16.134278447381174, 0.0 ], [ 103.391518217117749, 16.134279324362591, 0.0 ], [ 103.391517319651172, 16.134280232017208, 0.0 ], [ 103.391516455336458, 16.134281169250052, 0.0 ], [ 103.3915156252163, 16.134282134930437, 0.0 ], [ 103.391514830292124, 16.13428312789339, 0.0 ], [ 103.391514071522934, 16.13428414694101, 0.0 ], [ 103.391513349824123, 16.134285190843933, 0.0 ], [ 103.391512666066291, 16.134286258342808, 0.0 ], [ 103.391512021074362, 16.134287348149812, 0.0 ], [ 103.391511415626411, 16.134288458950216, 0.0 ], [ 103.391510850452875, 16.134289589403966, 0.0 ], [ 103.391510326235547, 16.134290738147307, 0.0 ], [ 103.391509843606855, 16.134291903794388, 0.0 ], [ 103.391507672219319, 16.134297424180559, 0.0 ], [ 103.391495964200828, 16.134320771683306, 0.0 ] ] } },
{ "type": "Feature", "properties": { }, "geometry": { "type": "LineString", "coordinates": [ [ 103.39294923416584, 16.134144535282452, 0.0 ], [ 103.39298505214667, 16.134139984205422, 0.0 ], [ 103.392986971367208, 16.134139772769668, 0.0 ], [ 103.392988896981123, 16.134139625329013, 0.0 ], [ 103.392990826705173, 16.134139542058278, 0.0 ], [ 103.392992758251225, 16.134139523056209, 0.0 ], [ 103.392994689328958, 16.134139568345322, 0.0 ], [ 103.392996617648663, 16.134139677871943, 0.0 ], [ 103.392998540923841, 16.13413985150618, 0.0 ], [ 103.39300045687402, 16.134140089042159, 0.0 ], [ 103.393002363227396, 16.134140390198226, 0.0 ], [ 103.393004257723547, 16.134140754617288, 0.0 ], [ 103.393006138116078, 16.134141181867246, 0.0 ], [ 103.393008002175392, 16.134141671441487, 0.0 ], [ 103.393009847691175, 16.134142222759518, 0.0 ], [ 103.393011672475168, 16.134142835167616, 0.0 ], [ 103.393013474363656, 16.13414350793964, 0.0 ], [ 103.393015251220064, 16.134144240277845, 0.0 ], [ 103.393017000937547, 16.134145031313892, 0.0 ], [ 103.393018721441365, 16.134145880109806, 0.0 ], [ 103.39302041069152, 16.134146785659158, 0.0 ], [ 103.393022066684949, 16.13414774688821, 0.0 ], [ 103.39302368745814, 16.134148762657187, 0.0 ], [ 103.393025271089257, 16.134149831761661, 0.0 ], [ 103.393026815700551, 16.134150952933975, 0.0 ], [ 103.393028319460512, 16.134152124844707, 0.0 ], [ 103.393029780586104, 16.134153346104288, 0.0 ], [ 103.393031197344811, 16.134154615264634, 0.0 ], [ 103.393032568056725, 16.134155930820853, 0.0 ], [ 103.39303389109655, 16.134157291213061, 0.0 ], [ 103.393035164895537, 16.134158694828173, 0.0 ], [ 103.393036387943269, 16.134160140001903, 0.0 ], [ 103.393037558789558, 16.134161625020642, 0.0 ], [ 103.393038676046075, 16.134163148123566, 0.0 ], [ 103.393039738388069, 16.134164707504677, 0.0 ], [ 103.393040744555876, 16.13416630131497, 0.0 ], [ 103.393041693356452, 16.134167927664606, 0.0 ], [ 103.393042583664766, 16.13416958462518, 0.0 ], [ 103.393043414425151, 16.134171270231967, 0.0 ], [ 103.393044184652538, 16.134172982486291, 0.0 ], [ 103.393044893433654, 16.134174719357883, 0.0 ], [ 103.393045539928067, 16.134176478787268, 0.0 ], [ 103.393046123369231, 16.134178258688237, 0.0 ], [ 103.39304664306529, 16.13418005695031, 0.0 ], [ 103.393047098400046, 16.134181871441214, 0.0 ], [ 103.393047488833602, 16.134183700009455, 0.0 ], [ 103.393047813902996, 16.134185540486847, 0.0 ], [ 103.393048073222772, 16.134187390691064, 0.0 ], [ 103.393048266485451, 16.13418924842826, 0.0 ], [ 103.393048393461882, 16.13419111149565, 0.0 ], [ 103.393048454001502, 16.134192977684144, 0.0 ], [ 103.393048448032516, 16.134194844780936, 0.0 ], [ 103.393048375562003, 16.134196710572137, 0.0 ], [ 103.393048236675881, 16.134198572845438, 0.0 ], [ 103.393048031538868, 16.134200429392664, 0.0 ], [ 103.39304776039414, 16.134202278012445, 0.0 ], [ 103.393047423563246, 16.134204116512816, 0.0 ], [ 103.393047021445568, 16.134205942713802, 0.0 ], [ 103.393046554517909, 16.134207754450021, 0.0 ], [ 103.393046023333895, 16.134209549573228, 0.0 ], [ 103.393025682184671, 16.134274068969031, 0.0 ] ] } },
{ "type": "Feature", "properties": { }, "geometry": { "type": "LineString", "coordinates": [ [ 103.39332478890114, 16.133449343764411, 0.0 ], [ 103.393400840605651, 16.133208115092842, 0.0 ] ] } },
{ "type": "Feature", "properties": { }, "geometry": { "type": "LineString", "coordinates": [ [ 103.39332478890114, 16.133449343764411, 0.0 ], [ 103.393321530160733, 16.133458264514516, 0.0 ], [ 103.393317479452946, 16.133466876789104, 0.0 ], [ 103.39331266760604, 16.133475115043517, 0.0 ], [ 103.393307131241002, 16.133482916579624, 0.0 ], [ 103.39330091249289, 16.133490222022953, 0.0 ], [ 103.393294058690145, 16.133496975774612, 0.0 ], [ 103.393286621994321, 16.133503126434416, 0.0 ], [ 103.393278659003201, 16.133508627192075, 0.0 ], [ 103.393270230319999, 16.133513436183449, 0.0 ], [ 103.393261400092186, 16.133517516809174, 0.0 ], [ 103.393252235523178, 16.133520838013187, 0.0 ], [ 103.393242806360973, 16.133523374519072, 0.0 ], [ 103.393233184367347, 16.133525107022482, 0.0 ], [ 103.39323209160824, 16.133525251156779, 0.0 ] ] } },
{ "type": "Feature", "properties": { }, "geometry": { "type": "LineString", "coordinates": [ [ 103.39312858534106, 16.13345165002324, 0.0 ], [ 103.393126955966622, 16.133456110396395, 0.0 ], [ 103.393124930608778, 16.133460416531477, 0.0 ], [ 103.393122524681687, 16.133464535656181, 0.0 ], [ 103.393119756495906, 16.13346843642146, 0.0 ], [ 103.393116647119001, 16.133472089140138, 0.0 ], [ 103.393113220215184, 16.133475466012786, 0.0 ], [ 103.393109501865283, 16.133478541339365, 0.0 ], [ 103.393105520368167, 16.133481291714762, 0.0 ], [ 103.393101306025486, 16.133483696206945, 0.0 ], [ 103.393096890910911, 16.13348573651626, 0.0 ], [ 103.393092308626166, 16.133487397114731, 0.0 ], [ 103.393087594045227, 16.133488665364172, 0.0 ], [ 103.393082783048939, 16.133489531612447, 0.0 ], [ 103.393082236669471, 16.133489603679216, 0.0 ] ] } },
{ "type": "Feature", "properties": { }, "geometry": { "type": "LineString", "coordinates": [ [ 103.391691322262091, 16.133666332007422, 0.0 ], [ 103.393082236669471, 16.133489603679216, 0.0 ] ] } },
{ "type": "Feature", "properties": { }, "geometry": { "type": "LineString", "coordinates": [ [ 103.3726194378131, 16.137126599246056, 0.0 ], [ 103.372973793371088, 16.137010742050681, 0.0 ] ] } },
{ "type": "Feature", "properties": { }, "geometry": { "type": "LineString", "coordinates": [ [ 103.372608544874126, 16.137092018961638, 0.0 ], [ 103.372971206928355, 16.136973513027499, 0.0 ] ] } },
{ "type": "Feature", "properties": { }, "geometry": { "type": "LineString", "coordinates": [ [ 103.372559623959162, 16.137184755064549, 0.0 ], [ 103.372557767218268, 16.13717870884372, 0.0 ], [ 103.372556462729818, 16.137172529214325, 0.0 ], [ 103.37255572042173, 16.137166263207082, 0.0 ], [ 103.372555545943328, 16.137159958510082, 0.0 ], [ 103.372555940622476, 16.137153663105881, 0.0 ], [ 103.372556901455354, 16.137147424906292, 0.0 ], [ 103.372558421129398, 16.137141291387771, 0.0 ], [ 103.372560488078932, 16.137135309230075, 0.0 ], [ 103.37256308657318, 16.137129523961029, 0.0 ], [ 103.372566196835976, 16.137123979609999, 0.0 ], [ 103.37256979519637, 16.137118718372811, 0.0 ], [ 103.372573854268595, 16.13711378029064, 0.0 ], [ 103.372578343160683, 16.137109202945243, 0.0 ], [ 103.372583227709441, 16.137105021172953, 0.0 ], [ 103.372588470740524, 16.137101266799569, 0.0 ], [ 103.37259403235133, 16.137097968398106, 0.0 ], [ 103.372599870214657, 16.137095151071367, 0.0 ], [ 103.372605939900865, 16.137092836260916, 0.0 ], [ 103.372608544874126, 16.137092018961638, 0.0 ] ] } },
{ "type": "Feature", "properties": { }, "geometry": { "type": "LineString", "coordinates": [ [ 103.372576863248298, 16.137233059643762, 0.0 ], [ 103.372559623959162, 16.137184755064549, 0.0 ] ] } },
{ "type": "Feature", "properties": { }, "geometry": { "type": "LineString", "coordinates": [ [ 103.372594977359086, 16.137172967300483, 0.0 ], [ 103.372594048988105, 16.137169944190177, 0.0 ], [ 103.372593396743312, 16.13716685437554, 0.0 ], [ 103.372593025588671, 16.137163721371934, 0.0 ], [ 103.372592938348902, 16.13716056902339, 0.0 ], [ 103.372593135687879, 16.137157421321206, 0.0 ], [ 103.372593616103771, 16.137154302221276, 0.0 ], [ 103.372594375940295, 16.137151235461836, 0.0 ], [ 103.372595409414629, 16.137148244382782, 0.0 ], [ 103.372596708661376, 16.137145351748018, 0.0 ], [ 103.372598263792511, 16.137142579572235, 0.0 ], [ 103.372600062972509, 16.137139948953358, 0.0 ], [ 103.372602092508544, 16.137137479911988, 0.0 ], [ 103.372604336954609, 16.137135191239008, 0.0 ], [ 103.372606779229116, 16.137133100352592, 0.0 ], [ 103.372609400744892, 16.137131223165643, 0.0 ], [ 103.372612181550608, 16.137129573964689, 0.0 ], [ 103.372615100482676, 16.137128165301132, 0.0 ], [ 103.372618135326263, 16.137127007895749, 0.0 ], [ 103.3726194378131, 16.137126599246059, 0.0 ] ] } },
{ "type": "Feature", "properties": { }, "geometry": { "type": "LineString", "coordinates": [ [ 103.372612216658467, 16.137221271883547, 0.0 ], [ 103.372594977359086, 16.137172967300483, 0.0 ] ] } },
{ "type": "Feature", "properties": { }, "geometry": { "type": "LineString", "coordinates": [ [ 103.372649730976107, 16.137437235164999, 0.0 ], [ 103.372661132011075, 16.137469180853522, 0.0 ], [ 103.372662026313961, 16.137471551637564, 0.0 ], [ 103.372663005672763, 16.137473890810007, 0.0 ], [ 103.372664068894267, 16.137476195520907, 0.0 ], [ 103.372665214683138, 16.137478462962349, 0.0 ], [ 103.372666441643389, 16.137480690371785, 0.0 ], [ 103.372667748280179, 16.13748287503547, 0.0 ], [ 103.372669133001551, 16.137485014291727, 0.0 ], [ 103.37267059412045, 16.137487105534191, 0.0 ], [ 103.372672129856724, 16.137489146215017, 0.0 ], [ 103.372673738339316, 16.137491133847927, 0.0 ], [ 103.372675417608548, 16.137493066011324, 0.0 ], [ 103.372677165618484, 16.137494940351132, 0.0 ], [ 103.372678980239442, 16.137496754583786, 0.0 ], [ 103.372680859260598, 16.1374985064989, 0.0 ], [ 103.372682800392624, 16.137500193962037, 0.0 ], [ 103.372684801270594, 16.137501814917282, 0.0 ], [ 103.372686859456721, 16.137503367389755, 0.0 ], [ 103.372688972443413, 16.137504849488007, 0.0 ], [ 103.372691137656346, 16.137506259406308, 0.0 ], [ 103.372693352457503, 16.137507595426914, 0.0 ], [ 103.372695614148526, 16.137508855922079, 0.0 ], [ 103.372697919973874, 16.137510039356076, 0.0 ], [ 103.372700267124245, 16.137511144287078, 0.0 ], [ 103.372702652740031, 16.13751216936889, 0.0 ], [ 103.372705073914673, 16.137513113352611, 0.0 ], [ 103.372707527698381, 16.13751397508814, 0.0 ], [ 103.372710011101574, 16.137514753525576, 0.0 ], [ 103.372712521098606, 16.137515447716535, 0.0 ], [ 103.372715054631456, 16.137516056815215, 0.0 ], [ 103.372717608613371, 16.137516580079549, 0.0 ], [ 103.372720179932728, 16.137517016872014, 0.0 ], [ 103.372722765456757, 16.137517366660436, 0.0 ], [ 103.372725362035411, 16.137517629018664, 0.0 ], [ 103.372727966505124, 16.137517803627045, 0.0 ], [ 103.372730575692771, 16.137517890272846, 0.0 ], [ 103.372733186419467, 16.13751788885051, 0.0 ], [ 103.372735795504411, 16.137517799361756, 0.0 ], [ 103.372738399768849, 16.137517621915627, 0.0 ], [ 103.37274099603988, 16.137517356728292, 0.0 ], [ 103.372743581154353, 16.13751700412287, 0.0 ], [ 103.372746151962673, 16.13751656452893, 0.0 ], [ 103.372748705332725, 16.137516038482072, 0.0 ], [ 103.372751238153612, 16.137515426623189, 0.0 ], [ 103.372753747339473, 16.137514729697735, 0.0 ], [ 103.372756229833271, 16.137513948554815, 0.0 ], [ 103.3730135309372, 16.137428157272993, 0.0 ] ] } },
{ "type": "Feature", "properties": { }, "geometry": { "type": "LineString", "coordinates": [ [ 103.372685084420581, 16.137425447395845, 0.0 ], [ 103.372696485458803, 16.137457393077, 0.0 ], [ 103.372696932610438, 16.137458578468973, 0.0 ], [ 103.372697422290031, 16.137459748055125, 0.0 ], [ 103.372697953900953, 16.13746090041051, 0.0 ], [ 103.37269852679556, 16.137462034131151, 0.0 ], [ 103.372699140275842, 16.137463147835795, 0.0 ], [ 103.372699793594364, 16.137464240167546, 0.0 ], [ 103.372700485955164, 16.137465309795587, 0.0 ], [ 103.372701216514727, 16.13746635541672, 0.0 ], [ 103.372701984382957, 16.137467375757033, 0.0 ], [ 103.372702788624338, 16.137468369573387, 0.0 ], [ 103.372703628259018, 16.137469335654973, 0.0 ], [ 103.372704502264028, 16.137470272824768, 0.0 ], [ 103.37270540957455, 16.137471179940984, 0.0 ], [ 103.372706349085135, 16.137472055898428, 0.0 ], [ 103.372707319651155, 16.137472899629881, 0.0 ], [ 103.372708320090112, 16.137473710107397, 0.0 ], [ 103.372709349183125, 16.137474486343514, 0.0 ], [ 103.372710405676429, 16.137475227392521, 0.0 ], [ 103.372711488282832, 16.137475932351563, 0.0 ], [ 103.372712595683325, 16.137476600361754, 0.0 ], [ 103.37271372652873, 16.137477230609225, 0.0 ], [ 103.37271487944129, 16.137477822326126, 0.0 ], [ 103.372716053016362, 16.137478374791524, 0.0 ], [ 103.372717245824106, 16.137478887332325, 0.0 ], [ 103.372718456411263, 16.137479359324093, 0.0 ], [ 103.372719683302961, 16.137479790191769, 0.0 ], [ 103.372720925004387, 16.137480179410407, 0.0 ], [ 103.372722180002711, 16.137480526505804, 0.0 ], [ 103.37272344676893, 16.137480831055072, 0.0 ], [ 103.372724723759688, 16.137481092687178, 0.0 ], [ 103.372726009419154, 16.137481311083352, 0.0 ], [ 103.372727302180934, 16.13748148597751, 0.0 ], [ 103.372728600470026, 16.137481617156578, 0.0 ], [ 103.372729902704663, 16.137481704460736, 0.0 ], [ 103.372731207298258, 16.137481747783603, 0.0 ], [ 103.372732512661358, 16.137481747072417, 0.0 ], [ 103.372733817203596, 16.137481702328021, 0.0 ], [ 103.372735119335573, 16.137481613604947, 0.0 ], [ 103.372736417470847, 16.137481481011292, 0.0 ], [ 103.372737710027863, 16.137481304708583, 0.0 ], [ 103.372738995431774, 16.137481084911638, 0.0 ], [ 103.372740272116587, 16.137480821888232, 0.0 ], [ 103.37274153852681, 16.137480515958828, 0.0 ], [ 103.372742793119542, 16.13748016749614, 0.0 ], [ 103.372744034366221, 16.137479776924732, 0.0 ], [ 103.373001335428356, 16.137393985653798, 0.0 ] ] } },
{ "type": "Feature", "properties": { }, "geometry": { "type": "LineString", "coordinates": [ [ 103.363551720595154, 16.141810438641581, 0.0 ], [ 103.363693136574213, 16.141726700106908, 0.0 ] ] } },
{ "type": "Feature", "properties": { }, "geometry": { "type": "LineString", "coordinates": [ [ 103.365187431808693, 16.140898996240338, 0.0 ], [ 103.365191779952923, 16.140896825545038, 0.0 ], [ 103.365196307286098, 16.140895029400816, 0.0 ], [ 103.365200979352494, 16.140893621477414, 0.0 ], [ 103.365205760594904, 16.140892612489949, 0.0 ], [ 103.365210614625198, 16.140892010117451, 0.0 ], [ 103.365215504501322, 16.140891818944318, 0.0 ], [ 103.3652203930084, 16.140892040425495, 0.0 ], [ 103.36522524294196, 16.140892672875403, 0.0 ], [ 103.365230017391099, 16.140893711480693, 0.0 ], [ 103.365234680019412, 16.14089514833697, 0.0 ], [ 103.36523919534153, 16.140896972508909, 0.0 ], [ 103.365243528993091, 16.140899170113467, 0.0 ], [ 103.365247647992447, 16.140901724425561, 0.0 ], [ 103.365251520991535, 16.140904616005344, 0.0 ], [ 103.365255118514469, 16.140907822846174, 0.0 ], [ 103.365258413181948, 16.140911320542052, 0.0 ], [ 103.365261379919559, 16.14091508247343, 0.0 ], [ 103.365263996148613, 16.140919080009741, 0.0 ], [ 103.365266241958025, 16.140923282727343, 0.0 ], [ 103.365268100255804, 16.140927658641015, 0.0 ], [ 103.365269556899165, 16.140932174447432, 0.0 ], [ 103.365270600802134, 16.140936795778568, 0.0 ], [ 103.365270758075681, 16.140937722005916, 0.0 ] ] } },
{ "type": "Feature", "properties": { }, "geometry": { "type": "LineString", "coordinates": [ [ 103.365243105565881, 16.140765557319313, 0.0 ], [ 103.3652436446651, 16.140770258728388, 0.0 ], [ 103.36524375777968, 16.140774987661338, 0.0 ], [ 103.365243444048744, 16.140779708128136, 0.0 ], [ 103.365242705859927, 16.140784384203172, 0.0 ], [ 103.365241548831236, 16.140788980298691, 0.0 ], [ 103.365239981768383, 16.140793461435607, 0.0 ], [ 103.365238016597601, 16.140797793509769, 0.0 ], [ 103.365235668275048, 16.140801943551448, 0.0 ], [ 103.365232954672805, 16.140805879976323, 0.0 ], [ 103.365229896443068, 16.140809572825795, 0.0 ], [ 103.365226516860773, 16.140812993995041, 0.0 ], [ 103.365222841646599, 16.140816117446889, 0.0 ], [ 103.365218898771147, 16.140818919409963, 0.0 ], [ 103.365215564937387, 16.140820918925488, 0.0 ] ] } },
{ "type": "Feature", "properties": { }, "geometry": { "type": "LineString", "coordinates": [ [ 103.365085232742388, 16.140289004001776, 0.0 ], [ 103.365089580873544, 16.140286833307322, 0.0 ], [ 103.36509410819302, 16.140285037163977, 0.0 ], [ 103.365098780245162, 16.14028362924148, 0.0 ], [ 103.365103561472921, 16.140282620254961, 0.0 ], [ 103.365108415488237, 16.140282017883415, 0.0 ], [ 103.365113305349183, 16.140281826711245, 0.0 ], [ 103.365118193841013, 16.140282048193399, 0.0 ], [ 103.365123043759326, 16.140282680644262, 0.0 ], [ 103.3651278181934, 16.140283719250501, 0.0 ], [ 103.365132480806921, 16.140285156107712, 0.0 ], [ 103.365136996114572, 16.14028698028056, 0.0 ], [ 103.365141329752205, 16.14028917788599, 0.0 ], [ 103.36514544873819, 16.140291732198914, 0.0 ], [ 103.365149321724616, 16.140294623779486, 0.0 ], [ 103.365152919235683, 16.140297830621044, 0.0 ], [ 103.365156213892178, 16.140301328317609, 0.0 ], [ 103.365159180619756, 16.140305090249594, 0.0 ], [ 103.365161796839828, 16.140309087786452, 0.0 ], [ 103.365164042641354, 16.140313290504526, 0.0 ], [ 103.365165900932425, 16.1403176664186, 0.0 ], [ 103.365167357570286, 16.140322182225344, 0.0 ], [ 103.365168311009896, 16.140326311721324, 0.0 ] ] } },
{ "type": "Feature", "properties": { }, "geometry": { "type": "LineString", "coordinates": [ [ 103.365136259255735, 16.140156583914532, 0.0 ], [ 103.365136927163348, 16.140161269850708, 0.0 ], [ 103.365137169992707, 16.140165994220755, 0.0 ], [ 103.365136985895717, 16.140170721069349, 0.0 ], [ 103.365136376273412, 16.14017541442233, 0.0 ], [ 103.365135345765367, 16.140180038560423, 0.0 ], [ 103.365133902214353, 16.14018455829115, 0.0 ], [ 103.36513205660664, 16.140188939216618, 0.0 ], [ 103.365129822988393, 16.140193147995316, 0.0 ], [ 103.365127218358779, 16.140197152595903, 0.0 ], [ 103.365124262540576, 16.140200922540917, 0.0 ], [ 103.365120978029381, 16.140204429138798, 0.0 ], [ 103.365117389822274, 16.140207645702208, 0.0 ], [ 103.365113525227684, 16.140210547751128, 0.0 ], [ 103.365109413657535, 16.140213113199209, 0.0 ], [ 103.36510896643135, 16.140213363577754, 0.0 ] ] } },
{ "type": "Feature", "properties": { }, "geometry": { "type": "LineString", "coordinates": [ [ 103.363665244059803, 16.141679656246275, 0.0 ], [ 103.365215564937387, 16.140820918925488, 0.0 ] ] } },
{ "type": "Feature", "properties": { }, "geometry": { "type": "LineString", "coordinates": [ [ 103.363523828106196, 16.141763394764791, 0.0 ], [ 103.363665244059803, 16.141679656246275, 0.0 ] ] } },
{ "type": "Feature", "properties": { }, "geometry": { "type": "LineString", "coordinates": [ [ 103.361789153429768, 16.142859315019834, 0.0 ], [ 103.363523828106196, 16.141763394764791, 0.0 ] ] } },
{ "type": "Feature", "properties": { }, "geometry": { "type": "LineString", "coordinates": [ [ 103.363693136574042, 16.141726700107007, 0.0 ], [ 103.365187431808693, 16.140898996240338, 0.0 ] ] } },
{ "type": "Feature", "properties": { }, "geometry": { "type": "LineString", "coordinates": [ [ 103.361855308981234, 16.142882296636728, 0.0 ], [ 103.363554520912487, 16.141808780453907, 0.0 ] ] } },
{ "type": "Feature", "properties": { }, "geometry": { "type": "LineString", "coordinates": [ [ 103.361834532455674, 16.142925976987989, 0.0 ], [ 103.361834180546396, 16.142922049866847, 0.0 ], [ 103.361834184094619, 16.142918108044793, 0.0 ], [ 103.361834543073314, 16.142914181521455, 0.0 ], [ 103.361835254750417, 16.142910300180052, 0.0 ], [ 103.361836313709631, 16.14290649355992, 0.0 ], [ 103.361837711891596, 16.142902790631744, 0.0 ], [ 103.361839438655295, 16.142899219577032, 0.0 ], [ 103.361841480859013, 16.142895807573645, 0.0 ], [ 103.361843822960338, 16.142892580588995, 0.0 ], [ 103.36184644713444, 16.142889563182365, 0.0 ], [ 103.361849333409793, 16.14288677831804, 0.0 ], [ 103.361852459820071, 16.142884247190494, 0.0 ], [ 103.361855308981234, 16.142882296636728, 0.0 ] ] } },
{ "type": "Feature", "properties": { }, "geometry": { "type": "LineString", "coordinates": [ [ 103.363352521764909, 16.141186275841481, 0.0 ], [ 103.36510896643135, 16.140213363577754, 0.0 ] ] } },
{ "type": "Feature", "properties": { }, "geometry": { "type": "LineString", "coordinates": [ [ 103.363211106071233, 16.141270014176314, 0.0 ], [ 103.363352521764909, 16.141186275841481, 0.0 ] ] } },
{ "type": "Feature", "properties": { }, "geometry": { "type": "LineString", "coordinates": [ [ 103.361751420702987, 16.142192205252677, 0.0 ], [ 103.363211106071233, 16.141270014176314, 0.0 ] ] } },
{ "type": "Feature", "properties": { }, "geometry": { "type": "LineString", "coordinates": [ [ 103.361751420702987, 16.142192205252677, 0.0 ], [ 103.361749316032714, 16.142193411667421, 0.0 ], [ 103.361747110586293, 16.142194436193503, 0.0 ], [ 103.361744821148491, 16.142195271033646, 0.0 ], [ 103.361742465143337, 16.142195909834207, 0.0 ], [ 103.361740060501432, 16.142196347733542, 0.0 ], [ 103.361737625523588, 16.142196581398956, 0.0 ], [ 103.361735178741441, 16.142196609052128, 0.0 ], [ 103.36173273877651, 16.142196430482588, 0.0 ], [ 103.361730324198376, 16.142196047049367, 0.0 ], [ 103.361727953383479, 16.142195461670621, 0.0 ], [ 103.361725644375142, 16.142194678801449, 0.0 ], [ 103.361723414746336, 16.142193704399947, 0.0 ], [ 103.361721281465833, 16.142192545881908, 0.0 ], [ 103.361719260769263, 16.142191212064358, 0.0 ], [ 103.361717368035286, 16.14218971309846, 0.0 ], [ 103.361715617668807, 16.142188060392247, 0.0 ], [ 103.361714022991123, 16.142186266523812, 0.0 ], [ 103.361712596138716, 16.142184345145594, 0.0 ], [ 103.361711347970783, 16.142182310880433, 0.0 ], [ 103.361710287986639, 16.142180179210321, 0.0 ], [ 103.361709424253391, 16.142177966358556, 0.0 ], [ 103.361708763344581, 16.142175689166276, 0.0 ], [ 103.361708397696674, 16.142173913452321, 0.0 ] ] } },
{ "type": "Feature", "properties": { }, "geometry": { "type": "LineString", "coordinates": [ [ 103.363380414143563, 16.141233319732052, 0.0 ], [ 103.365085232742388, 16.140289004001776, 0.0 ] ] } },
{ "type": "Feature", "properties": { }, "geometry": { "type": "LineString", "coordinates": [ [ 103.363241798736766, 16.141315399898907, 0.0 ], [ 103.363380414143563, 16.141233319732052, 0.0 ] ] } },
{ "type": "Feature", "properties": { }, "geometry": { "type": "LineString", "coordinates": [ [ 103.36169572432965, 16.142292168746025, 0.0 ], [ 103.363241798736766, 16.141315399898907, 0.0 ] ] } },
{ "type": "Feature", "properties": { }, "geometry": { "type": "LineString", "coordinates": [ [ 103.356715023969386, 16.146210285027685, 0.0 ], [ 103.356715595808552, 16.146211053614731, 0.0 ], [ 103.35671619506283, 16.146211802436291, 0.0 ], [ 103.35671682100147, 16.146212530579287, 0.0 ], [ 103.356717472861234, 16.146213237155852, 0.0 ], [ 103.356718149847296, 16.146213921304408, 0.0 ], [ 103.356718851134161, 16.146214582190748, 0.0 ], [ 103.356719575866705, 16.146215219009004, 0.0 ], [ 103.356720323161198, 16.146215830982676, 0.0 ], [ 103.356721092106469, 16.146216417365551, 0.0 ], [ 103.356721881764869, 16.146216977442609, 0.0 ], [ 103.35672269117353, 16.146217510530928, 0.0 ], [ 103.356723519345508, 16.14621801598047, 0.0 ], [ 103.356724365270949, 16.146218493174928, 0.0 ], [ 103.356725227918375, 16.146218941532428, 0.0 ], [ 103.356726106235911, 16.146219360506258, 0.0 ], [ 103.356726999152585, 16.14621974958553, 0.0 ], [ 103.356727905579589, 16.146220108295839, 0.0 ], [ 103.35672882441169, 16.146220436199773, 0.0 ], [ 103.356729754528502, 16.146220732897504, 0.0 ], [ 103.356730694795857, 16.146220998027264, 0.0 ], [ 103.356731644067253, 16.146221231265752, 0.0 ], [ 103.3567326011852, 16.146221432328574, 0.0 ], [ 103.356733564982619, 16.146221600970552, 0.0 ], [ 103.356734534284286, 16.146221736986057, 0.0 ], [ 103.356735507908297, 16.146221840209243, 0.0 ], [ 103.356736484667451, 16.146221910514239, 0.0 ], [ 103.356737463370735, 16.146221947815324, 0.0 ], [ 103.356738442824735, 16.146221952066998, 0.0 ], [ 103.356739421835172, 16.146221923264097, 0.0 ], [ 103.356740399208292, 16.146221861441731, 0.0 ], [ 103.356741373752314, 16.146221766675286, 0.0 ], [ 103.356742344278913, 16.146221639080313, 0.0 ], [ 103.356743309604695, 16.146221478812407, 0.0 ], [ 103.356744268552561, 16.146221286066975, 0.0 ], [ 103.356745219953226, 16.146221061079054, 0.0 ], [ 103.356746162646587, 16.146220804122976, 0.0 ], [ 103.356747095483172, 16.146220515512073, 0.0 ], [ 103.356748017325515, 16.146220195598261, 0.0 ], [ 103.356748927049551, 16.146219844771615, 0.0 ], [ 103.356749823546025, 16.146219463459939, 0.0 ], [ 103.35675070572178, 16.146219052128174, 0.0 ], [ 103.356751572501125, 16.146218611277884, 0.0 ], [ 103.356752422827157, 16.146218141446628, 0.0 ], [ 103.356753255663008, 16.146217643207287, 0.0 ], [ 103.357564247049623, 16.145713330637729, 0.0 ], [ 103.357565867312857, 16.145712360292322, 0.0 ], [ 103.357567520747395, 16.1457114437091, 0.0 ], [ 103.357569205444378, 16.145710581946236, 0.0 ], [ 103.357570919458936, 16.145709775998586, 0.0 ], [ 103.357572660812252, 16.145709026796595, 0.0 ], [ 103.357574427494043, 16.145708335205189, 0.0 ], [ 103.357576217464711, 16.145707702022783, 0.0 ], [ 103.357578028657812, 16.145707127980366, 0.0 ], [ 103.357579858982376, 16.145706613740646, 0.0 ], [ 103.357581706325391, 16.145706159897284, 0.0 ], [ 103.357583568554148, 16.145705766974245, 0.0 ], [ 103.357585443518772, 16.145705435425139, 0.0 ], [ 103.357587329054695, 16.145705165632709, 0.0 ], [ 103.357589222985126, 16.145704957908443, 0.0 ], [ 103.357591123123612, 16.145704812492134, 0.0 ], [ 103.357593027276494, 16.145704729551678, 0.0 ], [ 103.357594933245508, 16.145704709182812, 0.0 ], [ 103.357596838830275, 16.145704751409053, 0.0 ], [ 103.35759874183087, 16.145704856181663, 0.0 ], [ 103.357600640050364, 16.145705023379673, 0.0 ], [ 103.357602531297331, 16.145705252810064, 0.0 ], [ 103.357604413388373, 16.145705544207978, 0.0 ], [ 103.357606284150705, 16.145705897236983, 0.0 ], [ 103.357629917755901, 16.145710761359364, 0.0 ] ] } },
{ "type": "Feature", "properties": { }, "geometry": { "type": "LineString", "coordinates": [ [ 103.356668913793129, 16.146241167404213, 0.0 ], [ 103.356670629310358, 16.146243473165701, 0.0 ], [ 103.35667242707288, 16.146245719630741, 0.0 ], [ 103.356674304888585, 16.146247904060086, 0.0 ], [ 103.356676260467722, 16.146250023790142, 0.0 ], [ 103.356678291425794, 16.146252076236195, 0.0 ], [ 103.356680395286318, 16.14625405889559, 0.0 ], [ 103.356682569483922, 16.146255969350751, 0.0 ], [ 103.356684811367515, 16.14625780527215, 0.0 ], [ 103.356687118203425, 16.14625956442115, 0.0 ], [ 103.356689487178798, 16.146261244652717, 0.0 ], [ 103.356691915405008, 16.146262843918045, 0.0 ], [ 103.35669439992121, 16.146264360267065, 0.0 ], [ 103.356696937697862, 16.146265791850805, 0.0 ], [ 103.356699525640508, 16.146267136923647, 0.0 ], [ 103.356702160593542, 16.146268393845478, 0.0 ], [ 103.356704839344005, 16.146269561083653, 0.0 ], [ 103.356707558625558, 16.146270637214887, 0.0 ], [ 103.356710315122413, 16.146271620927003, 0.0 ], [ 103.356713105473418, 16.146272511020502, 0.0 ], [ 103.356715926276124, 16.146273306410027, 0.0 ], [ 103.356718774091007, 16.146274006125733, 0.0 ], [ 103.356721645445546, 16.146274609314407, 0.0 ], [ 103.356724536838499, 16.146275115240542, 0.0 ], [ 103.356727444744266, 16.146275523287247, 0.0 ], [ 103.356730365617068, 16.14627583295696, 0.0 ], [ 103.356733295895296, 16.146276043872071, 0.0 ], [ 103.356736232005915, 16.146276155775411, 0.0 ], [ 103.356739170368755, 16.146276168530534, 0.0 ], [ 103.356742107400891, 16.146276082121876, 0.0 ], [ 103.356745039521044, 16.146275896654799, 0.0 ], [ 103.356747963153893, 16.146275612355467, 0.0 ], [ 103.356750874734502, 16.146275229570527, 0.0 ], [ 103.356753770712601, 16.146274748766736, 0.0 ], [ 103.356756647556978, 16.146274170530365, 0.0 ], [ 103.356759501759711, 16.146273495566497, 0.0 ], [ 103.356762329840521, 16.146272724698139, 0.0 ], [ 103.356765128350972, 16.146271858865269, 0.0 ], [ 103.356767893878654, 16.146270899123628, 0.0 ], [ 103.356770623051432, 16.146269846643506, 0.0 ], [ 103.356773312541449, 16.146268702708237, 0.0 ], [ 103.356775959069253, 16.146267468712693, 0.0 ], [ 103.356778559407815, 16.146266146161555, 0.0 ], [ 103.356781110386351, 16.146264736667479, 0.0 ], [ 103.356783608894361, 16.146263241949136, 0.0 ], [ 103.357546391142051, 16.145788908234248, 0.0 ], [ 103.357550848471007, 16.145786241992766, 0.0 ], [ 103.357555399709625, 16.145783728323334, 0.0 ], [ 103.357560039269842, 16.145781370312264, 0.0 ], [ 103.357564761455109, 16.145779170854777, 0.0 ], [ 103.357569560467411, 16.1457771326514, 0.0 ], [ 103.357574430414488, 16.145775258204683, 0.0 ], [ 103.35757936531688, 16.145773549816091, 0.0 ], [ 103.357584359115478, 16.14577200958324, 0.0 ], [ 103.357589405678766, 16.145770639397227, 0.0 ], [ 103.357594498810499, 16.145769440940409, 0.0 ], [ 103.357599632257248, 16.145768415684273, 0.0 ], [ 103.357604799716071, 16.145767564887642, 0.0 ], [ 103.357609994842264, 16.145766889595148, 0.0 ], [ 103.357615211257183, 16.145766390635917, 0.0 ], [ 103.357630390116626, 16.145765197893358, 0.0 ] ] } },
{ "type": "Feature", "properties": { }, "geometry": { "type": "LineString", "coordinates": [ [ 103.355454224386065, 16.146425962912438, 0.0 ], [ 103.355516627899846, 16.146406694246565, 0.0 ], [ 103.355534151575213, 16.146400973982132, 0.0 ], [ 103.355551470619162, 16.146394698474129, 0.0 ], [ 103.355568566204695, 16.146387874544452, 0.0 ], [ 103.355585419747754, 16.146380509611195, 0.0 ], [ 103.355602012927335, 16.14637261168054, 0.0 ], [ 103.355618327705528, 16.146364189338076, 0.0 ], [ 103.35563434634706, 16.146355251739479, 0.0 ], [ 103.355650051438545, 16.146345808600525, 0.0 ], [ 103.355665425907517, 16.146335870186565, 0.0 ], [ 103.356312400747186, 16.145902560458463, 0.0 ], [ 103.356312404929525, 16.145902557657664, 0.0 ], [ 103.356315119408066, 16.145900806813327, 0.0 ], [ 103.356317895450445, 16.145899148595429, 0.0 ], [ 103.356320729674749, 16.145897585024116, 0.0 ], [ 103.356323618628139, 16.145896118004234, 0.0 ], [ 103.356326558791125, 16.145894749322984, 0.0 ], [ 103.356329546581819, 16.145893480647775, 0.0 ], [ 103.356332578360309, 16.145892313524204, 0.0 ], [ 103.35633565043311, 16.145891249374102, 0.0 ], [ 103.356338759057621, 16.145890289493902, 0.0 ], [ 103.356341900446765, 16.145889435052979, 0.0 ], [ 103.356345070773486, 16.14588868709227, 0.0 ], [ 103.356348266175488, 16.145888046522984, 0.0 ], [ 103.356351482759976, 16.145887514125498, 0.0 ], [ 103.356354716608294, 16.145887090548417, 0.0 ], [ 103.356357963780781, 16.145886776307755, 0.0 ], [ 103.356361220321531, 16.14588657178636, 0.0 ], [ 103.356364482263231, 16.145886477233375, 0.0 ], [ 103.356367745631999, 16.145886492763996, 0.0 ], [ 103.356371006452179, 16.145886618359317, 0.0 ], [ 103.356374260751281, 16.145886853866308, 0.0 ], [ 103.356377504564691, 16.145887198998068, 0.0 ], [ 103.356380733940625, 16.14588765333415, 0.0 ], [ 103.356383944944838, 16.14588821632104, 0.0 ], [ 103.356387133665507, 16.145888887272882, 0.0 ], [ 103.356390296217938, 16.145889665372284, 0.0 ], [ 103.356393428749342, 16.145890549671307, 0.0 ], [ 103.356396527443437, 16.145891539092656, 0.0 ], [ 103.356399588525235, 16.145892632430961, 0.0 ], [ 103.35640260826554, 16.145893828354239, 0.0 ], [ 103.356405582985516, 16.145895125405566, 0.0 ], [ 103.356408509061183, 16.145896522004772, 0.0 ], [ 103.356411382927817, 16.145898016450456, 0.0 ], [ 103.356414201084306, 16.145899606921986, 0.0 ], [ 103.356416960097377, 16.145901291481753, 0.0 ], [ 103.356419656605851, 16.14590306807753, 0.0 ], [ 103.356422287324691, 16.145904934544951, 0.0 ], [ 103.356424849048963, 16.145906888610192, 0.0 ], [ 103.356427338657838, 16.145908927892673, 0.0 ], [ 103.35642975311832, 16.145911049908023, 0.0 ], [ 103.356432089488962, 16.145913252071082, 0.0 ], [ 103.356434344923457, 16.145915531699043, 0.0 ], [ 103.356436516674066, 16.145917886014718, 0.0 ], [ 103.356438602095082, 16.145920312149933, 0.0 ], [ 103.356440598645875, 16.145922807149034, 0.0 ], [ 103.356442503894129, 16.14592536797246, 0.0 ], [ 103.35666930048437, 16.146241706765132, 0.0 ] ] } },
{ "type": "Feature", "properties": { }, "geometry": { "type": "LineString", "coordinates": [ [ 103.356715410660698, 16.146210824388515, 0.0 ], [ 103.356488616920728, 16.14589448968286, 0.0 ], [ 103.356486805173503, 16.145891865971318, 0.0 ], [ 103.356485089270421, 16.145889182743275, 0.0 ], [ 103.356483471302226, 16.145886443268054, 0.0 ], [ 103.356481953240234, 16.145883650883533, 0.0 ], [ 103.356480536934157, 16.145880808992043, 0.0 ], [ 103.356479224109606, 16.145877921056211, 0.0 ], [ 103.356478016366211, 16.145874990594805, 0.0 ], [ 103.356476915175477, 16.145872021178384, 0.0 ], [ 103.356475921879166, 16.145869016424967, 0.0 ], [ 103.356475037687503, 16.145865979995655, 0.0 ], [ 103.356474263677825, 16.145862915590119, 0.0 ], [ 103.35647360079318, 16.145859826942115, 0.0 ], [ 103.356473049841284, 16.145856717814961, 0.0 ], [ 103.356472611493388, 16.145853591996904, 0.0 ], [ 103.356472286283605, 16.145850453296539, 0.0 ], [ 103.356472074608178, 16.145847305538162, 0.0 ], [ 103.356471976725004, 16.145844152557082, 0.0 ], [ 103.356471992753342, 16.145840998194995, 0.0 ], [ 103.356472122673651, 16.145837846295265, 0.0 ], [ 103.356472366327637, 16.145834700698263, 0.0 ], [ 103.356472723418406, 16.145831565236687, 0.0 ], [ 103.35647319351088, 16.145828443730867, 0.0 ], [ 103.356473776032288, 16.145825339984157, 0.0 ], [ 103.356474470272815, 16.145822257778228, 0.0 ], [ 103.356475275386629, 16.145819200868555, 0.0 ], [ 103.356476190392712, 16.14581617297976, 0.0 ], [ 103.356477214176209, 16.145813177801106, 0.0 ], [ 103.356478345489705, 16.145810218982017, 0.0 ], [ 103.356479582954748, 16.145807300127604, 0.0 ], [ 103.356480925063593, 16.145804424794292, 0.0 ], [ 103.356482370180956, 16.145801596485455, 0.0 ], [ 103.356483916546082, 16.145798818647197, 0.0 ], [ 103.356485562274813, 16.145796094664124, 0.0 ], [ 103.356487305361938, 16.145793427855207, 0.0 ], [ 103.356489143683632, 16.145790821469777, 0.0 ], [ 103.356491075000022, 16.145788278683515, 0.0 ], [ 103.356493096957948, 16.145785802594641, 0.0 ], [ 103.356495207093758, 16.145783396220089, 0.0 ], [ 103.356497402836439, 16.145781062491846, 0.0 ], [ 103.356499681510599, 16.14577880425341, 0.0 ], [ 103.356502040339862, 16.145776624256285, 0.0 ], [ 103.356504476450127, 16.145774525156625, 0.0 ], [ 103.3565069868732, 16.145772509512057, 0.0 ], [ 103.356509568550294, 16.145770579778478, 0.0 ], [ 103.35651221833578, 16.145768738307151, 0.0 ], [ 103.356512214153213, 16.145768741108107, 0.0 ] ] } },
{ "type": "Feature", "properties": { }, "geometry": { "type": "LineString", "coordinates": [ [ 103.357367889608142, 16.145063707190314, 0.0 ], [ 103.357369837894694, 16.145074434647579, 0.0 ], [ 103.357370089307082, 16.145075974485788, 0.0 ], [ 103.357370285612802, 16.145077521789968, 0.0 ], [ 103.3573704265782, 16.145079074718353, 0.0 ], [ 103.357370512035473, 16.145080631422456, 0.0 ], [ 103.357370541882915, 16.145082190049351, 0.0 ], [ 103.357370516084956, 16.145083748743765, 0.0 ], [ 103.357370434672347, 16.145085305650383, 0.0 ], [ 103.357370297741966, 16.145086858915992, 0.0 ], [ 103.357370105456809, 16.145088406691738, 0.0 ], [ 103.357369858045757, 16.14508994713529, 0.0 ], [ 103.357369555803302, 16.145091478413022, 0.0 ], [ 103.357369199089192, 16.145092998702268, 0.0 ], [ 103.35736878832806, 16.145094506193395, 0.0 ], [ 103.357368324008803, 16.145095999092025, 0.0 ], [ 103.357367806684124, 16.145097475621156, 0.0 ], [ 103.357367236969779, 16.145098934023245, 0.0 ], [ 103.357366615543924, 16.145100372562354, 0.0 ], [ 103.357365943146235, 16.145101789526169, 0.0 ], [ 103.35736522057708, 16.145103183228073, 0.0 ], [ 103.357364448696529, 16.145104552009123, 0.0 ], [ 103.357363628423357, 16.145105894240043, 0.0 ], [ 103.357362760733963, 16.145107208323175, 0.0 ], [ 103.357361846661149, 16.145108492694344, 0.0 ], [ 103.357360887292941, 16.14510974582474, 0.0 ], [ 103.357359883771281, 16.145110966222774, 0.0 ], [ 103.35735883729069, 16.145112152435772, 0.0 ], [ 103.357357749096792, 16.145113303051787, 0.0 ], [ 103.357356620484865, 16.145114416701222, 0.0 ], [ 103.35735545279833, 16.145115492058491, 0.0 ], [ 103.357354247427068, 16.145116527843591, 0.0 ], [ 103.357353005805862, 16.145117522823611, 0.0 ], [ 103.357351729412613, 16.145118475814215, 0.0 ], [ 103.357350419766632, 16.145119385681046, 0.0 ], [ 103.355486027631798, 16.146368065940671, 0.0 ], [ 103.355470070150389, 16.146378367413192, 0.0 ], [ 103.355453757473356, 16.146388135352346, 0.0 ], [ 103.355437108688292, 16.146397358328578, 0.0 ], [ 103.355420143276064, 16.146406025550011, 0.0 ], [ 103.355402881088025, 16.146414126875058, 0.0 ], [ 103.355385342322819, 16.146421652824294, 0.0 ], [ 103.355367547502695, 16.146428594591544, 0.0 ], [ 103.35534951744954, 16.146434944054185, 0.0 ], [ 103.355291726444463, 16.146454220102708, 0.0 ] ] } },
{ "type": "Feature", "properties": { }, "geometry": { "type": "LineString", "coordinates": [ [ 103.357407841133849, 16.145068724292486, 0.0 ], [ 103.357418203309024, 16.145130667324679, 0.0 ], [ 103.357418430844078, 16.145132192000531, 0.0 ], [ 103.357418604474461, 16.145133723286911, 0.0 ], [ 103.357418723998336, 16.145135259403975, 0.0 ], [ 103.357418789276792, 16.145136798566259, 0.0 ], [ 103.357418800233944, 16.145138338984783, 0.0 ], [ 103.357418756857058, 16.145139878869085, 0.0 ], [ 103.357418659196568, 16.145141416429333, 0.0 ], [ 103.357418507365949, 16.14514294987838, 0.0 ], [ 103.357418301541713, 16.145144477433888, 0.0 ], [ 103.357418041963058, 16.145145997320352, 0.0 ], [ 103.357417728931722, 16.145147507771171, 0.0 ], [ 103.357417362811532, 16.145149007030735, 0.0 ], [ 103.357416944028031, 16.145150493356411, 0.0 ], [ 103.357416473068, 16.145151965020627, 0.0 ], [ 103.35741595047881, 16.145153420312852, 0.0 ], [ 103.357415376867905, 16.145154857541556, 0.0 ], [ 103.357414752901988, 16.145156275036236, 0.0 ], [ 103.357414079306309, 16.145157671149292, 0.0 ], [ 103.357413356863773, 16.145159044258026, 0.0 ], [ 103.357412586414128, 16.145160392766435, 0.0 ], [ 103.357411768852856, 16.145161715107115, 0.0 ], [ 103.357410905130237, 16.145163009743104, 0.0 ], [ 103.357409996250169, 16.145164275169613, 0.0 ], [ 103.357409043269072, 16.145165509915817, 0.0 ], [ 103.357408047294626, 16.145166712546541, 0.0 ], [ 103.357407009484433, 16.145167881663955, 0.0 ], [ 103.357405931044795, 16.145169015909175, 0.0 ], [ 103.357404813229181, 16.145170113963843, 0.0 ], [ 103.357403657336846, 16.145171174551667, 0.0 ], [ 103.357402464711313, 16.145172196439916, 0.0 ], [ 103.357401236738795, 16.145173178440825, 0.0 ], [ 103.357399974846558, 16.145174119412989, 0.0 ], [ 103.357398680501362, 16.145175018262712, 0.0 ], [ 103.356512215437519, 16.145768734264607, 0.0 ] ] } },
{ "type": "Feature", "properties": { }, "geometry": { "type": "LineString", "coordinates": [ [ 103.351181036430219, 16.149966530080793, 0.0 ], [ 103.350001062415245, 16.150780916456728, 0.0 ], [ 103.349931880914028, 16.150830211668691, 0.0 ], [ 103.349864278409314, 16.150881512497147, 0.0 ], [ 103.349798317122961, 16.150934771725058, 0.0 ], [ 103.348328510138501, 16.152158588787621, 0.0 ], [ 103.348327280349451, 16.15215957782349, 0.0 ], [ 103.3483260162661, 16.152160525610803, 0.0 ], [ 103.348324719368833, 16.152161431039588, 0.0 ], [ 103.348323391176464, 16.152162293049489, 0.0 ], [ 103.348322033244472, 16.152163110630987, 0.0 ], [ 103.348320647163135, 16.152163882826606, 0.0 ], [ 103.348319234555689, 16.152164608732019, 0.0 ], [ 103.348317797076518, 16.152165287497095, 0.0 ], [ 103.348316336409027, 16.152165918326936, 0.0 ], [ 103.348314854263847, 16.15216650048276, 0.0 ], [ 103.348313352376721, 16.152167033282804, 0.0 ], [ 103.348311832506553, 16.152167516103091, 0.0 ], [ 103.348310296433283, 16.152167948378189, 0.0 ], [ 103.348308745955819, 16.152168329601842, 0.0 ], [ 103.34830718288994, 16.152168659327611, 0.0 ], [ 103.348305609066188, 16.152168937169332, 0.0 ], [ 103.348304026327682, 16.152169162801634, 0.0 ], [ 103.348302436528002, 16.15216933596027, 0.0 ], [ 103.348300841528982, 16.152169456442458, 0.0 ], [ 103.348299243198539, 16.152169524107087, 0.0 ], [ 103.348297643408515, 16.152169538874922, 0.0 ], [ 103.348296044032452, 16.152169500728668, 0.0 ], [ 103.348294446943385, 16.152169409713007, 0.0 ], [ 103.348292854011689, 16.152169265934514, 0.0 ], [ 103.348291267102894, 16.15216906956158, 0.0 ], [ 103.348289688075411, 16.152168820824166, 0.0 ], [ 103.348288118778498, 16.152168520013593, 0.0 ], [ 103.34828656104996, 16.152168167482134, 0.0 ], [ 103.348285016714087, 16.152167763642641, 0.0 ], [ 103.348283487579479, 16.152167308968064, 0.0 ], [ 103.348281975436919, 16.15216680399087, 0.0 ], [ 103.348280482057291, 16.152166249302457, 0.0 ], [ 103.348279009189525, 16.152165645552419, 0.0 ], [ 103.348277558558507, 16.152164993447819, 0.0 ], [ 103.348276131863116, 16.15216429375235, 0.0 ], [ 103.348274730774136, 16.152163547285433, 0.0 ], [ 103.348273356932438, 16.15216275492126, 0.0 ], [ 103.348272011946932, 16.15216191758779, 0.0 ], [ 103.348270697392763, 16.152161036265632, 0.0 ], [ 103.348269414809394, 16.15216011198692, 0.0 ], [ 103.348268165698897, 16.152159145834077, 0.0 ], [ 103.348266951524138, 16.152158138938596, 0.0 ], [ 103.348265773707013, 16.152157092479655, 0.0 ], [ 103.348264633626926, 16.15215600768278, 0.0 ], [ 103.348263532619001, 16.152154885818387, 0.0 ], [ 103.347962659870888, 16.151837612319316, 0.0 ], [ 103.347961582541174, 16.151836435836724, 0.0 ], [ 103.347960548181348, 16.151835223866129, 0.0 ], [ 103.34795955804195, 16.151833977872823, 0.0 ], [ 103.34795861332006, 16.151832699363187, 0.0 ], [ 103.347957715157861, 16.151831389882975, 0.0 ], [ 103.347956864641219, 16.151830051015335, 0.0 ], [ 103.347956062798403, 16.151828684378962, 0.0 ], [ 103.347955310598863, 16.151827291626137, 0.0 ], [ 103.347954608951994, 16.151825874440693, 0.0 ], [ 103.347953958706114, 16.151824434536014, 0.0 ], [ 103.347953360647352, 16.151822973652955, 0.0 ], [ 103.347952815498758, 16.151821493557723, 0.0 ], [ 103.347952323919415, 16.151819996039755, 0.0 ], [ 103.347951886503679, 16.151818482909562, 0.0 ], [ 103.347951503780337, 16.151816955996516, 0.0 ], [ 103.347951176212121, 16.151815417146672, 0.0 ], [ 103.347950904195059, 16.151813868220497, 0.0 ], [ 103.34795068805802, 16.151812311090644, 0.0 ], [ 103.347950528062341, 16.151810747639693, 0.0 ], [ 103.347950424401404, 16.151809179757862, 0.0 ], [ 103.347950377200576, 16.151807609340722, 0.0 ], [ 103.347950386516899, 16.151806038286914, 0.0 ], [ 103.34795045233912, 16.151804468495847, 0.0 ], [ 103.347950574587642, 16.151802901865402, 0.0 ], [ 103.347950753114688, 16.151801340289641, 0.0 ], [ 103.347950987704394, 16.151799785656511, 0.0 ], [ 103.347951278073154, 16.151798239845579, 0.0 ], [ 103.347951623869903, 16.151796704725715, 0.0 ], [ 103.347952024676587, 16.151795182152902, 0.0 ], [ 103.347952480008601, 16.151793673967934, 0.0 ], [ 103.347952989315473, 16.151792181994196, 0.0 ], [ 103.347953551981433, 16.151790708035499, 0.0 ], [ 103.347954167326208, 16.151789253873861, 0.0 ], [ 103.347954834605872, 16.151787821267366, 0.0 ], [ 103.347955553013648, 16.151786411948045, 0.0 ], [ 103.347956321680982, 16.151785027619766, 0.0 ], [ 103.34795713967857, 16.151783669956185, 0.0 ], [ 103.34795800601745, 16.151782340598718, 0.0 ], [ 103.347958919650196, 16.151781041154575, 0.0 ], [ 103.347959879472242, 16.151779773194768, 0.0 ], [ 103.347960884323143, 16.151778538252277, 0.0 ], [ 103.347961932988056, 16.151777337820146, 0.0 ], [ 103.347963024199117, 16.151776173349703, 0.0 ], [ 103.347964156637047, 16.151775046248794, 0.0 ], [ 103.347965328932759, 16.151773957880081, 0.0 ], [ 103.347966539668889, 16.151772909559419, 0.0 ], [ 103.349348939169928, 16.150617176494894, 0.0 ], [ 103.349404868916025, 16.150571680488579, 0.0 ], [ 103.349462051534815, 16.150527663398663, 0.0 ], [ 103.349520445175344, 16.150485157440073, 0.0 ], [ 103.350319176762028, 16.149919942446303, 0.0 ] ] } },
{ "type": "Feature", "properties": { }, "geometry": { "type": "LineString", "coordinates": [ [ 103.351249447076313, 16.150042024792828, 0.0 ], [ 103.351230005567288, 16.15003140990984, 0.0 ], [ 103.35122859310323, 16.150030669373443, 0.0 ], [ 103.351227155141487, 16.150029976191217, 0.0 ], [ 103.351225693380997, 16.150029331182125, 0.0 ], [ 103.351224209548732, 16.150028735108226, 0.0 ], [ 103.351222705397774, 16.150028188673737, 0.0 ], [ 103.351221182705217, 16.150027692524255, 0.0 ], [ 103.351219643270042, 16.150027247245955, 0.0 ], [ 103.351218088911025, 16.15002685336491, 0.0 ], [ 103.351216521464551, 16.150026511346475, 0.0 ], [ 103.351214942782519, 16.150026221594729, 0.0 ], [ 103.351213354730035, 16.15002598445199, 0.0 ], [ 103.351211759183329, 16.150025800198456, 0.0 ], [ 103.351210158027442, 16.150025669051786, 0.0 ], [ 103.351208553154109, 16.150025591166937, 0.0 ], [ 103.351206946459371, 16.150025566635932, 0.0 ], [ 103.351205339841471, 16.150025595487737, 0.0 ], [ 103.351203735198567, 16.15002567768828, 0.0 ], [ 103.351202134426458, 16.150025813140431, 0.0 ], [ 103.351200539416382, 16.150026001684164, 0.0 ], [ 103.351198952052769, 16.15002624309674, 0.0 ], [ 103.351197374211026, 16.150026537092913, 0.0 ], [ 103.351195807755289, 16.15002688332536, 0.0 ], [ 103.351194254536239, 16.150027281385022, 0.0 ], [ 103.351192716388951, 16.1500277308016, 0.0 ], [ 103.351191195130681, 16.150028231044132, 0.0 ], [ 103.351189692558705, 16.150028781521609, 0.0 ], [ 103.351188210448242, 16.150029381583675, 0.0 ], [ 103.351186750550355, 16.150030030521375, 0.0 ], [ 103.351185314589827, 16.150030727568009, 0.0 ], [ 103.351183904263195, 16.150031471900061, 0.0 ], [ 103.351182521236666, 16.150032262638145, 0.0 ], [ 103.351181167144247, 16.150033098848024, 0.0 ], [ 103.35117984358574, 16.150033979541764, 0.0 ], [ 103.350033663739254, 16.150825041946952, 0.0 ], [ 103.349965852159855, 16.15087336102588, 0.0 ], [ 103.349899588311018, 16.150923646006429, 0.0 ], [ 103.349834933182493, 16.150975850606507, 0.0 ], [ 103.348351823329182, 16.152210744155184, 0.0 ], [ 103.348350101624163, 16.152212128805555, 0.0 ], [ 103.348348331907104, 16.152213455707944, 0.0 ], [ 103.34834651625053, 16.152214723308393, 0.0 ], [ 103.348344656780796, 16.152215930122395, 0.0 ], [ 103.348342755675546, 16.15221707473664, 0.0 ], [ 103.348340815161194, 16.152218155810651, 0.0 ], [ 103.348338837510326, 16.152219172078368, 0.0 ], [ 103.348336825038956, 16.152220122349608, 0.0 ], [ 103.348334780103954, 16.152221005511517, 0.0 ], [ 103.348332705100162, 16.152221820529807, 0.0 ], [ 103.348330602457636, 16.152222566449975, 0.0 ], [ 103.348328474638834, 16.152223242398502, 0.0 ], [ 103.348326324135655, 16.152223847583738, 0.0 ], [ 103.348324153466592, 16.152224381296961, 0.0 ], [ 103.348321965173753, 16.152224842913132, 0.0 ], [ 103.34831976181988, 16.152225231891641, 0.0 ], [ 103.348317545985367, 16.152225547776951, 0.0 ], [ 103.348315320265158, 16.152225790199122, 0.0 ], [ 103.348313087265907, 16.152225958874254, 0.0 ], [ 103.34831084960264, 16.15222605360481, 0.0 ], [ 103.348308609895966, 16.152226074279838, 0.0 ], [ 103.34830637076881, 16.152226020875137, 0.0 ], [ 103.34830413484346, 16.152225893453249, 0.0 ], [ 103.348301904738449, 16.152225692163398, 0.0 ], [ 103.348299683065477, 16.152225417241318, 0.0 ], [ 103.348297472426381, 16.152225069008978, 0.0 ], [ 103.348295275410067, 16.152224647874188, 0.0 ], [ 103.348293094589494, 16.15222415433016, 0.0 ], [ 103.348290932518665, 16.152223588954882, 0.0 ], [ 103.348288791729601, 16.152222952410476, 0.0 ], [ 103.348286674729408, 16.152222245442406, 0.0 ], [ 103.348284583997355, 16.152221468878615, 0.0 ], [ 103.348282521981901, 16.152220623628544, 0.0 ], [ 103.348280491097938, 16.152219710682093, 0.0 ], [ 103.348278493723839, 16.152218731108405, 0.0 ], [ 103.348276532198767, 16.152217686054694, 0.0 ], [ 103.348274608819878, 16.152216576744824, 0.0 ], [ 103.348272725839692, 16.152215404477936, 0.0 ], [ 103.348270885463378, 16.15221417062688, 0.0 ], [ 103.348269089846227, 16.152212876636643, 0.0 ], [ 103.348267341091116, 16.152211524022626, 0.0 ], [ 103.34826564124603, 16.152210114368902, 0.0 ], [ 103.348263992301696, 16.15220864932634, 0.0 ], [ 103.348262396189213, 16.15220713061067, 0.0 ], [ 103.348260854777791, 16.152205560000482, 0.0 ], [ 103.34790944462749, 16.15183499421153, 0.0 ], [ 103.347907936366397, 16.151833347135565, 0.0 ], [ 103.347906488263149, 16.151831650376415, 0.0 ], [ 103.347905102068538, 16.151829905985462, 0.0 ], [ 103.347903779458434, 16.151828116071695, 0.0 ], [ 103.347902522031916, 16.151826282799121, 0.0 ], [ 103.347901331309188, 16.151824408384158, 0.0 ], [ 103.347900208729854, 16.151822495093004, 0.0 ], [ 103.34789915565112, 16.151820545238824, 0.0 ], [ 103.347898173346124, 16.151818561178999, 0.0 ], [ 103.347897263002508, 16.151816545312265, 0.0 ], [ 103.347896425720862, 16.151814500075805, 0.0 ], [ 103.34789566251348, 16.151812427942335, 0.0 ], [ 103.347894974303046, 16.151810331417057, 0.0 ], [ 103.347894361921647, 16.151808213034673, 0.0 ], [ 103.347893826109612, 16.151806075356326, 0.0 ], [ 103.347893367514772, 16.151803920966479, 0.0 ], [ 103.347892986691534, 16.151801752469787, 0.0 ], [ 103.347892684100344, 16.15179957248797, 0.0 ], [ 103.347892460107019, 16.151797383656632, 0.0 ], [ 103.34789231498236, 16.151795188622089, 0.0 ], [ 103.347892248901829, 16.151792990038139, 0.0 ], [ 103.347892261945304, 16.151790790562863, 0.0 ], [ 103.347892354097027, 16.15178859285545, 0.0 ], [ 103.34789252524557, 16.151786399572938, 0.0 ], [ 103.347892775184022, 16.151784213366991, 0.0 ], [ 103.34789310361019, 16.151782036880753, 0.0 ], [ 103.347893510127008, 16.151779872745607, 0.0 ], [ 103.347893994243023, 16.151777723577986, 0.0 ], [ 103.347894555372889, 16.151775591976239, 0.0 ], [ 103.347895192838237, 16.151773480517495, 0.0 ], [ 103.347895905868327, 16.151771391754497, 0.0 ], [ 103.347896693601129, 16.151769328212577, 0.0 ], [ 103.347897555084273, 16.151767292386559, 0.0 ], [ 103.34789848927619, 16.15176528673776, 0.0 ], [ 103.347899495047486, 16.151763313691013, 0.0 ], [ 103.347900571182123, 16.151761375631736, 0.0 ], [ 103.347901716379099, 16.151759474903056, 0.0 ], [ 103.347902929253834, 16.151757613802957, 0.0 ], [ 103.347904208339969, 16.151755794581501, 0.0 ], [ 103.347905552091092, 16.151754019438137, 0.0 ], [ 103.347906958882589, 16.151752290519031, 0.0 ], [ 103.347908427013664, 16.151750609914441, 0.0 ], [ 103.347909954709309, 16.151748979656215, 0.0 ], [ 103.347911540122567, 16.151747401715355, 0.0 ], [ 103.347913181336637, 16.151745877999574, 0.0 ], [ 103.347914876367312, 16.151744410351068, 0.0 ], [ 103.349312237738175, 16.150576168913258, 0.0 ], [ 103.34936932865007, 16.150529728362365, 0.0 ], [ 103.349427698444799, 16.150484797431826, 0.0 ], [ 103.349487304402572, 16.150441409005339, 0.0 ], [ 103.35023097282091, 16.149915159198731, 0.0 ], [ 103.350232254364343, 16.149914219161445, 0.0 ], [ 103.350233501682794, 16.149913237061522, 0.0 ], [ 103.350234713299074, 16.14991221406207, 0.0 ], [ 103.350235887778268, 16.149911151374628, 0.0 ], [ 103.350237023729434, 16.149910050257731, 0.0 ], [ 103.350238119807273, 16.149908912015434, 0.0 ], [ 103.350239174713678, 16.149907737995758, 0.0 ], [ 103.350240187199375, 16.149906529589089, 0.0 ], [ 103.350241156065238, 16.149905288226538, 0.0 ], [ 103.350242080163838, 16.149904015378269, 0.0 ], [ 103.350242958400798, 16.149902712551697, 0.0 ], [ 103.350243789735998, 16.149901381289759, 0.0 ], [ 103.350244573184909, 16.149900023169071, 0.0 ], [ 103.350245307819677, 16.14989863979806, 0.0 ], [ 103.350245992770283, 16.149897232815039, 0.0 ], [ 103.35024662722553, 16.149895803886313, 0.0 ], [ 103.350247210434048, 16.149894354704145, 0.0 ], [ 103.350247741705147, 16.149892886984802, 0.0 ], [ 103.35024822040964, 16.149891402466512, 0.0 ], [ 103.350248645980585, 16.149889902907379, 0.0 ], [ 103.35024901791401, 16.149888390083344, 0.0 ], [ 103.350249335769391, 16.149886865786019, 0.0 ], [ 103.35024959917034, 16.149885331820645, 0.0 ], [ 103.350249807804886, 16.149883790003898, 0.0 ], [ 103.350249961425959, 16.149882242161734, 0.0 ], [ 103.350250059851618, 16.149880690127276, 0.0 ], [ 103.350250102965305, 16.149879135738583, 0.0 ], [ 103.350250090715946, 16.149877580836527, 0.0 ], [ 103.350250023118065, 16.149876027262568, 0.0 ], [ 103.350249900251725, 16.149874476856613, 0.0 ], [ 103.350249722262419, 16.149872931454791, 0.0 ], [ 103.350249489360962, 16.149871392887331, 0.0 ], [ 103.350249201823161, 16.149869862976349, 0.0 ], [ 103.350248859989534, 16.149868343533718, 0.0 ], [ 103.350248464264965, 16.149866836358914, 0.0 ], [ 103.350248015118069, 16.149865343236883, 0.0 ], [ 103.350247513080788, 16.149863865935927, 0.0 ], [ 103.350246958747675, 16.149862406205603, 0.0 ], [ 103.350246352775244, 16.149860965774678, 0.0 ], [ 103.350245695881142, 16.149859546349049, 0.0 ], [ 103.350244988843315, 16.149858149609742, 0.0 ], [ 103.350240993705441, 16.149850589663679, 0.0 ] ] } },
{ "type": "Feature", "properties": { }, "geometry": { "type": "LineString", "coordinates": [ [ 103.346639475114998, 16.153577711703658, -0.000000003050961 ], [ 103.346711036918123, 16.153648245096043, -0.000000204811833 ], [ 103.346712832108636, 16.153650077388303, -0.000000003050961 ], [ 103.346714560042486, 16.153651969116268, -0.000000003050961 ], [ 103.346716218614461, 16.153653917975149, -0.000000003050961 ], [ 103.346717805803834, 16.153655921590552, -0.000000003050961 ], [ 103.346719319676879, 16.153657977521409, -0.000000003050961 ], [ 103.346720758389139, 16.153660083262874, -0.000000003050961 ], [ 103.346722120187792, 16.153662236249421, -0.000000003050961 ], [ 103.346723403413677, 16.153664433857976, -0.000000003050961 ], [ 103.3467246065034, 16.153666673411095, -0.000000003050961 ], [ 103.346725727991171, 16.153668952180219, -0.000000003050961 ], [ 103.346726766510599, 16.153671267389026, -0.000000003050961 ], [ 103.346727720796437, 16.153673616216793, -0.000000003050961 ], [ 103.346728589686037, 16.153675995801837, -0.000000003050961 ], [ 103.346729372120762, 16.153678403244989, -0.000000003050961 ], [ 103.346730067147348, 16.153680835613166, -0.000000003050961 ], [ 103.346730673919012, 16.153683289942901, -0.000000003050961 ], [ 103.346731191696477, 16.153685763243963, -0.000000003050961 ], [ 103.346731619848924, 16.153688252503017, -0.000000003050961 ], [ 103.346731957854715, 16.1536907546873, -0.000000003050961 ], [ 103.346732205302018, 16.15369326674826, -0.000000003050961 ], [ 103.346732361889366, 16.153695785625359, -0.000000003050961 ], [ 103.346732427425977, 16.153698308249723, -0.000000003050961 ], [ 103.346732401831986, 16.153700831547923, -0.000000003050961 ], [ 103.346732285138614, 16.153703352445721, -0.000000003050961 ], [ 103.346732077487999, 16.153705867871768, -0.000000003050961 ], [ 103.346731779133108, 16.153708374761429, -0.000000003050961 ], [ 103.346731390437483, 16.153710870060429, -0.000000003050961 ], [ 103.346730911874644, 16.153713350728633, -0.000000003050961 ], [ 103.346730344027691, 16.15371581374372, -0.000000003050961 ], [ 103.346729687588407, 16.153718256104899, -0.000000003050961 ], [ 103.346728943356581, 16.153720674836521, -0.000000003050961 ], [ 103.346728112238964, 16.153723066991731, -0.000000003050961 ], [ 103.346727195248107, 16.153725429656063, -0.000000003050961 ], [ 103.346726193501226, 16.153727759950968, -0.000000003050961 ], [ 103.346725108218791, 16.153730055037336, -0.000000003050961 ], [ 103.346723940723066, 16.153732312118954, -0.000000003050961 ], [ 103.346722692436458, 16.153734528445934, -0.000000003050961 ], [ 103.346721364879812, 16.153736701317992, -0.000000003050961 ], [ 103.346719959670537, 16.153738828087842, -0.000000003050961 ], [ 103.346718478520671, 16.153740906164327, -0.000000003050961 ], [ 103.346716923234766, 16.153742933015632, -0.000000003050961 ], [ 103.346715295707696, 16.153744906172349, -0.000000003050961 ], [ 103.346713597922346, 16.153746823230495, -0.000000003050961 ], [ 103.346711831947218, 16.153748681854417, -0.000000003050961 ], [ 103.346709999933879, 16.153750479779671, -0.00000035246653 ], [ 103.346578286172075, 16.153875308110685, -0.00000035246653 ] ] } },
{ "type": "Feature", "properties": { }, "geometry": { "type": "LineString", "coordinates": [ [ 103.346612774642907, 16.153603023327182, -0.000000003061035 ], [ 103.346684332870907, 16.15367355320673, -0.000000204811833 ], [ 103.346685230466122, 16.153674469352971, -0.000000003061035 ], [ 103.346686094433011, 16.153675415217062, -0.000000003061035 ], [ 103.34668692371892, 16.153676389646602, -0.000000003061035 ], [ 103.346687717313529, 16.153677391454419, -0.000000003061035 ], [ 103.346688474249945, 16.15367841941994, -0.000000003061035 ], [ 103.346689193605968, 16.153679472290769, -0.000000003061035 ], [ 103.346689874505159, 16.153680548784131, -0.000000003061035 ], [ 103.346690516117974, 16.153681647588495, -0.000000003061035 ], [ 103.346691117662658, 16.153682767365133, -0.000000003061035 ], [ 103.346691678406387, 16.15368390674977, -0.000000003061035 ], [ 103.346692197665917, 16.153685064354242, -0.000000003061035 ], [ 103.346692674808651, 16.153686238768181, -0.000000003061035 ], [ 103.346693109253252, 16.153687428560758, -0.000000003061035 ], [ 103.346693500470408, 16.153688632282382, -0.000000003061035 ], [ 103.346693847983488, 16.153689848466509, -0.000000003061035 ], [ 103.346694151369107, 16.153691075631407, -0.000000003061035 ], [ 103.346694410257598, 16.153692312281958, -0.000000003061035 ], [ 103.346694624333594, 16.153693556911502, -0.000000003061035 ], [ 103.346694793336255, 16.15369480800365, -0.000000003061035 ], [ 103.346694917059665, 16.153696064034129, -0.000000003061035 ], [ 103.346694995353104, 16.153697323472674, -0.000000003061035 ], [ 103.346695028121175, 16.153698584784838, -0.000000003061035 ], [ 103.346695015323945, 16.153699846433916, -0.000000003061035 ], [ 103.346694956977018, 16.153701106882782, -0.000000003061035 ], [ 103.346694853151462, 16.15370236459577, -0.000000003061035 ], [ 103.34669470397381, 16.153703618040549, -0.000000003061035 ], [ 103.346694509625777, 16.153704865689988, -0.000000003061035 ], [ 103.346694270344145, 16.153706106024035, -0.000000003061035 ], [ 103.346693986420462, 16.153707337531511, -0.000000003061035 ], [ 103.346693658200621, 16.153708558712026, -0.000000003061035 ], [ 103.34669328608453, 16.153709768077757, -0.000000003061035 ], [ 103.34669287052553, 16.153710964155273, -0.000000003061035 ], [ 103.346692412029938, 16.153712145487351, -0.000000003061035 ], [ 103.346691911156356, 16.153713310634711, -0.000000003061035 ], [ 103.346691368514996, 16.153714458177788, -0.000000003061035 ], [ 103.346690784767006, 16.153715586718498, -0.000000003061035 ], [ 103.346690160623595, 16.153716694881876, -0.000000003061035 ], [ 103.346689496845187, 16.153717781317802, -0.000000003061035 ], [ 103.346688794240464, 16.153718844702617, -0.000000003061035 ], [ 103.34668805366546, 16.153719883740745, -0.000000003061035 ], [ 103.346687276022465, 16.153720897166284, -0.000000003061035 ], [ 103.346686462258901, 16.153721883744527, -0.000000003061035 ], [ 103.346685613366205, 16.153722842273485, -0.000000003061035 ], [ 103.346684730378655, 16.153723771585334, -0.000000003061035 ], [ 103.346683814372, 16.153724670547849, -0.000000278639181 ], [ 103.346570451585663, 16.15383210721852, -0.000000278639181 ] ] } },
{ "type": "Feature", "properties": { }, "geometry": { "type": "LineString", "coordinates": [ [ 103.346433374374968, 16.153374359472757, -0.000000002769703 ], [ 103.346365925610954, 16.153307879758117, 0.000000187395413 ], [ 103.346365028018809, 16.153306963610795, -0.000000002769703 ], [ 103.346364164055032, 16.153306017745656, -0.000000002769703 ], [ 103.346363334772178, 16.153305043315118, -0.000000002769703 ], [ 103.346362541180625, 16.15330404150636, -0.000000002769703 ], [ 103.346361784247236, 16.153303013539929, -0.000000002769703 ], [ 103.346361064894225, 16.153301960668248, -0.000000002769703 ], [ 103.346360383998004, 16.153300884174076, -0.000000002769703 ], [ 103.346359742388145, 16.153299785368969, -0.000000002769703 ], [ 103.346359140846332, 16.153298665591638, -0.000000002769703 ], [ 103.346358580105488, 16.153297526206366, -0.000000002769703 ], [ 103.346358060848758, 16.153296368601314, -0.000000002769703 ], [ 103.34635758370878, 16.153295194186846, -0.000000002769703 ], [ 103.346357149266879, 16.153294004393818, -0.000000002769703 ], [ 103.346356758052366, 16.153292800671792, -0.000000002769703 ], [ 103.346356410541858, 16.153291584487331, -0.000000002769703 ], [ 103.346356107158741, 16.153290357322156, -0.000000002769703 ], [ 103.346355848272651, 16.153289120671388, -0.000000002769703 ], [ 103.346355634198986, 16.153287876041698, -0.000000002769703 ], [ 103.346355465198585, 16.153286624949466, -0.000000002769703 ], [ 103.346355341477334, 16.153285368918965, -0.000000002769703 ], [ 103.346355263185956, 16.153284109480467, -0.000000002769703 ], [ 103.34635523041986, 16.153282848168409, -0.000000002769703 ], [ 103.346355243218952, 16.153281586519498, -0.000000002769703 ], [ 103.346355301567641, 16.153280326070874, -0.000000002769703 ], [ 103.346355405394817, 16.153279068358181, -0.000000002769703 ], [ 103.346355554574018, 16.153277814913761, -0.000000002769703 ], [ 103.346355748923472, 16.153276567264733, -0.000000002769703 ], [ 103.346355988206383, 16.153275326931169, -0.000000002769703 ], [ 103.346356272131231, 16.153274095424241, -0.000000002769703 ], [ 103.346356600352095, 16.153272874244326, -0.000000002769703 ], [ 103.34635697246911, 16.153271664879249, -0.000000002769703 ], [ 103.346357388028878, 16.153270468802436, -0.000000002769703 ], [ 103.346357846525109, 16.153269287471129, -0.000000002769703 ], [ 103.346358347399203, 16.153268122324587, -0.000000002769703 ], [ 103.346358890040904, 16.153266974782373, -0.000000002769703 ], [ 103.346359473789121, 16.153265846242579, -0.000000002769703 ], [ 103.346360097932617, 16.153264738080161, -0.000000002769703 ], [ 103.346360761710983, 16.153263651645254, -0.000000002769703 ], [ 103.346361464315478, 16.153262588261494, -0.000000002769703 ], [ 103.346362204890141, 16.153261549224457, -0.000000002769703 ], [ 103.346362982532654, 16.153260535800051, -0.000000002769703 ], [ 103.346363796295577, 16.15325954922298, -0.000000002769703 ], [ 103.346364645187478, 16.15325859069522, -0.000000002769703 ], [ 103.346365528174132, 16.153257661384611, -0.000000002769703 ], [ 103.346366444179722, 16.153256762423354, 0.000000261222761 ], [ 103.3464787251567, 16.153150350849092, 0.000000261222761 ] ] } },
{ "type": "Feature", "properties": { }, "geometry": { "type": "LineString", "coordinates": [ [ 103.346406673909087, 16.153399671070989, -0.000000002779776 ], [ 103.346339221574141, 16.153333187826462, 0.000000187395413 ], [ 103.346337426389965, 16.153331355531584, -0.000000002779776 ], [ 103.346335698462468, 16.153329463801104, -0.000000002779776 ], [ 103.346334039896917, 16.153327514939807, -0.000000002779776 ], [ 103.34633245271398, 16.153325511322077, -0.000000002779776 ], [ 103.346330938847402, 16.153323455389014, -0.000000002779776 ], [ 103.346329500141607, 16.153321349645466, -0.000000002779776 ], [ 103.346328138349421, 16.153319196656952, -0.000000002779776 ], [ 103.346326855129973, 16.153316999046556, -0.000000002779776 ], [ 103.346325652046687, 16.153314759491742, -0.000000002779776 ], [ 103.346324530565312, 16.153312480721041, -0.000000002779776 ], [ 103.346323492052221, 16.153310165510806, -0.000000002779776 ], [ 103.346322537772636, 16.153307816681757, -0.000000002779776 ], [ 103.346321668889246, 16.153305437095586, -0.000000002779776 ], [ 103.346320886460617, 16.15330302965144, -0.000000002779776 ], [ 103.346320191440029, 16.153300597282442, -0.000000002779776 ], [ 103.346319584674234, 16.153298142952028, -0.000000002779776 ], [ 103.346319066902524, 16.153295669650447, -0.000000002779776 ], [ 103.346318638755676, 16.153293180391032, -0.000000002779776 ], [ 103.346318300755343, 16.15329067820656, -0.000000002779776 ], [ 103.346318053313297, 16.153288166145554, -0.000000002779776 ], [ 103.346317896731037, 16.153285647268579, -0.000000002779776 ], [ 103.346317831199315, 16.153283124644489, -0.000000002779776 ], [ 103.346317856797967, 16.153280601346722, -0.000000002779776 ], [ 103.3463179734958, 16.153278080449528, -0.000000002779776 ], [ 103.346318181150636, 16.153275565024227, -0.000000002779776 ], [ 103.346318479509478, 16.153273058135479, -0.000000002779776 ], [ 103.346318868208797, 16.153270562837537, -0.000000002779776 ], [ 103.346319346775061, 16.153268082170548, -0.000000002779776 ], [ 103.346319914625184, 16.153265619156812, -0.000000002779776 ], [ 103.346320571067324, 16.153263176797118, -0.000000002779776 ], [ 103.346321315301694, 16.15326075806713, -0.000000002779776 ], [ 103.346322146421571, 16.153258365913672, -0.000000002779776 ], [ 103.346323063414374, 16.15325600325124, -0.000000002779776 ], [ 103.346324065162861, 16.153253672958357, -0.000000002779776 ], [ 103.34632515044656, 16.153251377874117, -0.000000002779776 ], [ 103.346326317943237, 16.153249120794744, -0.000000002779776 ], [ 103.346327566230443, 16.153246904470127, -0.000000002779776 ], [ 103.346328893787344, 16.153244731600516, -0.000000002779776 ], [ 103.346330298996534, 16.153242604833213, -0.000000002779776 ], [ 103.34633178014596, 16.153240526759369, -0.000000002779776 ], [ 103.346333335431069, 16.153238499910788, -0.000000002779776 ], [ 103.346334962956988, 16.153236526756864, -0.000000002779776 ], [ 103.346336660740832, 16.153234609701592, -0.000000002779776 ], [ 103.346338426714112, 16.153232751080594, -0.000000002779776 ], [ 103.346340258725263, 16.153230953158314, 0.00000033505011 ], [ 103.346469885226171, 16.153108102779697, 0.00000033505011 ] ] } }
]
}
