{
"type": "FeatureCollection",
"name": "updowntrack",
"crs": { "type": "name", "properties": { "name": "urn:ogc:def:crs:OGC:1.3:CRS84" } },
"features": [
{ "type": "Feature", "properties": { }, "geometry": { "type": "LineString", "coordinates": [ [ 103.284963944283561, 16.148200810933929, 0.0 ], [ 103.285449839100593, 16.148595235766212, 0.0 ], [ 103.285949302081036, 16.148973498678142, 0.0 ], [ 103.28646175806702, 16.14933516400508, 0.0 ], [ 103.286986616925887, 16.149679815194958, 0.0 ], [ 103.287523274229926, 16.150007055288327, 0.0 ], [ 103.288071111952675, 16.150316507375926, 0.0 ], [ 103.288629499180786, 16.150607815033108, 0.0 ], [ 103.289197792840937, 16.150880642730691, 0.0 ], [ 103.289775338440833, 16.151134676221744, 0.0 ], [ 103.290361470823186, 16.151369622903822, 0.0 ], [ 103.290955514932307, 16.151585212156277, 0.0 ], [ 103.291556786591912, 16.151781195652301, 0.0 ], [ 103.292164593293649, 16.151957347645165, 0.0 ], [ 103.292778234995183, 16.152113465228521, 0.0 ], [ 103.293397004926987, 16.152249368570388, 0.0 ], [ 103.294020190406897, 16.152364901120496, 0.0 ], [ 103.294647073661679, 16.152459929790822, 0.0 ], [ 103.295276932654232, 16.152534345109075, 0.0 ], [ 103.295909041915962, 16.152588061344993, 0.0 ], [ 103.296542673382916, 16.152621016609249, 0.0 ], [ 103.297177097235121, 16.152633172924855, 0.0 ], [ 103.29722945621009, 16.152633247422756, 0.0 ], [ 103.297281815205693, 16.152633185882067, 0.0 ], [ 103.297334173866062, 16.152632993970915, 0.0 ], [ 103.297386531880591, 16.152632677358191, 0.0 ], [ 103.297438888982072, 16.152632241713324, 0.0 ], [ 103.29749124494468, 16.152631692706112, 0.0 ], [ 103.297543599581971, 16.152631036006575, 0.0 ], [ 103.297595952745013, 16.152630277284768, 0.0 ], [ 103.297648304320262, 16.152629422210687, 0.0 ], [ 103.297700654227768, 16.152628476454169, 0.0 ], [ 103.297753002419057, 16.1526274456848, 0.0 ], [ 103.297805348875229, 16.15262633557187, 0.0 ], [ 103.297857693604982, 16.152625151784282, 0.0 ], [ 103.297910036642634, 16.152623899990523, 0.0 ], [ 103.297962378046108, 16.152622585858701, 0.0 ], [ 103.298014717895072, 16.152621215056442, 0.0 ], [ 103.298067056288829, 16.152619793250963, 0.0 ], [ 103.298119393344479, 16.152618326109074, 0.0 ], [ 103.298171729194834, 16.152616819297158, 0.0 ], [ 103.298224063986552, 16.152615278481246, 0.0 ], [ 103.298276397878055, 16.152613709327035, 0.0 ], [ 103.298328731037657, 16.15261211749997, 0.0 ], [ 103.298381063641543, 16.152610508665227, 0.0 ], [ 103.298433395871825, 16.152608888487816, 0.0 ], [ 103.298485727914539, 16.152607262632632, 0.0 ], [ 103.302366757332194, 16.152486580438573, 0.0 ], [ 103.302422827429382, 16.152484837841481, 0.0 ], [ 103.302478897814723, 16.152483103900217, 0.0 ], [ 103.302534968771596, 16.152481387285587, 0.0 ], [ 103.30259104057474, 16.152479696668667, 0.0 ], [ 103.302647113485989, 16.152478040720922, 0.0 ], [ 103.30270318774997, 16.152476428114312, 0.0 ], [ 103.302759263589792, 16.152474867521402, 0.0 ], [ 103.302815341202688, 16.152473367615428, 0.0 ], [ 103.302871420755821, 16.152471937070377, 0.0 ], [ 103.302927502381877, 16.152470584561023, 0.0 ], [ 103.302983586174733, 16.152469318762925, 0.0 ], [ 103.303039672185307, 16.152468148352437, 0.0 ], [ 103.303095760417023, 16.152467082006616, 0.0 ], [ 103.303151850821706, 16.152466128403205, 0.0 ], [ 103.303207943295106, 16.15246529622042, 0.0 ], [ 103.303264037672747, 16.152464594136848, 0.0 ], [ 103.303320133725478, 16.152464030831194, 0.0 ], [ 103.303376231155212, 16.152463614982032, 0.0 ], [ 103.303432329590635, 16.152463355267468, 0.0 ], [ 103.303488428582909, 16.15246326036479, 0.0 ], [ 103.303544527601304, 16.152463338949985, 0.0 ], [ 103.303600626028953, 16.152463599697299, 0.0 ], [ 103.303656723158539, 16.152464051278635, 0.0 ], [ 103.303712818187932, 16.152464702362906, 0.0 ], [ 103.303768910216021, 16.152465561615344, 0.0 ], [ 103.3042557593282, 16.152482126079267, 0.0 ], [ 103.304741719776189, 16.152515021135944, 0.0 ], [ 103.305226205356249, 16.152564207116111, 0.0 ], [ 103.305708631641778, 16.152629624698928, 0.0 ], [ 103.306188416687959, 16.152711194983457, 0.0 ], [ 103.306664981733348, 16.152808819583711, 0.0 ], [ 103.307137751897599, 16.152922380747217, 0.0 ], [ 103.307606156874613, 16.15305174149692, 0.0 ], [ 103.308069631620086, 16.153196745796297, 0.0 ], [ 103.308527617032809, 16.153357218737394, 0.0 ], [ 103.308979560628828, 16.153532966751662, 0.0 ], [ 103.309424917207537, 16.15372377784329, 0.0 ], [ 103.309863149509226, 16.153929421844762, 0.0 ], [ 103.310293728862817, 16.154149650694301, 0.0 ], [ 103.310342796619381, 16.154175933769388, 0.0 ], [ 103.3103917596043, 16.154202398747515, 0.0 ], [ 103.310440621506174, 16.154229037682917, 0.0 ], [ 103.310489386101395, 16.154255842674342, 0.0 ], [ 103.310538057250028, 16.154282805863627, 0.0 ], [ 103.310586638891749, 16.154309919434176, 0.0 ], [ 103.310635135041863, 16.15433717560936, 0.0 ], [ 103.310683549787285, 16.154364566650887, 0.0 ], [ 103.310731887282586, 16.154392084857122, 0.0 ], [ 103.310780151746044, 16.154419722561308, 0.0 ], [ 103.310828347455825, 16.154447472129799, 0.0 ], [ 103.31087647874601, 16.154475325960167, 0.0 ], [ 103.310924550002781, 16.154503276479378, 0.0 ], [ 103.310972565660634, 16.154531316141806, 0.0 ], [ 103.311020530198505, 16.154559437427295, 0.0 ], [ 103.311068448136083, 16.154587632839156, 0.0 ], [ 103.311116324029939, 16.154615894902111, 0.0 ], [ 103.311164162469865, 16.154644216160261, 0.0 ], [ 103.311211968075128, 16.154672589174982, 0.0 ], [ 103.311259745490702, 16.15470100652281, 0.0 ], [ 103.311307499383645, 16.15472946079333, 0.0 ], [ 103.311355234439361, 16.154757944587015, 0.0 ], [ 103.311402955357906, 16.154786450513051, 0.0 ], [ 103.311450666850362, 16.154814971187193, 0.0 ], [ 103.311498373635132, 16.154843499229557, 0.0 ], [ 103.314850549740896, 16.156848131606203, 0.0 ], [ 103.314898258004632, 16.156876658262139, 0.0 ], [ 103.314945973737665, 16.156905173258991, 0.0 ], [ 103.314993704385799, 16.156933664941665, 0.0 ], [ 103.315041457376537, 16.156962121644163, 0.0 ], [ 103.315089240109941, 16.156990531684141, 0.0 ], [ 103.31513705994945, 16.157018883357537, 0.0 ], [ 103.315184924212673, 16.157047164933214, 0.0 ], [ 103.315232840162167, 16.157075364647639, 0.0 ], [ 103.315280814996086, 16.157103470699724, 0.0 ], [ 103.315328855838899, 16.157131471245627, 0.0 ], [ 103.315376969732029, 16.157159354393716, 0.0 ], [ 103.315425163624326, 16.157187108199622, 0.0 ], [ 103.315473444362596, 16.157214720661386, 0.0 ], [ 103.315521818682001, 16.157242179714768, 0.0 ], [ 103.315570293196387, 16.157269473228641, 0.0 ], [ 103.315618874388505, 16.157296589000598, 0.0 ], [ 103.315667568600219, 16.157323514752644, 0.0 ], [ 103.315716382022487, 16.157350238127151, 0.0 ], [ 103.315765320685344, 16.157376746682921, 0.0 ], [ 103.315814390447841, 16.157403027891483, 0.0 ], [ 103.315863596987612, 16.15742906913362, 0.0 ], [ 103.315912945790657, 16.157454857696074, 0.0 ], [ 103.31596244214083, 16.157480380768522, 0.0 ], [ 103.316012091109144, 16.157505625440823, 0.0 ], [ 103.316061897543221, 16.157530578700456, 0.0 ], [ 103.316326011677532, 16.157656585851324, 0.0 ], [ 103.316594303617634, 16.157774060390725, 0.0 ], [ 103.316866478342348, 16.157882873133612, 0.0 ], [ 103.317142236558979, 16.157982904419558, 0.0 ], [ 103.317421275032586, 16.15807404424449, 0.0 ], [ 103.317703286919468, 16.158156192381671, 0.0 ], [ 103.317987962104723, 16.158229258491936, 0.0 ], [ 103.31827498754339, 16.158293162223167, 0.0 ], [ 103.318564047604738, 16.15834783329862, 0.0 ], [ 103.318854824419546, 16.158393211594301, 0.0 ], [ 103.318910373532063, 16.158400798790595, 0.0 ], [ 103.318965969234341, 16.158408060326888, 0.0 ], [ 103.31902160766731, 16.158415009520951, 0.0 ], [ 103.319077285215386, 16.158421659732475, 0.0 ], [ 103.319132998496258, 16.15842802435904, 0.0 ], [ 103.319188744350527, 16.158434116832485, 0.0 ], [ 103.319244519831415, 16.158439950615492, 0.0 ], [ 103.31930032219428, 16.158445539198411, 0.0 ], [ 103.319356148886243, 16.158450896096404, 0.0 ], [ 103.319411997535624, 16.158456034846733, 0.0 ], [ 103.31946786594149, 16.158460969006352, 0.0 ], [ 103.319523752063049, 16.158465712149635, 0.0 ], [ 103.319579654009075, 16.158470277866339, 0.0 ], [ 103.319635570027302, 16.158474679759756, 0.0 ], [ 103.31969149849381, 16.158478931445003, 0.0 ], [ 103.319747437902407, 16.158483046547509, 0.0 ], [ 103.319803386853891, 16.158487038701573, 0.0 ], [ 103.319859344045454, 16.158490921549159, 0.0 ], [ 103.319915308259979, 16.158494708738715, 0.0 ], [ 103.319971278355325, 16.15849841392415, 0.0 ], [ 103.320027253253684, 16.158502050763872, 0.0 ], [ 103.320083231930781, 16.158505632919919, 0.0 ], [ 103.320139213405255, 16.15850917405718, 0.0 ], [ 103.320195196727951, 16.158512687842588, 0.0 ], [ 103.320251180971098, 16.158516187944464, 0.0 ], [ 103.334245554547593, 16.159390073210549, 0.0 ], [ 103.334301539960094, 16.159393565106605, 0.0 ], [ 103.334357526286709, 16.159397043318627, 0.0 ], [ 103.334413514427396, 16.159400494176495, 0.0 ], [ 103.334469505260657, 16.15940390400873, 0.0 ], [ 103.334525499632804, 16.159407259141929, 0.0 ], [ 103.334581498347234, 16.159410545900169, 0.0 ], [ 103.334637502153768, 16.159413750604422, 0.0 ], [ 103.334693511737797, 16.159416859572179, 0.0 ], [ 103.334749527709647, 16.15941985911698, 0.0 ], [ 103.334805550593813, 16.159422735548144, 0.0 ], [ 103.334861580818199, 16.159425475170597, 0.0 ], [ 103.334917618703358, 16.159428064284743, 0.0 ], [ 103.334973664451738, 16.159430489186608, 0.0 ], [ 103.335029718137008, 16.159432736167922, 0.0 ], [ 103.335085779693131, 16.159434791516595, 0.0 ], [ 103.33514184890376, 16.159436641517168, 0.0 ], [ 103.335197925391384, 16.159438272451538, 0.0 ], [ 103.33525400860654, 16.159439670599898, 0.0 ], [ 103.335310097817128, 16.159440822241805, 0.0 ], [ 103.335366192097609, 16.159441713657589, 0.0 ], [ 103.335422290318249, 16.15944233112986, 0.0 ], [ 103.335478391134359, 16.159442660945377, 0.0 ], [ 103.335534492975668, 16.159442689397125, 0.0 ], [ 103.335590594035466, 16.159442402786691, 0.0 ], [ 103.335646692260042, 16.159441787426896, 0.0 ], [ 103.335949995523592, 16.159432536658283, 0.0 ], [ 103.336252794852157, 16.159413278365477, 0.0 ], [ 103.336554736820418, 16.159384035022299, 0.0 ], [ 103.336855469003893, 16.159344840757068, 0.0 ], [ 103.337154640390352, 16.159295741312718, 0.0 ], [ 103.337451901789692, 16.159236793993468, 0.0 ], [ 103.33774690624179, 16.159168067597882, 0.0 ], [ 103.338039309421433, 16.159089642338621, 0.0 ], [ 103.338328770040519, 16.159001609748714, 0.0 ], [ 103.33861495024648, 16.158904072574774, 0.0 ], [ 103.338897516016743, 16.158797144657012, 0.0 ], [ 103.339176137548776, 16.158680950796359, 0.0 ], [ 103.339450489645088, 16.158555626608717, 0.0 ], [ 103.339720252093002, 16.158421318366667, 0.0 ], [ 103.339985110038384, 16.158278182828692, 0.0 ], [ 103.340033513278669, 16.158250769883868, 0.0 ], [ 103.340081743648156, 16.158223073793049, 0.0 ], [ 103.340129806685255, 16.158195107308774, 0.0 ], [ 103.34017770814603, 16.158166883070173, 0.0 ], [ 103.340225453993739, 16.158138413606043, 0.0 ], [ 103.340273050388291, 16.158109711338113, 0.0 ], [ 103.340320503675997, 16.158080788584634, 0.0 ], [ 103.340367820379427, 16.158051657564116, 0.0 ], [ 103.340415007187246, 16.158022330399383, 0.0 ], [ 103.340462070944398, 16.157992819121741, 0.0 ], [ 103.34050901864218, 16.157963135675409, 0.0 ], [ 103.340555857408617, 16.157933291922088, 0.0 ], [ 103.34060259449879, 16.157903299645717, 0.0 ], [ 103.340649237285405, 16.157873170557369, 0.0 ], [ 103.340695793249253, 16.157842916300339, 0.0 ], [ 103.340742269970036, 16.157812548455279, 0.0 ], [ 103.340788675116997, 16.15778207854558, 0.0 ], [ 103.340835016439826, 16.157751518042726, 0.0 ], [ 103.340881301759453, 16.157720878371826, 0.0 ], [ 103.340927538959193, 16.157690170917252, 0.0 ], [ 103.340973735975496, 16.157659407028277, 0.0 ], [ 103.341019900789206, 16.157628598024843, 0.0 ], [ 103.341066041416596, 16.157597755203366, 0.0 ], [ 103.341112165900427, 16.157566889842574, 0.0 ], [ 103.341158282301151, 16.157536013209373, 0.0 ], [ 103.34321692605171, 16.156157530175971, 0.0 ], [ 103.343263039625199, 16.156126649956846, 0.0 ], [ 103.343309148071967, 16.156095762595932, 0.0 ], [ 103.343355246275621, 16.156064860965216, 0.0 ], [ 103.343401329112609, 16.156033937941434, 0.0 ], [ 103.343447391448819, 16.156002986408467, 0.0 ], [ 103.343493428135943, 16.155971999259712, 0.0 ], [ 103.343539434008036, 16.155940969400472, 0.0 ], [ 103.343585403877952, 16.155909889750408, 0.0 ], [ 103.343631332533874, 16.15587875324594, 0.0 ], [ 103.34367721473582, 16.155847552842683, 0.0 ], [ 103.343723045212172, 16.15581628151795, 0.0 ], [ 103.34376881865623, 16.155784932273242, 0.0 ], [ 103.343814529722749, 16.15575349813674, 0.0 ], [ 103.343860173024581, 16.155721972165892, 0.0 ], [ 103.343905743129298, 16.155690347449976, 0.0 ], [ 103.343951234555732, 16.155658617112721, 0.0 ], [ 103.343996641770786, 16.15562677431496, 0.0 ], [ 103.344041959186015, 16.155594812257352, 0.0 ], [ 103.34408718115445, 16.155562724183099, 0.0 ], [ 103.344132301967306, 16.155530503380714, 0.0 ], [ 103.344177315850843, 16.155498143186872, 0.0 ], [ 103.344222216963189, 16.155465636989288, 0.0 ], [ 103.344266999391252, 16.155432978229655, 0.0 ], [ 103.344311657147628, 16.155400160406604, 0.0 ], [ 103.344356184167637, 16.155367177078769, 0.0 ], [ 103.344738877858305, 16.155072116371713, 0.0 ], [ 103.345110682708196, 16.154764326439633, 0.0 ], [ 103.345152573447336, 16.154728261258189, 0.0 ], [ 103.345194320572475, 16.154692040862074, 0.0 ], [ 103.345235929489164, 16.154655672219363, 0.0 ], [ 103.345277405678488, 16.15461916223606, 0.0 ], [ 103.345318754693352, 16.154582517758321, 0.0 ], [ 103.345359982154903, 16.15454574557484, 0.0 ], [ 103.345401093748976, 16.154508852419237, 0.0 ], [ 103.345442095222523, 16.154471844972502, 0.0 ], [ 103.345482992380227, 16.154434729865518, 0.0 ], [ 103.345523791080964, 16.154397513681555, 0.0 ], [ 103.345564497234491, 16.154360202958873, 0.0 ], [ 103.345605116798012, 16.154322804193367, 0.0 ], [ 103.345645655772941, 16.154285323841194, 0.0 ], [ 103.345686120201506, 16.154247768321511, 0.0 ], [ 103.345726516163609, 16.154210144019135, 0.0 ], [ 103.345766849773483, 16.154172457287366, 0.0 ], [ 103.345807127176514, 16.154134714450738, 0.0 ], [ 103.345847354546081, 16.154096921807842, 0.0 ], [ 103.345887538080405, 16.154059085634113, 0.0 ], [ 103.345927683999349, 16.154021212184741, 0.0 ], [ 103.345967798541338, 16.153983307697487, 0.0 ], [ 103.346007887960198, 16.15394537839558, 0.0 ], [ 103.346047958522135, 16.153907430490623, 0.0 ], [ 103.346088016502577, 16.153869470185455, 0.0 ], [ 103.346128068183091, 16.153831503677111, 0.0 ], [ 103.347065111660342, 16.152943190487811, 0.0 ], [ 103.34709181206857, 16.15291787887671, 0.0 ], [ 103.347118513866718, 16.152892568637917, 0.0 ], [ 103.34714521845126, 16.152867261148003, 0.0 ], [ 103.347171927218241, 16.152841957783963, 0.0 ], [ 103.347198641562997, 16.152816659923459, 0.0 ], [ 103.347225362879925, 16.152791368944982, 0.0 ], [ 103.347252092562343, 16.152766086228123, 0.0 ], [ 103.347278832002146, 16.152740813153763, 0.0 ], [ 103.347305582589684, 16.152715551104283, 0.0 ], [ 103.347332345713426, 16.152690301463796, 0.0 ], [ 103.347359122759812, 16.152665065618347, 0.0 ], [ 103.347385915112994, 16.152639844956131, 0.0 ], [ 103.347412724154594, 16.152614640867696, 0.0 ], [ 103.347439551263491, 16.152589454746195, 0.0 ], [ 103.34746639781558, 16.152564287987513, 0.0 ], [ 103.347493265183516, 16.152539141990584, 0.0 ], [ 103.347520154736557, 16.152514018157518, 0.0 ], [ 103.34754706784021, 16.152488917893855, 0.0 ], [ 103.347574005856103, 16.152463842608743, 0.0 ], [ 103.347600970141713, 16.15243879371517, 0.0 ], [ 103.347627962050083, 16.152413772630165, 0.0 ], [ 103.34765498292964, 16.152388780774967, 0.0 ], [ 103.347682034123949, 16.152363819575307, 0.0 ], [ 103.347709116971416, 16.152338890461525, 0.0 ], [ 103.347736232805147, 16.152313994868805, 0.0 ], [ 103.348441659785593, 16.151688927323946, 0.0 ], [ 103.34916873409621, 16.151087479023484, 0.0 ], [ 103.3499166094917, 16.150510349883326, 0.0 ], [ 103.350684415542972, 16.149958211516029, 0.0 ], [ 103.35071481188217, 16.149937151256076, 0.0 ], [ 103.35074523608165, 16.149916128612567, 0.0 ], [ 103.350775686933517, 16.149895142050251, 0.0 ], [ 103.350806163235845, 16.149874190029692, 0.0 ], [ 103.350836663792364, 16.149853271007498, 0.0 ], [ 103.350867187412291, 16.149832383436468, 0.0 ], [ 103.350897732909985, 16.149811525765784, 0.0 ], [ 103.350928299104694, 16.149790696441244, 0.0 ], [ 103.350958884820429, 16.149769893905397, 0.0 ], [ 103.35098948888556, 16.14974911659775, 0.0 ], [ 103.351020110132609, 16.149728362954967, 0.0 ], [ 103.351050747398048, 16.149707631411029, 0.0 ], [ 103.351081399521973, 16.149686920397446, 0.0 ], [ 103.351112065347877, 16.149666228343381, 0.0 ], [ 103.351142743722406, 16.149645553675906, 0.0 ], [ 103.351173433495021, 16.149624894820143, 0.0 ], [ 103.351204133517882, 16.149604250199413, 0.0 ], [ 103.351234842645425, 16.149583618235493, 0.0 ], [ 103.35126555973423, 16.149562997348713, 0.0 ], [ 103.351296283642668, 16.149542385958199, 0.0 ], [ 103.351327013230758, 16.149521782482005, 0.0 ], [ 103.351357747359728, 16.1495011853373, 0.0 ], [ 103.351388484891913, 16.149480592940566, 0.0 ], [ 103.351419224690432, 16.149460003707752, 0.0 ], [ 103.35144996561894, 16.149439416054445, 0.0 ], [ 103.360968434138087, 16.143064437228453, 0.0 ], [ 103.360989951643305, 16.143050025033251, 0.0 ], [ 103.361011469479536, 16.143035613301432, 0.0 ], [ 103.361032987980721, 16.143021202498897, 0.0 ], [ 103.361054507480773, 16.14300679309158, 0.0 ], [ 103.361076028313519, 16.14299238554548, 0.0 ], [ 103.361097550812602, 16.142977980326698, 0.0 ], [ 103.361119075311578, 16.142963577901412, 0.0 ], [ 103.36114060214372, 16.14294917873595, 0.0 ], [ 103.361162131642175, 16.142934783296798, 0.0 ], [ 103.361183664139745, 16.142920392050595, 0.0 ], [ 103.361205199968992, 16.142906005464191, 0.0 ], [ 103.361226739462126, 16.142891624004648, 0.0 ], [ 103.361248282951024, 16.142877248139257, 0.0 ], [ 103.361269830767128, 16.142862878335585, 0.0 ], [ 103.361291383241536, 16.142848515061466, 0.0 ], [ 103.361312940704821, 16.142834158785046, 0.0 ], [ 103.361334503487072, 16.142819809974782, 0.0 ], [ 103.361356071917911, 16.142805469099482, 0.0 ], [ 103.361377646326375, 16.142791136628318, 0.0 ], [ 103.361399227040906, 16.14277681303086, 0.0 ], [ 103.361420814389362, 16.142762498777074, 0.0 ], [ 103.361442408698878, 16.142748194337351, 0.0 ], [ 103.361464010296004, 16.142733900182552, 0.0 ], [ 103.361485619506496, 16.142719616783989, 0.0 ], [ 103.361507236655399, 16.142705344613464, 0.0 ], [ 103.362793919751695, 16.141886056966673, 0.0 ], [ 103.364107828210877, 16.141108189505989, 0.0 ], [ 103.365447535310537, 16.14037258681865, 0.0 ], [ 103.366811586364491, 16.139680047601644, 0.0 ], [ 103.368198500300053, 16.139031323795901, 0.0 ], [ 103.369606771263875, 16.138427119771041, 0.0 ], [ 103.37103487025432, 16.137868091561746, 0.0 ], [ 103.372481246778804, 16.137354846156512, 0.0 ], [ 103.373944330534229, 16.136887940839539, 0.0 ], [ 103.375422533108875, 16.136467882586508, 0.0 ], [ 103.37691424970366, 16.136095127514825, 0.0 ], [ 103.378417860871053, 16.135770080389026, 0.0 ], [ 103.379931734269846, 16.1354930941818, 0.0 ], [ 103.381454226433775, 16.135264469691087, 0.0 ], [ 103.381480158093296, 16.135261004643105, 0.0 ], [ 103.381506091675718, 16.135257553067376, 0.0 ], [ 103.381532027093854, 16.135254114403338, 0.0 ], [ 103.381557964261447, 16.135250688090348, 0.0 ], [ 103.381583903093045, 16.135247273567604, 0.0 ], [ 103.381609843504094, 16.135243870274238, 0.0 ], [ 103.381635785410737, 16.135240477649234, 0.0 ], [ 103.38166172872991, 16.135237095131505, 0.0 ], [ 103.381687673379247, 16.13523372215985, 0.0 ], [ 103.381713619277022, 16.135230358172993, 0.0 ], [ 103.381739566342148, 16.135227002609586, 0.0 ], [ 103.381765514494134, 16.135223654908177, 0.0 ], [ 103.381791463653016, 16.135220314507272, 0.0 ], [ 103.381817413739356, 16.135216980845289, 0.0 ], [ 103.381843364674154, 16.135213653360591, 0.0 ], [ 103.381869316378896, 16.135210331491479, 0.0 ], [ 103.381895268775395, 16.135207014676229, 0.0 ], [ 103.381921221785831, 16.135203702353049, 0.0 ], [ 103.381947175332741, 16.135200393960105, 0.0 ], [ 103.381973129338888, 16.135197088935545, 0.0 ], [ 103.381999083727266, 16.13519378671748, 0.0 ], [ 103.382025038421105, 16.135190486743983, 0.0 ], [ 103.382050993343753, 16.135187188453123, 0.0 ], [ 103.382076948418685, 16.135183891282953, 0.0 ], [ 103.382102903569475, 16.135180594671507, 0.0 ], [ 103.456355268230908, 16.125736389687546, 0.0 ], [ 103.456384929453392, 16.125732611825164, 0.0 ], [ 103.456414590818028, 16.125728835007106, 0.0 ], [ 103.45644425246762, 16.125725060281955, 0.0 ], [ 103.456473914544716, 16.125721288698305, 0.0 ], [ 103.456503577191526, 16.125717521304825, 0.0 ], [ 103.456533240549746, 16.125713759150202, 0.0 ], [ 103.456562904760517, 16.125710003283228, 0.0 ], [ 103.456592569964243, 16.125706254752771, 0.0 ], [ 103.456622236300504, 16.125702514607827, 0.0 ], [ 103.456651903907954, 16.125698783897473, 0.0 ], [ 103.456681572924126, 16.125695063670943, 0.0 ], [ 103.456711243485387, 16.12569135497764, 0.0 ], [ 103.456740915726812, 16.125687658867079, 0.0 ], [ 103.45677058978201, 16.125683976388995, 0.0 ], [ 103.456800265783087, 16.125680308593289, 0.0 ], [ 103.456829943860441, 16.125676656530068, 0.0 ], [ 103.456859624142695, 16.125673021249668, 0.0 ], [ 103.456889306756608, 16.125669403802622, 0.0 ], [ 103.456918991826853, 16.125665805239748, 0.0 ], [ 103.456948679475971, 16.125662226612071, 0.0 ], [ 103.456978369824299, 16.125658668970917, 0.0 ], [ 103.457008062989686, 16.125655133367857, 0.0 ], [ 103.457037759087598, 16.125651620854779, 0.0 ], [ 103.457067458230782, 16.125648132483832, 0.0 ], [ 103.457097160529273, 16.125644669307494, 0.0 ], [ 103.457955229963233, 16.125556077544786, 0.0 ], [ 103.45881541748642, 16.12548938493839, 0.0 ], [ 103.458845269147105, 16.125487466033842, 0.0 ], [ 103.458875122538558, 16.125485572452707, 0.0 ], [ 103.458904977567116, 16.125483703141029, 0.0 ], [ 103.458934834141829, 16.125481857044672, 0.0 ], [ 103.458964692174391, 16.125480033109319, 0.0 ], [ 103.458994551579011, 16.125478230280493, 0.0 ], [ 103.459024412272285, 16.125476447503537, 0.0 ], [ 103.459054274173113, 16.125474683723663, 0.0 ], [ 103.459084137202495, 16.125472937885952, 0.0 ], [ 103.459114001283524, 16.125471208935345, 0.0 ], [ 103.459143866341179, 16.12546949581667, 0.0 ], [ 103.459173732302233, 16.125467797474652, 0.0 ], [ 103.459203599095147, 16.125466112853914, 0.0 ], [ 103.459233466649948, 16.125464440898988, 0.0 ], [ 103.459263334898083, 16.125462780554315, 0.0 ], [ 103.459293203772305, 16.125461130764268, 0.0 ], [ 103.459323073206605, 16.125459490473148, 0.0 ], [ 103.459352943136025, 16.125457858625204, 0.0 ], [ 103.459382813496561, 16.125456234164623, 0.0 ], [ 103.459412684225057, 16.125454616035555, 0.0 ], [ 103.459442555259088, 16.125453003182088, 0.0 ], [ 103.459472426536777, 16.125451394548307, 0.0 ], [ 103.459502297996792, 16.12544978907826, 0.0 ], [ 103.459532169578125, 16.125448185715957, 0.0 ], [ 103.459562041220011, 16.125446583405427, 0.0 ], [ 103.461644314650627, 16.125334892440591, 0.0 ], [ 103.461674186306141, 16.125333290183256, 0.0 ], [ 103.461704058022164, 16.125331688977688, 0.0 ], [ 103.461733929859165, 16.125330089879895, 0.0 ], [ 103.461763801877396, 16.125328493945901, 0.0 ], [ 103.461793674136729, 16.12532690223172, 0.0 ], [ 103.46182354669655, 16.125325315793432, 0.0 ], [ 103.461853419615665, 16.125323735687125, 0.0 ], [ 103.461883292952166, 16.125322162968921, 0.0 ], [ 103.46191316676331, 16.125320598695009, 0.0 ], [ 103.461943041105357, 16.125319043921593, 0.0 ], [ 103.461972916033531, 16.125317499704977, 0.0 ], [ 103.462002791601833, 16.125315967101475, 0.0 ], [ 103.462032667862971, 16.125314447167515, 0.0 ], [ 103.462062544868189, 16.125312940959557, 0.0 ], [ 103.462092422667169, 16.125311449534159, 0.0 ], [ 103.462122301307957, 16.125309973947964, 0.0 ], [ 103.462152180836753, 16.125308515257675, 0.0 ], [ 103.462182061297881, 16.125307074520109, 0.0 ], [ 103.462211942733575, 16.125305652792154, 0.0 ], [ 103.462241825183966, 16.12530425113081, 0.0 ], [ 103.46227170868687, 16.125302870593156, 0.0 ], [ 103.462301593277729, 16.125301512236408, 0.0 ], [ 103.462331478989441, 16.125300177117836, 0.0 ], [ 103.462361365852303, 16.125298866294848, 0.0 ], [ 103.462391253893799, 16.125297580824945, 0.0 ], [ 103.463448914566683, 16.125269102150785, 0.0 ], [ 103.464506975290149, 16.125273686828539, 0.0 ], [ 103.465564330348258, 16.125311330112584, 0.0 ], [ 103.465594205309955, 16.125312874544118, 0.0 ], [ 103.46562407885871, 16.125314444317606, 0.0 ], [ 103.465653951031854, 16.125316038375839, 0.0 ], [ 103.465683821869476, 16.125317655661721, 0.0 ], [ 103.465713691414265, 16.125319295118292, 0.0 ], [ 103.465743559711484, 16.125320955688704, 0.0 ], [ 103.465773426808752, 16.125322636316234, 0.0 ], [ 103.465803292755965, 16.125324335944299, 0.0 ], [ 103.465833157605232, 16.125326053516389, 0.0 ], [ 103.465863021410598, 16.125327787976122, 0.0 ], [ 103.465892884228111, 16.125329538267234, 0.0 ], [ 103.465922746115595, 16.125331303333549, 0.0 ], [ 103.465952607132536, 16.125333082118988, 0.0 ], [ 103.46598246733997, 16.125334873567557, 0.0 ], [ 103.466012326800396, 16.125336676623345, 0.0 ], [ 103.466042185577635, 16.125338490230522, 0.0 ], [ 103.466072043736659, 16.125340313333336, 0.0 ], [ 103.466101901343578, 16.125342144876086, 0.0 ], [ 103.466131758465423, 16.125343983803145, 0.0 ], [ 103.466161615170051, 16.125345829058908, 0.0 ], [ 103.466191471526074, 16.125347679587854, 0.0 ], [ 103.466221327602668, 16.125349534334461, 0.0 ], [ 103.466251183469538, 16.125351392243257, 0.0 ], [ 103.466281039196687, 16.125353252258797, 0.0 ], [ 103.466310894854388, 16.125355113325632, 0.0 ], [ 103.486783104182408, 16.126630392889698, 0.0 ], [ 103.486820424568151, 16.12663271557491, 0.0 ], [ 103.486857745083469, 16.126635036329674, 0.0 ], [ 103.486895065856103, 16.12663735322997, 0.0 ], [ 103.486932387013198, 16.126639664351742, 0.0 ], [ 103.486969708680931, 16.126641967770894, 0.0 ], [ 103.487007030984202, 16.126644261563207, 0.0 ], [ 103.487044354046304, 16.126646543804416, 0.0 ], [ 103.487081677988655, 16.126648812570096, 0.0 ], [ 103.487119002930399, 16.126651065935722, 0.0 ], [ 103.487156328988149, 16.126653301976607, 0.0 ], [ 103.487193656275679, 16.126655518767876, 0.0 ], [ 103.487230984903519, 16.126657714384489, 0.0 ], [ 103.487268314978735, 16.126659886901209, 0.0 ], [ 103.48730564660454, 16.126662034392574, 0.0 ], [ 103.48734297988004, 16.126664154932893, 0.0 ], [ 103.487380314899852, 16.126666246596244, 0.0 ], [ 103.487417651753802, 16.126668307456452, 0.0 ], [ 103.487454990526643, 16.126670335587075, 0.0 ], [ 103.487492331297702, 16.12667232906141, 0.0 ], [ 103.487529674140546, 16.126674285952465, 0.0 ], [ 103.487567019122707, 16.126676204332981, 0.0 ], [ 103.487604366305334, 16.12667808227539, 0.0 ], [ 103.487641715742896, 16.126679917851867, 0.0 ], [ 103.487679067482787, 16.126681709134264, 0.0 ], [ 103.487716421565139, 16.126683454194165, 0.0 ], [ 103.48866891556662, 16.126711676756717, 0.0 ], [ 103.489621852095155, 16.12670860232268, 0.0 ], [ 103.490574130723061, 16.126674234404078, 0.0 ], [ 103.491524651780622, 16.126608612649751, 0.0 ], [ 103.492472317627559, 16.126511812799684, 0.0 ], [ 103.493416033922117, 16.126383946597592, 0.0 ], [ 103.494354710886284, 16.126225161661957, 0.0 ], [ 103.49528726456586, 16.126035641315461, 0.0 ], [ 103.49621261808359, 16.125815604373233, 0.0 ], [ 103.497129702884294, 16.12556530489006, 0.0 ], [ 103.498037459970163, 16.12528503186676, 0.0 ], [ 103.498934841124978, 16.124975108916278, 0.0 ], [ 103.499820810126025, 16.124635893889685, 0.0 ], [ 103.49985533104504, 16.124621990521092, 0.0 ], [ 103.499889833520982, 16.124608044445338, 0.0 ], [ 103.49992431826908, 16.124594057463089, 0.0 ], [ 103.499958786011319, 16.1245800313723, 0.0 ], [ 103.499993237476218, 16.124565967968412, 0.0 ], [ 103.500027673398478, 16.124551869044343, 0.0 ], [ 103.500062094518725, 16.124537736390653, 0.0 ], [ 103.500096501583116, 16.124523571795695, 0.0 ], [ 103.500130895343176, 16.124509377045612, 0.0 ], [ 103.500165276555435, 16.124495153924563, 0.0 ], [ 103.500199645981041, 16.124480904214764, 0.0 ], [ 103.500234004385661, 16.124466629696627, 0.0 ], [ 103.500268352538995, 16.124452332148888, 0.0 ], [ 103.5003026912146, 16.124438013348694, 0.0 ], [ 103.500337021189566, 16.12442367507175, 0.0 ], [ 103.500371343244154, 16.124409319092404, 0.0 ], [ 103.500405658161611, 16.124394947183799, 0.0 ], [ 103.500439966727782, 16.124380561117974, 0.0 ], [ 103.500474269730915, 16.124366162665975, 0.0 ], [ 103.500508567961234, 16.124351753598017, 0.0 ], [ 103.500542862210779, 16.124337335683567, 0.0 ], [ 103.500577153273042, 16.124322910691454, 0.0 ], [ 103.500611441942681, 16.124308480390056, 0.0 ], [ 103.500645729015204, 16.124294046547352, 0.0 ], [ 103.500680015286761, 16.124279610931072, 0.0 ], [ 103.553672494185577, 16.101958139785957, 0.0 ], [ 103.553699917517932, 16.101946583871285, 0.0 ], [ 103.5537273412845, 16.10193502892238, 0.0 ], [ 103.553754765922292, 16.101923475908876, 0.0 ], [ 103.553782191868109, 16.101911925800458, 0.0 ], [ 103.553809619558436, 16.101900379566999, 0.0 ], [ 103.553837049429291, 16.101888838178521, 0.0 ], [ 103.553864481916179, 16.101877302605278, 0.0 ], [ 103.55389191745391, 16.101865773817821, 0.0 ], [ 103.553919356476527, 16.101854252787014, 0.0 ], [ 103.553946799417218, 16.101842740484074, 0.0 ], [ 103.553974246708165, 16.101831237880667, 0.0 ], [ 103.554001698780439, 16.101819745948898, 0.0 ], [ 103.554029156063919, 16.101808265661372, 0.0 ], [ 103.554056618987133, 16.101796797991259, 0.0 ], [ 103.554084087977202, 16.101785343912315, 0.0 ], [ 103.554111563459713, 16.101773904398943, 0.0 ], [ 103.554139045858548, 16.10176248042622, 0.0 ], [ 103.554166535595883, 16.101751072969968, 0.0 ], [ 103.554194033091989, 16.101739683006763, 0.0 ], [ 103.55422153876512, 16.101728311514005, 0.0 ], [ 103.554249053031469, 16.101716959469957, 0.0 ], [ 103.554276576305014, 16.101705627853775, 0.0 ], [ 103.554304108997414, 16.101694317645563, 0.0 ], [ 103.554331651517856, 16.1016830298264, 0.0 ], [ 103.554359204273013, 16.101671765378416, 0.0 ], [ 103.555403640497801, 16.101265623679058, 0.0 ], [ 103.556461907173514, 16.100894451873618, 0.0 ], [ 103.557532752059316, 16.100558689197189, 0.0 ], [ 103.558614908048227, 16.100258732986514, 0.0 ], [ 103.559707094664603, 16.09999493821023, 0.0 ], [ 103.560808019577209, 16.099767617049185, 0.0 ], [ 103.561916380126334, 16.099577038527361, 0.0 ], [ 103.563030864863109, 16.099423428193738, 0.0 ], [ 103.563060550304513, 16.099419852270962, 0.0 ], [ 103.563090238980408, 16.099416301534571, 0.0 ], [ 103.563119930734544, 16.099412774937523, 0.0 ], [ 103.56314962541343, 16.099409271432439, 0.0 ], [ 103.563179322866134, 16.099405789971609, 0.0 ], [ 103.563209022944278, 16.099402329507004, 0.0 ], [ 103.563238725501861, 16.099398888990326, 0.0 ], [ 103.563268430395112, 16.09939546737299, 0.0 ], [ 103.56329813748242, 16.099392063606171, 0.0 ], [ 103.563327846624233, 16.099388676640775, 0.0 ], [ 103.563357557682835, 16.099385305427518, 0.0 ], [ 103.563387270522355, 16.099381948916879, 0.0 ], [ 103.563416985008573, 16.099378606059165, 0.0 ], [ 103.563446701008786, 16.099375275804494, 0.0 ], [ 103.563476418391801, 16.099371957102832, 0.0 ], [ 103.563506137027645, 16.09936864890398, 0.0 ], [ 103.563535856787595, 16.099365350157612, 0.0 ], [ 103.563565577543969, 16.099362059813295, 0.0 ], [ 103.563595299170075, 16.099358776820473, 0.0 ], [ 103.563625021540005, 16.099355500128492, 0.0 ], [ 103.563654744528591, 16.09935222868663, 0.0 ], [ 103.563684468011289, 16.099348961444111, 0.0 ], [ 103.56371419186398, 16.099345697350085, 0.0 ], [ 103.563743915962945, 16.099342435353662, 0.0 ], [ 103.563773640184664, 16.099339174403951, 0.0 ], [ 103.611531612640292, 16.094094552510384, 0.0 ], [ 103.611561335901129, 16.094091285135743, 0.0 ], [ 103.611591059284905, 16.09408801880781, 0.0 ], [ 103.611620782915082, 16.094084754577505, 0.0 ], [ 103.611650506914884, 16.094081493495811, 0.0 ], [ 103.611680231407178, 16.094078236613708, 0.0 ], [ 103.611709956514318, 16.094074984982264, 0.0 ], [ 103.61173968235812, 16.094071739652577, 0.0 ], [ 103.611769409059647, 16.094068501675835, 0.0 ], [ 103.611799136739151, 16.094065272103354, 0.0 ], [ 103.611828865515903, 16.094062051986484, 0.0 ], [ 103.611858595508124, 16.094058842376757, 0.0 ], [ 103.611888326832826, 16.094055644325785, 0.0 ], [ 103.611918059605728, 16.094052458885336, 0.0 ], [ 103.611947793941098, 16.094049287107342, 0.0 ], [ 103.611977529951673, 16.094046130043878, 0.0 ], [ 103.61200726774851, 16.094042988747205, 0.0 ], [ 103.612037007440861, 16.094039864269767, 0.0 ], [ 103.61206674913609, 16.094036757664195, 0.0 ], [ 103.612096492939543, 16.094033669983336, 0.0 ], [ 103.612126238954374, 16.094030602280242, 0.0 ], [ 103.612155987281511, 16.094027555608204, 0.0 ], [ 103.612185738019477, 16.094024531020732, 0.0 ], [ 103.612215491264294, 16.094021529571588, 0.0 ], [ 103.612245247109342, 16.094018552314786, 0.0 ], [ 103.612275005645273, 16.094015600304594, 0.0 ], [ 103.613372713559912, 16.093925214251943, 0.0 ], [ 103.614472946474294, 16.093870601667387, 0.0 ], [ 103.615574457629663, 16.093851824483608, 0.0 ], [ 103.616675998817684, 16.093868904025122, 0.0 ], [ 103.617776321792718, 16.09392182098394, 0.0 ], [ 103.618874179684497, 16.094010515441177, 0.0 ], [ 103.619968328408916, 16.094134886934697, 0.0 ], [ 103.621057528075937, 16.094294794572544, 0.0 ], [ 103.622140544392735, 16.094490057192193, 0.0 ], [ 103.623216150060529, 16.094720453565397, 0.0 ], [ 103.624283126163562, 16.094985722648293, 0.0 ], [ 103.625340263548679, 16.095285563876644, 0.0 ], [ 103.626386364193877, 16.095619637505823, 0.0 ], [ 103.627420242564526, 16.095987564995109, 0.0 ], [ 103.628440726955219, 16.096388929435921, 0.0 ], [ 103.629446660816356, 16.096823276023521, 0.0 ], [ 103.6304369040636, 16.09729011257156, 0.0 ], [ 103.631410334368709, 16.097788910069038, 0.0 ], [ 103.632365848430467, 16.098319103278893, 0.0 ], [ 103.633302363224232, 16.098880091377683, 0.0 ], [ 103.63332751699717, 16.098895746948731, 0.0 ], [ 103.633352656551025, 16.09891142385511, 0.0 ], [ 103.633377782460272, 16.0989271211964, 0.0 ], [ 103.633402895301671, 16.09894283807364, 0.0 ], [ 103.633427995654259, 16.098958573589218, 0.0 ], [ 103.633453084099187, 16.098974326846843, 0.0 ], [ 103.633478161219614, 16.098990096951471, 0.0 ], [ 103.633503227600585, 16.099005883009266, 0.0 ], [ 103.633528283829023, 16.099021684127518, 0.0 ], [ 103.633553330493513, 16.099037499414575, 0.0 ], [ 103.633578368184303, 16.099053327979821, 0.0 ], [ 103.633603397493076, 16.099069168933561, 0.0 ], [ 103.633628419013007, 16.099085021387001, 0.0 ], [ 103.633653433338495, 16.09910088445217, 0.0 ], [ 103.633678441065229, 16.099116757241852, 0.0 ], [ 103.633703442789937, 16.099132638869541, 0.0 ], [ 103.633728439110385, 16.099148528449344, 0.0 ], [ 103.633753430625219, 16.099164425095967, 0.0 ], [ 103.633778417933911, 16.099180327924607, 0.0 ], [ 103.633803401636627, 16.099196236050922, 0.0 ], [ 103.633828382334116, 16.099212148590929, 0.0 ], [ 103.633853360627668, 16.099228064660995, 0.0 ], [ 103.633878337118944, 16.099243983377718, 0.0 ], [ 103.633903312409899, 16.099259903857892, 0.0 ], [ 103.633928287102691, 16.099275825218434, 0.0 ], [ 103.649816622986918, 16.109403702980142, 0.0 ], [ 103.64984160030491, 16.10941962265959, 0.0 ], [ 103.649866578229265, 16.109435541453337, 0.0 ], [ 103.649891557362096, 16.109451458478254, 0.0 ], [ 103.649916538305362, 16.109467372851103, 0.0 ], [ 103.649941521660679, 16.109483283688423, 0.0 ], [ 103.649966508029266, 16.109499190106529, 0.0 ], [ 103.6499914980119, 16.1095150912214, 0.0 ], [ 103.650016492208664, 16.109530986148627, 0.0 ], [ 103.650041491219014, 16.109546874003367, 0.0 ], [ 103.650066495641539, 16.109562753900249, 0.0 ], [ 103.650091506074006, 16.109578624953361, 0.0 ], [ 103.650116523113084, 16.109594486276137, 0.0 ], [ 103.650141547354409, 16.109610336981305, 0.0 ], [ 103.650166579392362, 16.109626176180818, 0.0 ], [ 103.650191619820063, 16.109642002985861, 0.0 ], [ 103.650216669229181, 16.109657816506665, 0.0 ], [ 103.650241728209906, 16.109673615852568, 0.0 ], [ 103.650266797350795, 16.109689400131856, 0.0 ], [ 103.650291877238686, 16.109705168451768, 0.0 ], [ 103.650316968458654, 16.109720919918399, 0.0 ], [ 103.650342071593769, 16.109736653636656, 0.0 ], [ 103.650367187225143, 16.109752368710193, 0.0 ], [ 103.650392315931768, 16.109768064241347, 0.0 ], [ 103.650417458290377, 16.109783739331082, 0.0 ], [ 103.650442614875359, 16.109799393078923, 0.0 ], [ 103.651351070324736, 16.1103440499115, 0.0 ], [ 103.652277449388578, 16.110859726705254, 0.0 ], [ 103.653220763185431, 16.11134587287814, 0.0 ], [ 103.654180004729241, 16.111801969370294, 0.0 ], [ 103.655154150005103, 16.112227529198996, 0.0 ], [ 103.656142159063492, 16.112622097979372, 0.0 ], [ 103.657142977131372, 16.112985254410283, 0.0 ], [ 103.658155535739482, 16.113316610724826, 0.0 ], [ 103.659178753864225, 16.113615813105042, 0.0 ], [ 103.660211539083079, 16.113882542060331, 0.0 ], [ 103.661252788742246, 16.114116512769176, 0.0 ], [ 103.662301391135443, 16.114317475383789, 0.0 ], [ 103.662330831896284, 16.114322622667526, 0.0 ], [ 103.662360277321227, 16.114327744965639, 0.0 ], [ 103.662389727194721, 16.114332843315314, 0.0 ], [ 103.662419181303932, 16.114337918754238, 0.0 ], [ 103.662448639438594, 16.114342972320571, 0.0 ], [ 103.66247810139096, 16.114348005052889, 0.0 ], [ 103.662507566955625, 16.114353017990208, 0.0 ], [ 103.662537035929432, 16.114358012171927, 0.0 ], [ 103.662566508111354, 16.114362988637808, 0.0 ], [ 103.662595983302353, 16.114367948427979, 0.0 ], [ 103.662625461305325, 16.11437289258286, 0.0 ], [ 103.662654941924899, 16.114377822143226, 0.0 ], [ 103.662684424967367, 16.114382738150063, 0.0 ], [ 103.662713910240598, 16.114387641644683, 0.0 ], [ 103.662743397553811, 16.114392533668603, 0.0 ], [ 103.662772886717605, 16.114397415263568, 0.0 ], [ 103.662802377543713, 16.114402287471517, 0.0 ], [ 103.662831869844922, 16.114407151334561, 0.0 ], [ 103.662861363435013, 16.114412007894977, 0.0 ], [ 103.662890858128549, 16.114416858195174, 0.0 ], [ 103.662920353740859, 16.114421703277685, 0.0 ], [ 103.662949850087799, 16.114426544185143, 0.0 ], [ 103.66297934698575, 16.114431381960244, 0.0 ], [ 103.663008844251422, 16.114436217645743, 0.0 ], [ 103.663038341701764, 16.114441052284455, 0.0 ], [ 103.680508581992939, 16.11730357461084, 0.0 ], [ 103.680538080479934, 16.117308406893105, 0.0 ], [ 103.680567578785826, 16.117313240214248, 0.0 ], [ 103.680597076727679, 16.117318075617074, 0.0 ], [ 103.680626574122286, 16.117322914144381, 0.0 ], [ 103.6806560707861, 16.1173277568389, 0.0 ], [ 103.680685566535104, 16.117332604743265, 0.0 ], [ 103.680715061184671, 16.117337458900042, 0.0 ], [ 103.680744554549506, 16.117342320351643, 0.0 ], [ 103.680774046443446, 16.117347190140393, 0.0 ], [ 103.680803536679392, 16.117352069308417, 0.0 ], [ 103.680833025069177, 16.117356958897695, 0.0 ], [ 103.680862511423499, 16.117361859949973, 0.0 ], [ 103.680891995551661, 16.117366773506809, 0.0 ], [ 103.680921477261663, 16.117371700609532, 0.0 ], [ 103.680950956359851, 16.117376642299167, 0.0 ], [ 103.680980432650998, 16.11738159961649, 0.0 ], [ 103.681009905938083, 16.117386573601969, 0.0 ], [ 103.681039376022184, 16.117391565295758, 0.0 ], [ 103.681068842702373, 16.117396575737647, 0.0 ], [ 103.68109830577562, 16.117401605967057, 0.0 ], [ 103.681127765036592, 16.117406657023025, 0.0 ], [ 103.681157220277683, 16.117411729944187, 0.0 ], [ 103.681186671288714, 16.117416825768707, 0.0 ], [ 103.681216117856977, 16.117421945534307, 0.0 ], [ 103.681245559767021, 16.117427090278213, 0.0 ], [ 103.68231729470439, 16.117632768275207, 0.0 ], [ 103.683381331724704, 16.117872914040877, 0.0 ], [ 103.684436485048849, 16.118147260000512, 0.0 ], [ 103.685481578781193, 16.118455500464862, 0.0 ], [ 103.686515448218373, 16.118797291970239, 0.0 ], [ 103.687536941145851, 16.11917225366053, 0.0 ], [ 103.688544919120574, 16.119579967710965, 0.0 ], [ 103.689538258738366, 16.120019979792971, 0.0 ], [ 103.690515852884801, 16.120491799579693, 0.0 ], [ 103.691476611967857, 16.120994901291613, 0.0 ], [ 103.692419465131422, 16.12152872428166, 0.0 ], [ 103.693343361447873, 16.122092673659107, 0.0 ], [ 103.694247271088614, 16.122686120951698, 0.0 ], [ 103.695130186471346, 16.123308404805112, 0.0 ], [ 103.695991123382584, 16.123958831719094, 0.0 ], [ 103.696014378359919, 16.123977029839086, 0.0 ], [ 103.696037616808653, 16.123995247680131, 0.0 ], [ 103.696060839400872, 16.124013484407261, 0.0 ], [ 103.696084046810782, 16.124031739187185, 0.0 ], [ 103.696107239714678, 16.124050011188185, 0.0 ], [ 103.69613041879083, 16.124068299580099, 0.0 ], [ 103.696153584719326, 16.124086603534209, 0.0 ], [ 103.696176738182075, 16.124104922223186, 0.0 ], [ 103.696199879862647, 16.124123254821029, 0.0 ], [ 103.696223010446204, 16.124141600502945, 0.0 ], [ 103.696246130619372, 16.124159958445361, 0.0 ], [ 103.696269241070183, 16.124178327825764, 0.0 ], [ 103.696292342487993, 16.124196707822698, 0.0 ], [ 103.696315435563349, 16.124215097615654, 0.0 ], [ 103.696338520987879, 16.124233496384996, 0.0 ], [ 103.696361599454306, 16.124251903311912, 0.0 ], [ 103.696384671656205, 16.124270317578311, 0.0 ], [ 103.69640773828803, 16.12428873836679, 0.0 ], [ 103.696430800044965, 16.124307164860507, 0.0 ], [ 103.696453857622814, 16.12432559624316, 0.0 ], [ 103.696476911717994, 16.124344031698882, 0.0 ], [ 103.696499963027335, 16.124362470412166, 0.0 ], [ 103.696523012248051, 16.124380911567822, 0.0 ], [ 103.696546060077651, 16.124399354350864, 0.0 ], [ 103.696569107213804, 16.12441779794645, 0.0 ], [ 103.730242479776848, 16.151359370183854, 0.0 ], [ 103.730265533010211, 16.151377810814314, 0.0 ], [ 103.730288585550127, 16.151396252257378, 0.0 ], [ 103.730311636698701, 16.15141469532783, 0.0 ], [ 103.730334685757839, 16.151433140840265, 0.0 ], [ 103.730357732029233, 16.151451589609067, 0.0 ], [ 103.730380774814151, 16.151470042448352, 0.0 ], [ 103.730403813413417, 16.15148850017183, 0.0 ], [ 103.730426847127291, 16.151506963592794, 0.0 ], [ 103.730449875255417, 16.151525433523997, 0.0 ], [ 103.730472897096647, 16.151543910777605, 0.0 ], [ 103.730495911949049, 16.151562396165122, 0.0 ], [ 103.730518919109755, 16.151580890497321, 0.0 ], [ 103.730541917874859, 16.151599394584128, 0.0 ], [ 103.730564907539403, 16.151617909234602, 0.0 ], [ 103.730587887397164, 16.151636435256826, 0.0 ], [ 103.730610856740682, 16.151654973457827, 0.0 ], [ 103.730633814861108, 16.151673524643542, 0.0 ], [ 103.730656761048095, 16.151692089618674, 0.0 ], [ 103.730679694589753, 16.151710669186706, 0.0 ], [ 103.730702614772582, 16.151729264149722, 0.0 ], [ 103.730725520881265, 16.15174787530842, 0.0 ], [ 103.730748412198693, 16.151766503461971, 0.0 ], [ 103.730771288005855, 16.151785149407985, 0.0 ], [ 103.730794147581676, 16.151803813942401, 0.0 ], [ 103.730816990203039, 16.151822497859449, 0.0 ], [ 103.731624499850255, 16.152505885027612, 0.0 ], [ 103.732408396910003, 16.153214492270752, 0.0 ], [ 103.733167838389974, 16.153947557828157, 0.0 ], [ 103.733902007560914, 16.154704293635099, 0.0 ], [ 103.734610114834965, 16.155483886169218, 0.0 ], [ 103.735291398615203, 16.156285497324259, 0.0 ], [ 103.735945126114999, 16.157108265310246, 0.0 ], [ 103.736570594146784, 16.157951305579203, 0.0 ], [ 103.737167129878912, 16.158813711775327, 0.0 ], [ 103.737734091560199, 16.159694556708661, 0.0 ], [ 103.73827086921105, 16.160592893351211, 0.0 ], [ 103.7387768852807, 16.161507755854409, 0.0 ], [ 103.739251595269465, 16.162438160586927, 0.0 ], [ 103.739264376403995, 16.162464312540557, 0.0 ], [ 103.739277133785933, 16.16249047532537, 0.0 ], [ 103.739289868395929, 16.162516648471161, 0.0 ], [ 103.739302581215725, 16.162542831510066, 0.0 ], [ 103.739315273228243, 16.162569023976602, 0.0 ], [ 103.739327945417514, 16.162595225407422, 0.0 ], [ 103.73934059876855, 16.162621435341311, 0.0 ], [ 103.739353234267369, 16.162647653319041, 0.0 ], [ 103.739365852900889, 16.162673878883261, 0.0 ], [ 103.739378455656919, 16.162700111578417, 0.0 ], [ 103.73939104352408, 16.162726350950646, 0.0 ], [ 103.739403617491732, 16.162752596547637, 0.0 ], [ 103.739416178549973, 16.162778847918567, 0.0 ], [ 103.739428727689557, 16.162805104613994, 0.0 ], [ 103.739441265901817, 16.162831366185696, 0.0 ], [ 103.739453794178687, 16.162857632186657, 0.0 ], [ 103.739466313512565, 16.162883902170883, 0.0 ], [ 103.739478824896324, 16.162910175693341, 0.0 ], [ 103.739491329323243, 16.16293645230984, 0.0 ], [ 103.739503827786933, 16.162962731576918, 0.0 ], [ 103.739516321281315, 16.16298901305176, 0.0 ], [ 103.739528810800593, 16.163015296292059, 0.0 ], [ 103.739541297339116, 16.163041580855953, 0.0 ], [ 103.739553781891431, 16.163067866301876, 0.0 ], [ 103.73956626545214, 16.163094152188471, 0.0 ], [ 103.743408441570153, 16.171184186338873, 0.0 ], [ 103.74342092575462, 16.171210472199046, 0.0 ], [ 103.743433408947439, 16.171236758499848, 0.0 ], [ 103.743445890153822, 16.171263045682405, 0.0 ], [ 103.743458368378867, 16.171289334187595, 0.0 ], [ 103.743470842627559, 16.171315624455982, 0.0 ], [ 103.74348331190464, 16.171341916927734, 0.0 ], [ 103.743495775214612, 16.17136821204247, 0.0 ], [ 103.743508231561691, 16.171394510239175, 0.0 ], [ 103.743520679949739, 16.1714208119561, 0.0 ], [ 103.743533119382207, 16.171447117630667, 0.0 ], [ 103.743545548862102, 16.171473427699329, 0.0 ], [ 103.743557967391936, 16.171499742597476, 0.0 ], [ 103.743570373973668, 16.171526062759359, 0.0 ], [ 103.743582767608686, 16.171552388617954, 0.0 ], [ 103.743595147297683, 16.171578720604849, 0.0 ], [ 103.743607512040725, 16.171605059150167, 0.0 ], [ 103.743619860837086, 16.17163140468244, 0.0 ], [ 103.743632192685254, 16.171657757628509, 0.0 ], [ 103.74364450658291, 16.171684118413399, 0.0 ], [ 103.743656801526839, 16.171710487460246, 0.0 ], [ 103.743669076512901, 16.171736865190173, 0.0 ], [ 103.743681330535964, 16.171763252022174, 0.0 ], [ 103.743693562589897, 16.171789648373011, 0.0 ], [ 103.743705771667464, 16.171816054657125, 0.0 ], [ 103.743717956760392, 16.171842471286499, 0.0 ], [ 103.744085954780644, 16.172672953221284, 0.0 ], [ 103.744429265794579, 16.173513251455237, 0.0 ], [ 103.744439845424822, 16.173540306464993, 0.0 ], [ 103.74445040048127, 16.173567370437823, 0.0 ], [ 103.744460931980328, 16.173594442980704, 0.0 ], [ 103.74447144093935, 16.173621523703073, 0.0 ], [ 103.744481928376658, 16.17364861221678, 0.0 ], [ 103.74449239531144, 16.173675708135928, 0.0 ], [ 103.744502842763794, 16.173702811076815, 0.0 ], [ 103.744513271754556, 16.173729920657774, 0.0 ], [ 103.744523683305388, 16.173757036499111, 0.0 ], [ 103.744534078438605, 16.173784158222976, 0.0 ], [ 103.744544458177259, 16.173811285453258, 0.0 ], [ 103.744554823545002, 16.173838417815471, 0.0 ], [ 103.744565175566038, 16.173865554936647, 0.0 ], [ 103.744575515265211, 16.173892696445254, 0.0 ], [ 103.744585843667764, 16.173919841971045, 0.0 ], [ 103.74459616179945, 16.173946991144973, 0.0 ], [ 103.744606470686435, 16.173974143599093, 0.0 ], [ 103.744616771355254, 16.174001298966424, 0.0 ], [ 103.74462706483277, 16.174028456880862, 0.0 ], [ 103.744637352146142, 16.174055616977068, 0.0 ], [ 103.74464763432276, 16.174082778890355, 0.0 ], [ 103.744657912390281, 16.174109942256578, 0.0 ], [ 103.744668187376433, 16.174137106712035, 0.0 ], [ 103.744678460309146, 16.174164271893339, 0.0 ], [ 103.744688732216389, 16.174191437437337, 0.0 ], [ 103.744939179505508, 16.174853791817586, 0.0 ], [ 103.744949451477893, 16.174880957352304, 0.0 ], [ 103.744959724480864, 16.1749081225236, 0.0 ], [ 103.74496999954242, 16.17493528696831, 0.0 ], [ 103.744980277690487, 16.174962450323061, 0.0 ], [ 103.744990559952811, 16.174989612224135, 0.0 ], [ 103.745000847357062, 16.175016772307384, 0.0 ], [ 103.745011140930615, 16.17504393020813, 0.0 ], [ 103.745021441700644, 16.175071085561015, 0.0 ], [ 103.745031750694039, 16.17509823799994, 0.0 ], [ 103.745042068937323, 16.175125387157934, 0.0 ], [ 103.745052397456689, 16.17515253266702, 0.0 ], [ 103.745062737277905, 16.175179674158162, 0.0 ], [ 103.745073089426256, 16.175206811261113, 0.0 ], [ 103.745083454926544, 16.175233943604329, 0.0 ], [ 103.745093834803015, 16.17526107081483, 0.0 ], [ 103.745104230079363, 16.175288192518142, 0.0 ], [ 103.745114641778642, 16.175315308338135, 0.0 ], [ 103.745125070923166, 16.17534241789696, 0.0 ], [ 103.745135518534653, 16.175369520814897, 0.0 ], [ 103.74514598563394, 16.175396616710302, 0.0 ], [ 103.745156473241153, 16.175423705199439, 0.0 ], [ 103.745166982375508, 16.175450785896434, 0.0 ], [ 103.745177514055356, 16.175477858413096, 0.0 ], [ 103.745188069298052, 16.175504922358868, 0.0 ], [ 103.745198649120042, 16.175531977340707, 0.0 ], [ 103.745541968091359, 16.176372272098067, 0.0 ], [ 103.745909979897505, 16.177202749573308, 0.0 ], [ 103.745922165565318, 16.177229166109083, 0.0 ], [ 103.745934375224437, 16.177255572298325, 0.0 ], [ 103.745946607866543, 16.177281968553029, 0.0 ], [ 103.7459588624844, 16.177308355287625, 0.0 ], [ 103.74597113807188, 16.177334732918879, 0.0 ], [ 103.74598343362382, 16.177361101865792, 0.0 ], [ 103.745995748136096, 16.177387462549486, 0.0 ], [ 103.746008080605435, 16.177413815393095, 0.0 ], [ 103.746020430029532, 16.177440160821668, 0.0 ], [ 103.746032795406862, 16.177466499262035, 0.0 ], [ 103.746045175736683, 16.177492831142732, 0.0 ], [ 103.746057570019033, 16.17751915689389, 0.0 ], [ 103.746069977254606, 16.177545476947106, 0.0 ], [ 103.746082396444763, 16.177571791735357, 0.0 ], [ 103.746094826591445, 16.177598101692887, 0.0 ], [ 103.746107266697123, 16.177624407255127, 0.0 ], [ 103.74611971576482, 16.177650708858522, 0.0 ], [ 103.746132172797942, 16.177677006940488, 0.0 ], [ 103.746144636800338, 16.177703301939289, 0.0 ], [ 103.746157106776181, 16.177729594293925, 0.0 ], [ 103.746169581729973, 16.177755884444029, 0.0 ], [ 103.746182060666428, 16.177782172829762, 0.0 ], [ 103.746194542590487, 16.177808459891697, 0.0 ], [ 103.746207026507221, 16.177834746070761, 0.0 ], [ 103.746219511421842, 16.177861031808025, 0.0 ], [ 103.748628139800445, 16.182931943556234, 0.0 ], [ 103.748640625647425, 16.182958229037091, 0.0 ], [ 103.748653112492249, 16.182984514076114, 0.0 ], [ 103.748665601329662, 16.183010798231901, 0.0 ], [ 103.748678093154268, 16.183037081062867, 0.0 ], [ 103.748690588960557, 16.183063362127097, 0.0 ], [ 103.748703089742762, 16.183089640982256, 0.0 ], [ 103.748715596494904, 16.183115917185482, 0.0 ], [ 103.74872811021072, 16.183142190293296, 0.0 ], [ 103.748740631883564, 16.183168459861442, 0.0 ], [ 103.748753162506389, 16.183194725444864, 0.0 ], [ 103.748765703071697, 16.183220986597522, 0.0 ], [ 103.748778254571505, 16.183247242872351, 0.0 ], [ 103.748790817997275, 16.183273493821115, 0.0 ], [ 103.748803394339831, 16.183299738994311, 0.0 ], [ 103.748815984589356, 16.183325977941074, 0.0 ], [ 103.748828589735353, 16.183352210209065, 0.0 ], [ 103.7488412107665, 16.183378435344363, 0.0 ], [ 103.748853848670706, 16.183404652891372, 0.0 ], [ 103.748866504435, 16.183430862392715, 0.0 ], [ 103.748879179045502, 16.183457063389113, 0.0 ], [ 103.748891873487338, 16.183483255419308, 0.0 ], [ 103.748904588744622, 16.183509438019911, 0.0 ], [ 103.748917325800377, 16.183535610725379, 0.0 ], [ 103.748930085636474, 16.183561773067829, 0.0 ], [ 103.74894286923363, 16.183587924576983, 0.0 ], [ 103.749382899929572, 16.184452711342491, 0.0 ], [ 103.749849988944348, 16.185304143946411, 0.0 ], [ 103.749864420573843, 16.185329482097835, 0.0 ], [ 103.749878875215799, 16.185354807998376, 0.0 ], [ 103.749893351901036, 16.185380122140138, 0.0 ], [ 103.749907849661753, 16.185405425017578, 0.0 ], [ 103.749922367531354, 16.185430717127389, 0.0 ], [ 103.749936904544526, 16.185455998968411, 0.0 ], [ 103.749951459737034, 16.185481271041503, 0.0 ], [ 103.749966032145792, 16.185506533849463, 0.0 ], [ 103.749980620808742, 16.185531787896934, 0.0 ], [ 103.749995224764831, 16.185557033690266, 0.0 ], [ 103.750009843053917, 16.185582271737442, 0.0 ], [ 103.750024474716724, 16.185607502547963, 0.0 ], [ 103.750039118794817, 16.185632726632743, 0.0 ], [ 103.750053774330524, 16.185657944504026, 0.0 ], [ 103.750068440366846, 16.185683156675278, 0.0 ], [ 103.750083115947461, 16.18570836366106, 0.0 ], [ 103.75009780011662, 16.185733565976946, 0.0 ], [ 103.750112491919097, 16.18575876413944, 0.0 ], [ 103.75012719040015, 16.185783958665844, 0.0 ], [ 103.750141894605434, 16.18580915007416, 0.0 ], [ 103.750156603580976, 16.185834338883019, 0.0 ], [ 103.750171316373084, 16.18585952561153, 0.0 ], [ 103.750186032028282, 16.185884710779234, 0.0 ], [ 103.750200749593333, 16.185909894905944, 0.0 ], [ 103.750215468115044, 16.185935078511708, 0.0 ], [ 103.750421488283749, 16.186287576286905, 0.0 ], [ 103.750436206859007, 16.186312759880444, 0.0 ], [ 103.750450924484738, 16.186337943993305, 0.0 ], [ 103.750465640207779, 16.186363129145516, 0.0 ], [ 103.750480353074835, 16.186388315856924, 0.0 ], [ 103.750495062132458, 16.186413504647049, 0.0 ], [ 103.750509766426958, 16.186438696035015, 0.0 ], [ 103.750524465004361, 16.186463890539446, 0.0 ], [ 103.750539156910293, 16.186489088678364, 0.0 ], [ 103.750553841190012, 16.186514290969065, 0.0 ], [ 103.750568516888279, 16.186539497928049, 0.0 ], [ 103.750583183049358, 16.186564710070911, 0.0 ], [ 103.750597838716885, 16.186589927912209, 0.0 ], [ 103.750612482933889, 16.186615151965423, 0.0 ], [ 103.750627114742684, 16.186640382742791, 0.0 ], [ 103.750641733184779, 16.186665620755246, 0.0 ], [ 103.75065633730091, 16.186690866512286, 0.0 ], [ 103.750670926130951, 16.186716120521911, 0.0 ], [ 103.750685498713793, 16.186741383290485, 0.0 ], [ 103.750700054087403, 16.186766655322643, 0.0 ], [ 103.750714591288627, 16.1867919371212, 0.0 ], [ 103.750729109353273, 16.186817229187032, 0.0 ], [ 103.750743607315968, 16.186842532018979, 0.0 ], [ 103.750758084210133, 16.186867846113753, 0.0 ], [ 103.750772539067924, 16.186893171965817, 0.0 ], [ 103.75078697092016, 16.186918510067294, 0.0 ], [ 103.75125407033299, 16.187769938591952, 0.0 ], [ 103.751694118598039, 16.18863471991811, 0.0 ], [ 103.751706902851367, 16.18866087129593, 0.0 ], [ 103.751719663349476, 16.188687033506138, 0.0 ], [ 103.751732401073056, 16.18871320607844, 0.0 ], [ 103.75174511700402, 16.18873938854496, 0.0 ], [ 103.751757812125376, 16.18876558044014, 0.0 ], [ 103.751770487421254, 16.188791781300591, 0.0 ], [ 103.751783143876779, 16.188817990665054, 0.0 ], [ 103.751795782478098, 16.188844208074251, 0.0 ], [ 103.751808404212227, 16.188870433070772, 0.0 ], [ 103.75182101006709, 16.188896665199032, 0.0 ], [ 103.751833601031393, 16.188922904005096, 0.0 ], [ 103.751846178094638, 16.18894914903662, 0.0 ], [ 103.751858742247038, 16.188975399842736, 0.0 ], [ 103.751871294479429, 16.189001655973914, 0.0 ], [ 103.751883835783303, 16.189027916981935, 0.0 ], [ 103.751896367150636, 16.189054182419696, 0.0 ], [ 103.751908889573997, 16.189080451841168, 0.0 ], [ 103.751921404046328, 16.189106724801274, 0.0 ], [ 103.751933911561068, 16.189133000855758, 0.0 ], [ 103.751946413111881, 16.189159279561117, 0.0 ], [ 103.751958909692874, 16.189185560474488, 0.0 ], [ 103.751971402298295, 16.189211843153515, 0.0 ], [ 103.751983891922649, 16.189238127156273, 0.0 ], [ 103.751996379560566, 16.189264412041158, 0.0 ], [ 103.752008866206793, 16.189290697366769, 0.0 ], [ 103.754467993089605, 16.194467288596677, 0.0 ], [ 103.754480480349812, 16.194493573810337, 0.0 ], [ 103.754492968607934, 16.19451985858213, 0.0 ], [ 103.754505458858745, 16.194546142470649, 0.0 ], [ 103.754517952096904, 16.194572425034266, 0.0 ], [ 103.754530449316917, 16.194598705831059, 0.0 ], [ 103.754542951513116, 16.194624984418653, 0.0 ], [ 103.754555459679551, 16.194651260354178, 0.0 ], [ 103.754567974810001, 16.194677533194103, 0.0 ], [ 103.754580497897862, 16.194703802494182, 0.0 ], [ 103.754593029936146, 16.194730067809321, 0.0 ], [ 103.754605571917423, 16.194756328693458, 0.0 ], [ 103.754618124833726, 16.194782584699492, 0.0 ], [ 103.754630689676574, 16.194808835379188, 0.0 ], [ 103.754643267436848, 16.194835080282992, 0.0 ], [ 103.754655859104787, 16.194861318960037, 0.0 ], [ 103.754668465669909, 16.194887550957944, 0.0 ], [ 103.754681088120961, 16.194913775822776, 0.0 ], [ 103.754693727445911, 16.194939993098917, 0.0 ], [ 103.754706384631817, 16.194966202328963, 0.0 ], [ 103.754719060664868, 16.194992403053611, 0.0 ], [ 103.754731756530219, 16.195018594811565, 0.0 ], [ 103.754744473212043, 16.195044777139451, 0.0 ], [ 103.754757211693388, 16.195070949571658, 0.0 ], [ 103.754769972956197, 16.195097111640305, 0.0 ], [ 103.754782757981218, 16.195123262875086, 0.0 ], [ 103.755267194324546, 16.196071645097678, 0.0 ], [ 103.755784173446287, 16.197003848462746, 0.0 ], [ 103.756333117847248, 16.197918830781688, 0.0 ], [ 103.75691341426689, 16.19881556910282, 0.0 ], [ 103.757524414367424, 16.199693060855719, 0.0 ], [ 103.758165435457087, 16.200550324972927, 0.0 ], [ 103.758835761252129, 16.201386402987609, 0.0 ], [ 103.759534642676371, 16.20220036010603, 0.0 ], [ 103.760261298697714, 16.202991286253585, 0.0 ], [ 103.761014917200384, 16.203758297093238, 0.0 ], [ 103.761794655892245, 16.2045005350152, 0.0 ], [ 103.762599643245935, 16.205217170096795, 0.0 ], [ 103.763428979472835, 16.20590740103134, 0.0 ], [ 103.764281737528876, 16.206570456025073, 0.0 ], [ 103.765156964150933, 16.207205593661108, 0.0 ], [ 103.765181204013558, 16.207222563058529, 0.0 ], [ 103.765205459286065, 16.207239511889846, 0.0 ], [ 103.765229729309027, 16.207256440999615, 0.0 ], [ 103.765254013425206, 16.207273351233972, 0.0 ], [ 103.765278310979539, 16.207290243440557, 0.0 ], [ 103.76530262131898, 16.207307118468446, 0.0 ], [ 103.765326943792459, 16.207323977168095, 0.0 ], [ 103.76535127775071, 16.207340820391217, 0.0 ], [ 103.765375622546259, 16.207357648990794, 0.0 ], [ 103.765399977533249, 16.207374463820923, 0.0 ], [ 103.765424342067419, 16.207391265736813, 0.0 ], [ 103.765448715505954, 16.20740805559468, 0.0 ], [ 103.765473097207405, 16.207424834251679, 0.0 ], [ 103.765497486531586, 16.207441602565861, 0.0 ], [ 103.765521882839508, 16.207458361396068, 0.0 ], [ 103.765546285493244, 16.207475111601891, 0.0 ], [ 103.765570693855835, 16.207491854043607, 0.0 ], [ 103.765595107291205, 16.207508589582076, 0.0 ], [ 103.765619525164098, 16.207525319078709, 0.0 ], [ 103.765643946839873, 16.207542043395399, 0.0 ], [ 103.765668371684541, 16.207558763394417, 0.0 ], [ 103.765692799064595, 16.207575479938392, 0.0 ], [ 103.765717228346887, 16.207592193890207, 0.0 ], [ 103.765741658898563, 16.207608906112949, 0.0 ], [ 103.765766090087027, 16.207625617469851, 0.0 ], [ 103.768509570412618, 16.209502146765445, 0.0 ] ] } },
{ "type": "Feature", "properties": { }, "geometry": { "type": "LineString", "coordinates": [ [ 103.284931736428078, 16.148236623640599, 0.0 ], [ 103.285417870186592, 16.148631903850781, 0.0 ], [ 103.285917617788641, 16.149010994379505, 0.0 ], [ 103.286430402383473, 16.149373457573077, 0.0 ], [ 103.286955632059247, 16.149718874970052, 0.0 ], [ 103.287492700526343, 16.150046847784626, 0.0 ], [ 103.288040987817539, 16.150356997367393, 0.0 ], [ 103.288599861003775, 16.150648965642841, 0.0 ], [ 103.289168674925207, 16.150922415523041, 0.0 ], [ 103.289746772936155, 16.15117703129717, 0.0 ], [ 103.290333487663631, 16.151412518996317, 0.0 ], [ 103.290928141778082, 16.151628606733155, 0.0 ], [ 103.291530048775812, 16.15182504501616, 0.0 ], [ 103.292138513772016, 16.152001607037938, 0.0 ], [ 103.292752834303471, 16.15215808893733, 0.0 ], [ 103.29337230114011, 16.152294310035053, 0.0 ], [ 103.293996199104313, 16.152410113042528, 0.0 ], [ 103.294623807897267, 16.152505364243684, 0.0 ], [ 103.295254402931135, 16.152579953649557, 0.0 ], [ 103.295887256166267, 16.152633795125475, 0.0 ], [ 103.296521636952363, 16.152666826490648, 0.0 ], [ 103.297156812872728, 16.152679009590109, 0.0 ], [ 103.297209171859237, 16.152679084089595, 0.0 ], [ 103.297261530866422, 16.152679022550487, 0.0 ], [ 103.297313889538344, 16.152678830640923, 0.0 ], [ 103.29736624756444, 16.152678514029791, 0.0 ], [ 103.297418604677489, 16.152678078386511, 0.0 ], [ 103.297470960651665, 16.152677529380899, 0.0 ], [ 103.297523315300552, 16.152676872682949, 0.0 ], [ 103.297575668475162, 16.152676113962727, 0.0 ], [ 103.297628020061993, 16.152675258890248, 0.0 ], [ 103.297680369981094, 16.152674313135321, 0.0 ], [ 103.297732718183951, 16.152673282367559, 0.0 ], [ 103.297785064651734, 16.152672172256228, 0.0 ], [ 103.297837409393068, 16.152670988470234, 0.0 ], [ 103.297889752442288, 16.152669736678085, 0.0 ], [ 103.297942093857372, 16.152668422547858, 0.0 ], [ 103.297994433717918, 16.152667051747208, 0.0 ], [ 103.2980467721233, 16.152665629943328, 0.0 ], [ 103.298099109190531, 16.152664162803038, 0.0 ], [ 103.298151445052497, 16.152662655992721, 0.0 ], [ 103.298203779855811, 16.152661115178411, 0.0 ], [ 103.29825611375891, 16.152659546025813, 0.0 ], [ 103.298308446930108, 16.152657954200354, 0.0 ], [ 103.298360779545604, 16.152656345367216, 0.0 ], [ 103.298413111787482, 16.152654725191404, 0.0 ], [ 103.298465443841806, 16.152653099337822, 0.0 ], [ 103.302354156224652, 16.15253217831426, 0.0 ], [ 103.302410226334345, 16.152530435716859, 0.0 ], [ 103.302466296732192, 16.15252870177526, 0.0 ], [ 103.30252236770157, 16.152526985160314, 0.0 ], [ 103.30257843951722, 16.152525294543064, 0.0 ], [ 103.302634512440974, 16.152523638595007, 0.0 ], [ 103.302690586717461, 16.15252202598808, 0.0 ], [ 103.302746662569788, 16.152520465394844, 0.0 ], [ 103.30280274019519, 16.152518965488547, 0.0 ], [ 103.302858819760829, 16.152517534943176, 0.0 ], [ 103.30291490139939, 16.152516182433494, 0.0 ], [ 103.30297098520478, 16.152514916635074, 0.0 ], [ 103.303027071227845, 16.152513746224255, 0.0 ], [ 103.303083159472067, 16.152512679878114, 0.0 ], [ 103.30313924988927, 16.152511726274373, 0.0 ], [ 103.30319534237519, 16.152510894091257, 0.0 ], [ 103.30325143676535, 16.152510192007355, 0.0 ], [ 103.303307532830601, 16.152509628701367, 0.0 ], [ 103.303363630272855, 16.152509212851875, 0.0 ], [ 103.303419728720797, 16.152508953136977, 0.0 ], [ 103.303475827725592, 16.152508858233951, 0.0 ], [ 103.30353192675652, 16.152508936818808, 0.0 ], [ 103.303588025196689, 16.152509197565792, 0.0 ], [ 103.303644122338781, 16.152509649146779, 0.0 ], [ 103.303700217380708, 16.152510300230702, 0.0 ], [ 103.303756309421331, 16.152511159482792, 0.0 ], [ 103.304243158748662, 16.152527723949017, 0.0 ], [ 103.304729119411206, 16.15256061901497, 0.0 ], [ 103.305213605204685, 16.152609805011348, 0.0 ], [ 103.305696031701984, 16.152675222617283, 0.0 ], [ 103.306175816957804, 16.152756792931758, 0.0 ], [ 103.306652382210203, 16.152854417568712, 0.0 ], [ 103.30712515257828, 16.152967978775582, 0.0 ], [ 103.307593557755496, 16.153097339575197, 0.0 ], [ 103.308057032697022, 16.153242343930906, 0.0 ], [ 103.308515018301193, 16.153402816934605, 0.0 ], [ 103.308966962083545, 16.153578565017597, 0.0 ], [ 103.309412318843073, 16.153769376183892, 0.0 ], [ 103.30985055131957, 16.153975020265779, 0.0 ], [ 103.310281130841503, 16.154195249201262, 0.0 ], [ 103.310330198606295, 16.154221532280829, 0.0 ], [ 103.310379161599414, 16.154247997263425, 0.0 ], [ 103.310428023509431, 16.154274636203283, 0.0 ], [ 103.310476788112766, 16.154301441199145, 0.0 ], [ 103.310525459269471, 16.154328404392864, 0.0 ], [ 103.310574040919249, 16.154355517967833, 0.0 ], [ 103.310622537077379, 16.154382774147432, 0.0 ], [ 103.310670951830758, 16.154410165193362, 0.0 ], [ 103.310719289334003, 16.154437683403991, 0.0 ], [ 103.310767553805391, 16.154465321112561, 0.0 ], [ 103.310815749523059, 16.154493070685426, 0.0 ], [ 103.310863880821103, 16.154520924520167, 0.0 ], [ 103.310911952085718, 16.154548875043741, 0.0 ], [ 103.310959967751373, 16.154576914710525, 0.0 ], [ 103.311007932297059, 16.154605036000373, 0.0 ], [ 103.311055850242411, 16.154633231416568, 0.0 ], [ 103.31110372614404, 16.154661493483864, 0.0 ], [ 103.311151564591725, 16.154689814746352, 0.0 ], [ 103.311199370204719, 16.1547181877654, 0.0 ], [ 103.311247147628023, 16.154746605117563, 0.0 ], [ 103.311294901528697, 16.154775059392417, 0.0 ], [ 103.311342636592116, 16.154803543190418, 0.0 ], [ 103.311390357518377, 16.154832049120778, 0.0 ], [ 103.311438069018536, 16.15486056979924, 0.0 ], [ 103.311485775810993, 16.154889097845931, 0.0 ], [ 103.314835880971188, 16.156892491785445, 0.0 ], [ 103.314883589242015, 16.156921018446109, 0.0 ], [ 103.314931304982139, 16.15694953344769, 0.0 ], [ 103.31497903563735, 16.156978025135093, 0.0 ], [ 103.31502678863518, 16.157006481842323, 0.0 ], [ 103.315074571375703, 16.157034891887047, 0.0 ], [ 103.315122391222346, 16.157063243565197, 0.0 ], [ 103.315170255492717, 16.157091525145617, 0.0 ], [ 103.315218171449359, 16.157119724864799, 0.0 ], [ 103.315266146290469, 16.157147830921652, 0.0 ], [ 103.315314187140501, 16.157175831472323, 0.0 ], [ 103.315362301040864, 16.157203714625194, 0.0 ], [ 103.315410494940437, 16.157231468435889, 0.0 ], [ 103.315458775686011, 16.157259080902463, 0.0 ], [ 103.315507150012763, 16.157286539960655, 0.0 ], [ 103.315555624534539, 16.157313833479357, 0.0 ], [ 103.31560420573409, 16.157340949256145, 0.0 ], [ 103.315652899953278, 16.157367875013048, 0.0 ], [ 103.315701713383064, 16.157394598392418, 0.0 ], [ 103.315750652053524, 16.15742110695307, 0.0 ], [ 103.315799721823637, 16.157447388166538, 0.0 ], [ 103.315848928371082, 16.157473429413589, 0.0 ], [ 103.315898277181873, 16.157499217980977, 0.0 ], [ 103.315947773539861, 16.157524741058381, 0.0 ], [ 103.315997422516048, 16.157549985735653, 0.0 ], [ 103.31604722895807, 16.157574939000277, 0.0 ], [ 103.316311343131105, 16.157700946175812, 0.0 ], [ 103.31657963511168, 16.157818420740679, 0.0 ], [ 103.316851809878571, 16.157927233509803, 0.0 ], [ 103.317127568139057, 16.158027264822746, 0.0 ], [ 103.317406606658153, 16.158118404675392, 0.0 ], [ 103.317688618592115, 16.158200552840981, 0.0 ], [ 103.317973293826014, 16.158273618980324, 0.0 ], [ 103.318260319314831, 16.15833752274127, 0.0 ], [ 103.318549379427779, 16.158392193847043, 0.0 ], [ 103.318840156295622, 16.158437572173625, 0.0 ], [ 103.318895705419237, 16.158445159375983, 0.0 ], [ 103.318951301132657, 16.158452420918334, 0.0 ], [ 103.319006939576823, 16.158459370118482, 0.0 ], [ 103.319062617136154, 16.158466020336089, 0.0 ], [ 103.319118330428324, 16.15847238496875, 0.0 ], [ 103.319174076293919, 16.158478477448302, 0.0 ], [ 103.319229851786176, 16.158484311237409, 0.0 ], [ 103.319285654160439, 16.158489899826442, 0.0 ], [ 103.319341480863827, 16.158495256730546, 0.0 ], [ 103.319397329524676, 16.158500395486993, 0.0 ], [ 103.319453197942053, 16.158505329652741, 0.0 ], [ 103.319509084075122, 16.158510072802148, 0.0 ], [ 103.319564986032674, 16.158514638524988, 0.0 ], [ 103.319620902062468, 16.158519040424533, 0.0 ], [ 103.319676830540573, 16.158523292115927, 0.0 ], [ 103.319732769960765, 16.158527407224568, 0.0 ], [ 103.31978871892386, 16.158531399384785, 0.0 ], [ 103.319844676127062, 16.158535282238514, 0.0 ], [ 103.319900640353239, 16.158539069434219, 0.0 ], [ 103.319956610460252, 16.158542774625808, 0.0 ], [ 103.320012585370264, 16.158546411471672, 0.0 ], [ 103.320068564059042, 16.158549993633876, 0.0 ], [ 103.320124545545212, 16.15855353477729, 0.0 ], [ 103.32018052887959, 16.158557048568852, 0.0 ], [ 103.320236513134418, 16.158560548676878, 0.0 ], [ 103.334258792759769, 16.159436176985341, 0.0 ], [ 103.334314778185671, 16.159439668880289, 0.0 ], [ 103.334370764525701, 16.159443147091213, 0.0 ], [ 103.334426752679803, 16.159446597947973, 0.0 ], [ 103.334482743526465, 16.159450007779107, 0.0 ], [ 103.334538737912027, 16.159453362911204, 0.0 ], [ 103.334594736639872, 16.159456649668329, 0.0 ], [ 103.334650740459793, 16.15945985437148, 0.0 ], [ 103.334706750057222, 16.159462963338132, 0.0 ], [ 103.334762766042488, 16.159465962881821, 0.0 ], [ 103.334818788940055, 16.159468839311877, 0.0 ], [ 103.334874819177827, 16.159471578933218, 0.0 ], [ 103.334930857076387, 16.159474168046266, 0.0 ], [ 103.334986902838168, 16.159476592947016, 0.0 ], [ 103.335042956536824, 16.159478839927225, 0.0 ], [ 103.335099018106362, 16.159480895274786, 0.0 ], [ 103.335155087330378, 16.15948274527425, 0.0 ], [ 103.335211163831374, 16.159484376207505, 0.0 ], [ 103.335267247059932, 16.159485774354749, 0.0 ], [ 103.335323336283906, 16.159486925995552, 0.0 ], [ 103.335379430577746, 16.15948781741022, 0.0 ], [ 103.335435528811757, 16.159488434881375, 0.0 ], [ 103.335491629641254, 16.159488764695773, 0.0 ], [ 103.335547731495907, 16.159488793146405, 0.0 ], [ 103.335603832569063, 16.159488506534856, 0.0 ], [ 103.335659930806983, 16.159487891173946, 0.0 ], [ 103.335963234089363, 16.15947864040178, 0.0 ], [ 103.336266033436672, 16.159459382108924, 0.0 ], [ 103.336567975423719, 16.159430138769181, 0.0 ], [ 103.336868707626039, 16.159390944510854, 0.0 ], [ 103.337167879031568, 16.159341845076856, 0.0 ], [ 103.337465140450306, 16.159282897771387, 0.0 ], [ 103.337760144922171, 16.159214171392954, 0.0 ], [ 103.338052548122121, 16.159135746154167, 0.0 ], [ 103.338342008762112, 16.159047713588009, 0.0 ], [ 103.338628188989674, 16.158950176441031, 0.0 ], [ 103.338910754782319, 16.158843248553371, 0.0 ], [ 103.339189376337615, 16.158727054725873, 0.0 ], [ 103.339463728458156, 16.15860173057435, 0.0 ], [ 103.339733490931351, 16.158467422371306, 0.0 ], [ 103.339998348903151, 16.158324286875125, 0.0 ], [ 103.340046752156908, 16.158296873933487, 0.0 ], [ 103.340094982539881, 16.158269177845845, 0.0 ], [ 103.340143045590423, 16.158241211364718, 0.0 ], [ 103.340190947064613, 16.158212987129275, 0.0 ], [ 103.340238692925723, 16.158184517668285, 0.0 ], [ 103.340286289333676, 16.158155815403475, 0.0 ], [ 103.340333742634769, 16.158126892653115, 0.0 ], [ 103.340381059351543, 16.158097761635705, 0.0 ], [ 103.340428246172721, 16.158068434474064, 0.0 ], [ 103.340475309943173, 16.158038923199523, 0.0 ], [ 103.340522257654271, 16.158009239756279, 0.0 ], [ 103.340569096433995, 16.157979396006034, 0.0 ], [ 103.340615833537456, 16.157949403732722, 0.0 ], [ 103.340662476337315, 16.157919274647433, 0.0 ], [ 103.340709032314422, 16.157889020393455, 0.0 ], [ 103.340755509048449, 16.15785865255145, 0.0 ], [ 103.34080191420864, 16.157828182644796, 0.0 ], [ 103.340848255544685, 16.157797622144979, 0.0 ], [ 103.340894540877557, 16.157766982477117, 0.0 ], [ 103.34094077809047, 16.15773627502557, 0.0 ], [ 103.340986975119989, 16.157705511139632, 0.0 ], [ 103.341033139946916, 16.157674702139222, 0.0 ], [ 103.341079280587493, 16.157643859320768, 0.0 ], [ 103.341125405084526, 16.157612993962992, 0.0 ], [ 103.341171521498438, 16.157582117332815, 0.0 ], [ 103.343246821396065, 16.156192481586245, 0.0 ], [ 103.343292934977754, 16.15616160136603, 0.0 ], [ 103.343339043432721, 16.156130714004028, 0.0 ], [ 103.343385141644575, 16.156099812372201, 0.0 ], [ 103.343431224489777, 16.156068889347328, 0.0 ], [ 103.343477286834172, 16.156037937813259, 0.0 ], [ 103.343523323529482, 16.156006950663397, 0.0 ], [ 103.34356932940976, 16.155975920803066, 0.0 ], [ 103.343615299287848, 16.155944841151904, 0.0 ], [ 103.343661227951927, 16.155913704646334, 0.0 ], [ 103.343707110162029, 16.15588250424198, 0.0 ], [ 103.343752940646525, 16.155851232916156, 0.0 ], [ 103.343798714098696, 16.15581988367035, 0.0 ], [ 103.34384442517333, 16.155788449532754, 0.0 ], [ 103.34389006848329, 16.155756923560805, 0.0 ], [ 103.343935638596093, 16.155725298843791, 0.0 ], [ 103.343981130030599, 16.155693568505434, 0.0 ], [ 103.344026537253697, 16.155661725706576, 0.0 ], [ 103.344071854676969, 16.155629763647877, 0.0 ], [ 103.344117076653404, 16.155597675572523, 0.0 ], [ 103.344162197474262, 16.155565454769039, 0.0 ], [ 103.344207211365756, 16.1555330945741, 0.0 ], [ 103.34425211248606, 16.155500588375432, 0.0 ], [ 103.344296894922053, 16.155467929614698, 0.0 ], [ 103.344341552686302, 16.155435111790553, 0.0 ], [ 103.344386079714184, 16.155402128461628, 0.0 ], [ 103.344768774073515, 16.155107067264627, 0.0 ], [ 103.345140579554311, 16.154799276802667, 0.0 ], [ 103.345182470296621, 16.154763211615624, 0.0 ], [ 103.345224217424857, 16.154726991213938, 0.0 ], [ 103.345265826344615, 16.154690622565685, 0.0 ], [ 103.345307302536952, 16.154654112576836, 0.0 ], [ 103.345348651554801, 16.154617468093562, 0.0 ], [ 103.345389879019294, 16.154580695904563, 0.0 ], [ 103.345430990616265, 16.154543802743461, 0.0 ], [ 103.345471992092669, 16.15450679529124, 0.0 ], [ 103.345512889253214, 16.154469680178781, 0.0 ], [ 103.345553687956752, 16.154432463989348, 0.0 ], [ 103.345594394113036, 16.154395153261216, 0.0 ], [ 103.345635013679285, 16.15435775449026, 0.0 ], [ 103.345675552656928, 16.154320274132651, 0.0 ], [ 103.345716017088193, 16.154282718607536, 0.0 ], [ 103.345756413052968, 16.154245094299739, 0.0 ], [ 103.345796746665485, 16.154207407562559, 0.0 ], [ 103.345837024071145, 16.154169664720524, 0.0 ], [ 103.345877251443341, 16.154131872072227, 0.0 ], [ 103.345917434980251, 16.154094035893106, 0.0 ], [ 103.345957580901782, 16.154056162438344, 0.0 ], [ 103.345997695446343, 16.154018257945694, 0.0 ], [ 103.346037784867775, 16.153980328638415, 0.0 ], [ 103.34607785543227, 16.153942380728065, 0.0 ], [ 103.34611791341527, 16.153904420417522, 0.0 ], [ 103.346157965098328, 16.153866453903792, 0.0 ], [ 103.347095008639116, 16.152978140585041, 0.0 ], [ 103.347121709049048, 16.152952828970349, 0.0 ], [ 103.347148410848902, 16.152927518727967, 0.0 ], [ 103.347175115435164, 16.152902211234466, 0.0 ], [ 103.34720182420385, 16.152876907866847, 0.0 ], [ 103.347228538550283, 16.152851610002749, 0.0 ], [ 103.34725525986893, 16.152826319020686, 0.0 ], [ 103.347281989553053, 16.152801036300236, 0.0 ], [ 103.347308728994591, 16.15277576322228, 0.0 ], [ 103.347335479583847, 16.152750501169209, 0.0 ], [ 103.347362242709309, 16.152725251525126, 0.0 ], [ 103.347389019757429, 16.152700015676082, 0.0 ], [ 103.347415812112345, 16.15267479501027, 0.0 ], [ 103.347442621155665, 16.152649590918241, 0.0 ], [ 103.347469448266324, 16.152624404793126, 0.0 ], [ 103.347496294820147, 16.152599238030842, 0.0 ], [ 103.347523162189859, 16.15257409203031, 0.0 ], [ 103.347550051744648, 16.152548968193635, 0.0 ], [ 103.347576964850077, 16.152523867926362, 0.0 ], [ 103.34760390286776, 16.152498792637637, 0.0 ], [ 103.347630867155161, 16.152473743740444, 0.0 ], [ 103.347657859065322, 16.152448722651815, 0.0 ], [ 103.347684879946684, 16.152423730793004, 0.0 ], [ 103.347711931142797, 16.152398769589713, 0.0 ], [ 103.347739013992097, 16.152373840472297, 0.0 ], [ 103.347766129827647, 16.152348944875946, 0.0 ], [ 103.348471556564846, 16.151723877488539, 0.0 ], [ 103.349198630622027, 16.151122429323415, 0.0 ], [ 103.349946505754886, 16.150545300295768, 0.0 ], [ 103.350714311535313, 16.149993162017452, 0.0 ], [ 103.350744707876274, 16.149972101751853, 0.0 ], [ 103.350775132077501, 16.149951079102699, 0.0 ], [ 103.35080558293113, 16.149930092534728, 0.0 ], [ 103.350836059235249, 16.149909140508509, 0.0 ], [ 103.350866559793573, 16.149888221480659, 0.0 ], [ 103.35089708341529, 16.149867333903952, 0.0 ], [ 103.350927628914789, 16.149846476227605, 0.0 ], [ 103.350958195111332, 16.149825646897391, 0.0 ], [ 103.350988780828899, 16.149804844355867, 0.0 ], [ 103.351019384895864, 16.149784067042543, 0.0 ], [ 103.35105000614476, 16.149763313394082, 0.0 ], [ 103.351080643412061, 16.149742581844464, 0.0 ], [ 103.351111295537834, 16.149721870825186, 0.0 ], [ 103.351141961365613, 16.149701178765433, 0.0 ], [ 103.351172639742018, 16.14968050409227, 0.0 ], [ 103.351203329516522, 16.149659845230808, 0.0 ], [ 103.35123402954126, 16.149639200604387, 0.0 ], [ 103.351264738670693, 16.149618568634772, 0.0 ], [ 103.351295455761374, 16.149597947742297, 0.0 ], [ 103.351326179671716, 16.149577336346081, 0.0 ], [ 103.351356909261696, 16.149556732864191, 0.0 ], [ 103.351387643392556, 16.149536135713788, 0.0 ], [ 103.35141838092666, 16.149515543311352, 0.0 ], [ 103.351449120727082, 16.149494954072832, 0.0 ], [ 103.351479861657467, 16.14947436641382, 0.0 ], [ 103.360985749567448, 16.143107812640867, 0.0 ], [ 103.361007267075763, 16.143093400443124, 0.0 ], [ 103.361028784915064, 16.143078988708766, 0.0 ], [ 103.361050303419333, 16.143064577903694, 0.0 ], [ 103.361071822922483, 16.143050168493836, 0.0 ], [ 103.361093343758299, 16.143035760945207, 0.0 ], [ 103.361114866260479, 16.143021355723871, 0.0 ], [ 103.361136390762525, 16.143006953296045, 0.0 ], [ 103.361157917597765, 16.142992554128043, 0.0 ], [ 103.361179447099303, 16.142978158686343, 0.0 ], [ 103.361200979599971, 16.142963767437603, 0.0 ], [ 103.361222515432303, 16.142949380848648, 0.0 ], [ 103.36124405492852, 16.142934999386565, 0.0 ], [ 103.361265598420502, 16.142920623518634, 0.0 ], [ 103.361287146239718, 16.142906253712418, 0.0 ], [ 103.361308698717224, 16.142891890435756, 0.0 ], [ 103.361330256183606, 16.142877534156785, 0.0 ], [ 103.36135181896897, 16.142863185343973, 0.0 ], [ 103.361373387402907, 16.14284884446613, 0.0 ], [ 103.361394961814483, 16.142834511992422, 0.0 ], [ 103.361416542532112, 16.142820188392417, 0.0 ], [ 103.361438129883666, 16.142805874136084, 0.0 ], [ 103.361459724196322, 16.142791569693813, 0.0 ], [ 103.361481325796561, 16.14277727553646, 0.0 ], [ 103.361502935010165, 16.142762992135342, 0.0 ], [ 103.361524552162194, 16.14274871996227, 0.0 ], [ 103.362811235616235, 16.141929432060444, 0.0 ], [ 103.364125144451251, 16.141151564352572, 0.0 ], [ 103.365464851944068, 16.14041596142636, 0.0 ], [ 103.366828903407651, 16.13972342197928, 0.0 ], [ 103.36821581776853, 16.139074697952694, 0.0 ], [ 103.369624089172518, 16.138470493716639, 0.0 ], [ 103.371052188617085, 16.1379114653062, 0.0 ], [ 103.372498565608751, 16.137398219710246, 0.0 ], [ 103.373961649843523, 16.136931314213328, 0.0 ], [ 103.375439852908741, 16.136511255791437, 0.0 ], [ 103.376931570004359, 16.1361385005623, 0.0 ], [ 103.378435181681908, 16.135813453290709, 0.0 ], [ 103.379949055599226, 16.13553646694961, 0.0 ], [ 103.381471548288999, 16.13530784233717, 0.0 ], [ 103.381497479954177, 16.135304377287671, 0.0 ], [ 103.381523413542226, 16.135300925710421, 0.0 ], [ 103.381549348966018, 16.135297487044877, 0.0 ], [ 103.381575286139238, 16.13529406073037, 0.0 ], [ 103.381601224976492, 16.135290646206119, 0.0 ], [ 103.381627165393184, 16.135287242911232, 0.0 ], [ 103.381653107305468, 16.135283850284718, 0.0 ], [ 103.381679050630282, 16.135280467765465, 0.0 ], [ 103.381704995285261, 16.135277094792293, 0.0 ], [ 103.381730941188692, 16.135273730803931, 0.0 ], [ 103.381756888259474, 16.135270375238999, 0.0 ], [ 103.381782836417116, 16.135267027536084, 0.0 ], [ 103.38180878558164, 16.135263687133659, 0.0 ], [ 103.381834735673635, 16.135260353470152, 0.0 ], [ 103.38186068661409, 16.135257025983936, 0.0 ], [ 103.381886638324488, 16.135253704113317, 0.0 ], [ 103.381912590726628, 16.135250387296551, 0.0 ], [ 103.381938543742734, 16.135247074971851, 0.0 ], [ 103.381964497295286, 16.1352437665774, 0.0 ], [ 103.38199045130709, 16.135240461551323, 0.0 ], [ 103.382016405701108, 16.135237159331734, 0.0 ], [ 103.382042360400604, 16.135233859356724, 0.0 ], [ 103.382068315328908, 16.13523056106435, 0.0 ], [ 103.38209427040951, 16.135227263892663, 0.0 ], [ 103.382120225565941, 16.135223967279696, 0.0 ], [ 103.456359621152856, 16.12578141189271, 0.0 ], [ 103.456389282382105, 16.12577763403041, 0.0 ], [ 103.456418943753519, 16.12577385721244, 0.0 ], [ 103.456448605409889, 16.125770082487382, 0.0 ], [ 103.45647826749375, 16.125766310903831, 0.0 ], [ 103.456507930147325, 16.125762543510433, 0.0 ], [ 103.456537593512309, 16.125758781355895, 0.0 ], [ 103.456567257729859, 16.125755025489017, 0.0 ], [ 103.456596922940349, 16.125751276958653, 0.0 ], [ 103.456626589283388, 16.125747536813794, 0.0 ], [ 103.456656256897602, 16.125743806103536, 0.0 ], [ 103.456685925920539, 16.125740085877101, 0.0 ], [ 103.456715596488579, 16.125736377183891, 0.0 ], [ 103.456745268736782, 16.125732681073416, 0.0 ], [ 103.456774942798759, 16.125728998595424, 0.0 ], [ 103.456804618806586, 16.125725330799803, 0.0 ], [ 103.456834296890705, 16.125721678736678, 0.0 ], [ 103.456863977179751, 16.125718043456359, 0.0 ], [ 103.456893659800443, 16.125714426009413, 0.0 ], [ 103.456923344877453, 16.125710827446621, 0.0 ], [ 103.456953032533349, 16.125707248819037, 0.0 ], [ 103.456982722888441, 16.125703691177971, 0.0 ], [ 103.457012416060635, 16.125700155575007, 0.0 ], [ 103.457042112165297, 16.12569664306201, 0.0 ], [ 103.457071811315245, 16.125693154691152, 0.0 ], [ 103.457101513620529, 16.125689691514911, 0.0 ], [ 103.457959584521973, 16.125601099639827, 0.0 ], [ 103.458819773518456, 16.125534406985924, 0.0 ], [ 103.458849625186076, 16.125532488083707, 0.0 ], [ 103.458879478584507, 16.125530594504909, 0.0 ], [ 103.458909333620028, 16.125528725195569, 0.0 ], [ 103.45893919020169, 16.125526879101553, 0.0 ], [ 103.458969048241215, 16.125525055168545, 0.0 ], [ 103.458998907652784, 16.125523252342052, 0.0 ], [ 103.459028768353022, 16.125521469567428, 0.0 ], [ 103.459058630260785, 16.125519705789902, 0.0 ], [ 103.459088493297116, 16.125517959954522, 0.0 ], [ 103.459118357385094, 16.125516231006252, 0.0 ], [ 103.459148222449684, 16.125514517889929, 0.0 ], [ 103.459178088417701, 16.125512819550245, 0.0 ], [ 103.459207955217565, 16.125511134931848, 0.0 ], [ 103.459237822779301, 16.125509462979252, 0.0 ], [ 103.459267691034384, 16.125507802636921, 0.0 ], [ 103.459297559915555, 16.125506152849212, 0.0 ], [ 103.459327429356804, 16.125504512560436, 0.0 ], [ 103.45935729929316, 16.12550288071483, 0.0 ], [ 103.45938716966063, 16.125501256256587, 0.0 ], [ 103.459417040396076, 16.125499638129856, 0.0 ], [ 103.459446911437027, 16.125498025278734, 0.0 ], [ 103.45947678272168, 16.125496416647287, 0.0 ], [ 103.45950665418863, 16.125494811179578, 0.0 ], [ 103.459536525776912, 16.125493207819616, 0.0 ], [ 103.459566397425732, 16.125491605511424, 0.0 ], [ 103.461644105251537, 16.125380159651883, 0.0 ], [ 103.461673976914014, 16.125378557397532, 0.0 ], [ 103.461703848636986, 16.125376956194948, 0.0 ], [ 103.46173372048095, 16.12537535710014, 0.0 ], [ 103.461763592506131, 16.125373761169129, 0.0 ], [ 103.461793464772398, 16.125372169457933, 0.0 ], [ 103.461823337339183, 16.125370583022629, 0.0 ], [ 103.461853210265247, 16.125369002919307, 0.0 ], [ 103.461883083608711, 16.125367430204093, 0.0 ], [ 103.46191295742679, 16.125365865933151, 0.0 ], [ 103.461942831775801, 16.125364311162731, 0.0 ], [ 103.461972706710924, 16.125362766949088, 0.0 ], [ 103.462002582286175, 16.125361234348571, 0.0 ], [ 103.462032458554248, 16.125359714417595, 0.0 ], [ 103.462062335566415, 16.125358208212628, 0.0 ], [ 103.462092213372344, 16.125356716790215, 0.0 ], [ 103.462122092020067, 16.125355241207, 0.0 ], [ 103.462151971555812, 16.125353782519696, 0.0 ], [ 103.462181852023875, 16.125352341785113, 0.0 ], [ 103.462211733466518, 16.125350920060139, 0.0 ], [ 103.46224161592383, 16.12534951840178, 0.0 ], [ 103.462271499433669, 16.125348137867125, 0.0 ], [ 103.462301384031463, 16.12534677951335, 0.0 ], [ 103.462331269750109, 16.125345444397755, 0.0 ], [ 103.462361156619878, 16.125344133577759, 0.0 ], [ 103.462391044668308, 16.125342848110837, 0.0 ], [ 103.463448704557891, 16.125314369553781, 0.0 ], [ 103.464506764494928, 16.125318954284381, 0.0 ], [ 103.465564118766437, 16.125356597556941, 0.0 ], [ 103.465593993734885, 16.12535814198872, 0.0 ], [ 103.465623867290432, 16.125359711762464, 0.0 ], [ 103.465653739470341, 16.125361305820952, 0.0 ], [ 103.465683610314727, 16.125362923107083, 0.0 ], [ 103.465713479866281, 16.125364562563906, 0.0 ], [ 103.465743348170264, 16.125366223134574, 0.0 ], [ 103.465773215274297, 16.125367903762356, 0.0 ], [ 103.465803081228287, 16.12536960339067, 0.0 ], [ 103.465832946084305, 16.125371320963005, 0.0 ], [ 103.46586280989645, 16.125373055422994, 0.0 ], [ 103.465892672720727, 16.125374805714362, 0.0 ], [ 103.465922534614961, 16.125376570780929, 0.0 ], [ 103.465952395638681, 16.125378349566617, 0.0 ], [ 103.465982255852865, 16.12538014101543, 0.0 ], [ 103.466012115320083, 16.125381944071474, 0.0 ], [ 103.466041974104058, 16.125383757678904, 0.0 ], [ 103.466071832269861, 16.125385580781966, 0.0 ], [ 103.46610168988353, 16.125387412324972, 0.0 ], [ 103.466131547012139, 16.125389251252276, 0.0 ], [ 103.466161403723532, 16.125391096508292, 0.0 ], [ 103.466191260086319, 16.125392947037476, 0.0 ], [ 103.466221116169677, 16.125394801784338, 0.0 ], [ 103.466250972043312, 16.12539665969339, 0.0 ], [ 103.466280827777211, 16.125398519709179, 0.0 ], [ 103.466310683441677, 16.125400380776266, 0.0 ], [ 103.486791393920115, 16.126676189375065, 0.0 ], [ 103.48682871431464, 16.126678512059108, 0.0 ], [ 103.486866034838755, 16.126680832812703, 0.0 ], [ 103.486903355620171, 16.12668314971183, 0.0 ], [ 103.486940676786048, 16.126685460832441, 0.0 ], [ 103.486977998462564, 16.126687764250413, 0.0 ], [ 103.487015320774617, 16.126690058041564, 0.0 ], [ 103.487052643845516, 16.1266923402816, 0.0 ], [ 103.487089967796649, 16.126694609046119, 0.0 ], [ 103.487127292747189, 16.126696862410579, 0.0 ], [ 103.487164618813722, 16.126699098450288, 0.0 ], [ 103.487201946110034, 16.1267013152404, 0.0 ], [ 103.487239274746671, 16.12670351085584, 0.0 ], [ 103.487276604830654, 16.126705683371391, 0.0 ], [ 103.487313936465256, 16.126707830861587, 0.0 ], [ 103.487351269749539, 16.126709951400741, 0.0 ], [ 103.487388604778118, 16.126712043062927, 0.0 ], [ 103.487425941640865, 16.126714103921959, 0.0 ], [ 103.487463280422489, 16.126716132051421, 0.0 ], [ 103.487500621202329, 16.126718125524576, 0.0 ], [ 103.487537964053956, 16.126720082414469, 0.0 ], [ 103.4875753090449, 16.126722000793812, 0.0 ], [ 103.487612656236294, 16.12672387873506, 0.0 ], [ 103.487650005682625, 16.126725714310361, 0.0 ], [ 103.487687357431312, 16.126727505591592, 0.0 ], [ 103.487724711522432, 16.126729250650328, 0.0 ], [ 103.488677205724287, 16.126757473182778, 0.0 ], [ 103.489630142452256, 16.126754398720117, 0.0 ], [ 103.490582421278489, 16.126720030774436, 0.0 ], [ 103.49153294253307, 16.126654408994575, 0.0 ], [ 103.492480608575562, 16.126557609120557, 0.0 ], [ 103.493424325064012, 16.126429742896129, 0.0 ], [ 103.494363002220254, 16.126270957939781, 0.0 ], [ 103.4952955560899, 16.126081437574204, 0.0 ], [ 103.496220909795568, 16.125861400614557, 0.0 ], [ 103.49713799478188, 16.125611101115609, 0.0 ], [ 103.498045752050842, 16.125330828078205, 0.0 ], [ 103.498943133386106, 16.125020905115292, 0.0 ], [ 103.499829102564789, 16.124681690077932, 0.0 ], [ 103.499863623491549, 16.124667786708621, 0.0 ], [ 103.499898125975221, 16.124653840632138, 0.0 ], [ 103.499932610731037, 16.12463985364916, 0.0 ], [ 103.499967078480992, 16.124625827557661, 0.0 ], [ 103.500001529953622, 16.124611764153045, 0.0 ], [ 103.500035965883598, 16.124597665228251, 0.0 ], [ 103.500070387011547, 16.124583532573851, 0.0 ], [ 103.50010479408364, 16.124569367978161, 0.0 ], [ 103.500139187851417, 16.12455517322736, 0.0 ], [ 103.50017356907135, 16.124540950105594, 0.0 ], [ 103.500207938504673, 16.124526700395069, 0.0 ], [ 103.50024229691698, 16.124512425876219, 0.0 ], [ 103.500276645078017, 16.124498128327762, 0.0 ], [ 103.50031098376131, 16.124483809526851, 0.0 ], [ 103.500345313743949, 16.124469471249185, 0.0 ], [ 103.500379635806212, 16.124455115269122, 0.0 ], [ 103.500413950731343, 16.124440743359795, 0.0 ], [ 103.500448259305202, 16.124426357293249, 0.0 ], [ 103.500482562316009, 16.124411958840543, 0.0 ], [ 103.500516860554015, 16.124397549771867, 0.0 ], [ 103.500551154811234, 16.124383131856693, 0.0 ], [ 103.500585445881171, 16.124368706863862, 0.0 ], [ 103.50061973455847, 16.12435427656175, 0.0 ], [ 103.500654021638667, 16.124339842718317, 0.0 ], [ 103.500688307917898, 16.124325407101324, 0.0 ], [ 103.553684737296862, 16.10200227509819, 0.0 ], [ 103.553712160634916, 16.101990719182382, 0.0 ], [ 103.553739584407168, 16.10197916423234, 0.0 ], [ 103.553767009050659, 16.101967611217699, 0.0 ], [ 103.553794435002175, 16.101956061108154, 0.0 ], [ 103.5538218626982, 16.101944514873551, 0.0 ], [ 103.553849292574753, 16.101932973483937, 0.0 ], [ 103.553876725067326, 16.101921437909553, 0.0 ], [ 103.553904160610756, 16.101909909120963, 0.0 ], [ 103.553931599639071, 16.101898388089008, 0.0 ], [ 103.553959042585461, 16.101886875784945, 0.0 ], [ 103.553986489882121, 16.101875373180402, 0.0 ], [ 103.554013941960093, 16.101863881247493, 0.0 ], [ 103.554041399249272, 16.101852400958826, 0.0 ], [ 103.554068862178198, 16.101840933287576, 0.0 ], [ 103.55409633117398, 16.101829479207492, 0.0 ], [ 103.55412380666219, 16.101818039692979, 0.0 ], [ 103.554151289066752, 16.101806615719131, 0.0 ], [ 103.554178778809813, 16.101795208261731, 0.0 ], [ 103.554206276311618, 16.101783818297381, 0.0 ], [ 103.554233781990462, 16.101772446803487, 0.0 ], [ 103.554261296262553, 16.101761094758299, 0.0 ], [ 103.554288819541824, 16.10174976314098, 0.0 ], [ 103.554316352239951, 16.101738452931617, 0.0 ], [ 103.55434389476612, 16.101727165111321, 0.0 ], [ 103.554371447527004, 16.101715900662199, 0.0 ], [ 103.555415883982548, 16.101309758915001, 0.0 ], [ 103.55647415089399, 16.100938587061986, 0.0 ], [ 103.557544996020141, 16.100602824338356, 0.0 ], [ 103.558627152253763, 16.100302868080888, 0.0 ], [ 103.559719339118843, 16.100039073258294, 0.0 ], [ 103.560820264283876, 16.099811752051473, 0.0 ], [ 103.561928625088797, 16.099621173484476, 0.0 ], [ 103.563043110084379, 16.099467563106341, 0.0 ], [ 103.563072795532349, 16.099463987182432, 0.0 ], [ 103.563102484214824, 16.099460436444911, 0.0 ], [ 103.563132175975525, 16.099456909846744, 0.0 ], [ 103.563161870660963, 16.099453406340515, 0.0 ], [ 103.563191568120246, 16.099449924878549, 0.0 ], [ 103.563221268204984, 16.099446464412821, 0.0 ], [ 103.563250970769133, 16.099443023895009, 0.0 ], [ 103.563280675668963, 16.099439602276544, 0.0 ], [ 103.563310382762836, 16.099436198508588, 0.0 ], [ 103.563340091911215, 16.099432811542059, 0.0 ], [ 103.56336980297641, 16.099429440327668, 0.0 ], [ 103.56339951582251, 16.099426083815892, 0.0 ], [ 103.563429230315307, 16.099422740957056, 0.0 ], [ 103.563458946322115, 16.099419410701252, 0.0 ], [ 103.563488663711695, 16.099416091998453, 0.0 ], [ 103.563518382354133, 16.099412783798478, 0.0 ], [ 103.563548102120663, 16.099409485050977, 0.0 ], [ 103.56357782288363, 16.099406194705523, 0.0 ], [ 103.563607544516316, 16.099402911711564, 0.0 ], [ 103.56363726689284, 16.099399635018454, 0.0 ], [ 103.56366698988802, 16.099396363575458, 0.0 ], [ 103.563696713377297, 16.099393096331802, 0.0 ], [ 103.563726437236568, 16.099389832236646, 0.0 ], [ 103.563756161342127, 16.099386570239094, 0.0 ], [ 103.563785885570439, 16.099383309288253, 0.0 ], [ 103.61152003739376, 16.094141305381495, 0.0 ], [ 103.611549760661674, 16.094138038009081, 0.0 ], [ 103.611579484052541, 16.094134771683372, 0.0 ], [ 103.611609207689796, 16.094131507455302, 0.0 ], [ 103.611638931696689, 16.094128246375831, 0.0 ], [ 103.611668656196045, 16.09412498949596, 0.0 ], [ 103.611698381310276, 16.094121737866733, 0.0 ], [ 103.611728107161156, 16.094118492539273, 0.0 ], [ 103.61175783386976, 16.09411525456477, 0.0 ], [ 103.611787561556341, 16.094112024994498, 0.0 ], [ 103.611817290340184, 16.094108804879863, 0.0 ], [ 103.611847020339468, 16.094105595272357, 0.0 ], [ 103.611876751671261, 16.094102397223608, 0.0 ], [ 103.611906484451239, 16.094099211785391, 0.0 ], [ 103.611936218793673, 16.094096040009624, 0.0 ], [ 103.611965954811339, 16.094092882948384, 0.0 ], [ 103.611995692615238, 16.094089741653942, 0.0 ], [ 103.612025432314667, 16.094086617178725, 0.0 ], [ 103.612055174016973, 16.094083510575381, 0.0 ], [ 103.612084917827488, 16.094080422896742, 0.0 ], [ 103.612114663849397, 16.094077355195875, 0.0 ], [ 103.612144412183611, 16.094074308526064, 0.0 ], [ 103.612174162928653, 16.094071283940821, 0.0 ], [ 103.612203916180533, 16.094068282493907, 0.0 ], [ 103.61223367203263, 16.094065305239329, 0.0 ], [ 103.612263430575624, 16.094062353231354, 0.0 ], [ 103.613361138769449, 16.093971967259321, 0.0 ], [ 103.614461371960815, 16.093917354756542, 0.0 ], [ 103.615562883390638, 16.093898577655608, 0.0 ], [ 103.616664424850214, 16.093915657280952, 0.0 ], [ 103.617764748093592, 16.093968574324467, 0.0 ], [ 103.618862606250104, 16.094057268867203, 0.0 ], [ 103.619956755235307, 16.094181640446887, 0.0 ], [ 103.621045955158849, 16.094341548171485, 0.0 ], [ 103.622128971727577, 16.094536810878374, 0.0 ], [ 103.623204577642369, 16.094767207339181, 0.0 ], [ 103.624271553987128, 16.095032476509925, 0.0 ], [ 103.625328691608388, 16.095332317826301, 0.0 ], [ 103.626374792483873, 16.095666391543535, 0.0 ], [ 103.627408671078598, 16.096034319120815, 0.0 ], [ 103.628429155686874, 16.096435683649439, 0.0 ], [ 103.629435089758843, 16.096870030324538, 0.0 ], [ 103.630425333209871, 16.097336866959669, 0.0 ], [ 103.631398763711431, 16.097835664543698, 0.0 ], [ 103.632354277962065, 16.098365857839458, 0.0 ], [ 103.63329079293689, 16.098926846023389, 0.0 ], [ 103.633315946714163, 16.098942501596451, 0.0 ], [ 103.633341086272367, 16.098958178504837, 0.0 ], [ 103.633366212185933, 16.098973875848145, 0.0 ], [ 103.633391325031681, 16.098989592727392, 0.0 ], [ 103.633416425388589, 16.099005328244981, 0.0 ], [ 103.633441513837838, 16.09902108150461, 0.0 ], [ 103.63346659096257, 16.099036851611245, 0.0 ], [ 103.633491657347861, 16.099052637671043, 0.0 ], [ 103.633516713580605, 16.099068438791299, 0.0 ], [ 103.633541760249415, 16.099084254080363, 0.0 ], [ 103.633566797944496, 16.09910008264761, 0.0 ], [ 103.633591827257575, 16.099115923603353, 0.0 ], [ 103.633616848781799, 16.099131776058794, 0.0 ], [ 103.633641863111592, 16.099147639125963, 0.0 ], [ 103.633666870842617, 16.099163511917642, 0.0 ], [ 103.633691872571603, 16.099179393547328, 0.0 ], [ 103.633716868896343, 16.099195283129134, 0.0 ], [ 103.633741860415469, 16.099211179777758, 0.0 ], [ 103.633766847728452, 16.099227082608401, 0.0 ], [ 103.633791831435445, 16.099242990736709, 0.0 ], [ 103.633816812137226, 16.099258903278717, 0.0 ], [ 103.633841790435071, 16.099274819350775, 0.0 ], [ 103.633866766930609, 16.099290738069492, 0.0 ], [ 103.633891742225842, 16.099306658551658, 0.0 ], [ 103.633916716922926, 16.099322579914205, 0.0 ], [ 103.649799105043485, 16.109446666257274, 0.0 ], [ 103.649824082364788, 16.109462585939351, 0.0 ], [ 103.649849060292425, 16.109478504735716, 0.0 ], [ 103.649874039428568, 16.109494421763262, 0.0 ], [ 103.649899020375145, 16.10951033613873, 0.0 ], [ 103.649924003733759, 16.109526246978671, 0.0 ], [ 103.649948990105685, 16.109542153399403, 0.0 ], [ 103.64997398009163, 16.109558054516892, 0.0 ], [ 103.649998974291705, 16.109573949446744, 0.0 ], [ 103.650023973305352, 16.109589837304103, 0.0 ], [ 103.650048977731231, 16.109605717203621, 0.0 ], [ 103.650073988166994, 16.109621588259362, 0.0 ], [ 103.650099005209398, 16.10963744958476, 0.0 ], [ 103.650124029454048, 16.10965330029255, 0.0 ], [ 103.650149061495341, 16.109669139494702, 0.0 ], [ 103.650174101926382, 16.109684966302368, 0.0 ], [ 103.650199151338839, 16.109700779825811, 0.0 ], [ 103.650224210322889, 16.109716579174343, 0.0 ], [ 103.650249279467133, 16.109732363456263, 0.0 ], [ 103.650274359358377, 16.109748131778812, 0.0 ], [ 103.650299450581684, 16.109763883248075, 0.0 ], [ 103.650324553720154, 16.109779616968972, 0.0 ], [ 103.65034966935491, 16.109795332045149, 0.0 ], [ 103.650374798064888, 16.109811027578935, 0.0 ], [ 103.650399940426851, 16.109826702671317, 0.0 ], [ 103.65042509701523, 16.109842356421805, 0.0 ], [ 103.651333552604086, 16.110387013358793, 0.0 ], [ 103.652259931815209, 16.110902690258303, 0.0 ], [ 103.653203245766946, 16.111388836538147, 0.0 ], [ 103.654162487473045, 16.111844933138347, 0.0 ], [ 103.655136632918385, 16.112270493076039, 0.0 ], [ 103.65612464215323, 16.112665061966222, 0.0 ], [ 103.657125460404345, 16.113028218507619, 0.0 ], [ 103.658138019202198, 16.113359574933209, 0.0 ], [ 103.65916123752298, 16.113658777424892, 0.0 ], [ 103.660194022943898, 16.113925506491935, 0.0 ], [ 103.661235272810941, 16.114159477312683, 0.0 ], [ 103.662283875417529, 16.114360440039249, 0.0 ], [ 103.662313316183941, 16.114365587326041, 0.0 ], [ 103.662342761614454, 16.114370709627195, 0.0 ], [ 103.662372211493519, 16.114375807979926, 0.0 ], [ 103.662401665608314, 16.114380883421898, 0.0 ], [ 103.662431123748547, 16.11438593699128, 0.0 ], [ 103.662460585706512, 16.114390969726657, 0.0 ], [ 103.662490051276762, 16.114395982667023, 0.0 ], [ 103.662519520256154, 16.114400976851794, 0.0 ], [ 103.662548992443661, 16.114405953320727, 0.0 ], [ 103.662578467640259, 16.114410913113947, 0.0 ], [ 103.662607945648816, 16.11441585727189, 0.0 ], [ 103.662637426273989, 16.114420786835296, 0.0 ], [ 103.66266690932207, 16.1144257028452, 0.0 ], [ 103.6626963946009, 16.114430606342871, 0.0 ], [ 103.662725881919727, 16.114435498369851, 0.0 ], [ 103.662755371089119, 16.114440379967874, 0.0 ], [ 103.662784861920827, 16.114445252178875, 0.0 ], [ 103.662814354227663, 16.114450116044971, 0.0 ], [ 103.662843847823353, 16.114454972608446, 0.0 ], [ 103.662873342522516, 16.114459822911698, 0.0 ], [ 103.66290283814044, 16.114464667997279, 0.0 ], [ 103.662932334492993, 16.114469508907785, 0.0 ], [ 103.662961831396544, 16.114474346685935, 0.0 ], [ 103.662991328667815, 16.114479182374495, 0.0 ], [ 103.663020826123784, 16.114484017016267, 0.0 ], [ 103.680488419172576, 16.117346106965336, 0.0 ], [ 103.680517917665028, 16.117350939251015, 0.0 ], [ 103.680547415976392, 16.117355772575554, 0.0 ], [ 103.680576913923716, 16.117360607981794, 0.0 ], [ 103.68060641132378, 16.117365446512508, 0.0 ], [ 103.68063590799305, 16.117370289210434, 0.0 ], [ 103.680665403747511, 16.117375137118209, 0.0 ], [ 103.68069489840255, 16.117379991278387, 0.0 ], [ 103.680724391772841, 16.117384852733402, 0.0 ], [ 103.680753883672224, 16.117389722525559, 0.0 ], [ 103.680783373913627, 16.117394601696997, 0.0 ], [ 103.680812862308869, 16.117399491289667, 0.0 ], [ 103.680842348668634, 16.117404392345357, 0.0 ], [ 103.680871832802268, 16.117409305905603, 0.0 ], [ 103.680901314517683, 16.117414233011722, 0.0 ], [ 103.680930793621329, 16.117419174704757, 0.0 ], [ 103.680960269917918, 16.117424132025487, 0.0 ], [ 103.680989743210446, 16.117429106014377, 0.0 ], [ 103.681019213299976, 16.117434097711566, 0.0 ], [ 103.681048679985622, 16.117439108156848, 0.0 ], [ 103.681078143064283, 16.117444138389668, 0.0 ], [ 103.681107602330698, 16.11744918944904, 0.0 ], [ 103.681137057577189, 16.117454262373606, 0.0 ], [ 103.681166508593648, 16.117459358201515, 0.0 ], [ 103.681195955167325, 16.117464477970515, 0.0 ], [ 103.681225397082798, 16.117469622717817, 0.0 ], [ 103.682297132199054, 16.117675300834982, 0.0 ], [ 103.683361169392612, 16.117915446718506, 0.0 ], [ 103.684416322884189, 16.11818979279354, 0.0 ], [ 103.685461416778011, 16.118498033370734, 0.0 ], [ 103.686495286370544, 16.118839824986271, 0.0 ], [ 103.687516779447165, 16.119214786783939, 0.0 ], [ 103.688524757564622, 16.119622500938846, 0.0 ], [ 103.689518097318654, 16.120062513122324, 0.0 ], [ 103.690495691594691, 16.120534333007424, 0.0 ], [ 103.691456450800629, 16.121037434814532, 0.0 ], [ 103.69239930408024, 16.121571257896491, 0.0 ], [ 103.693323200505802, 16.122135207362486, 0.0 ], [ 103.694227110248619, 16.122728654740193, 0.0 ], [ 103.695110025726308, 16.123350938675202, 0.0 ], [ 103.695970962725326, 16.124001365667194, 0.0 ], [ 103.695994217705305, 16.124019563789542, 0.0 ], [ 103.696017456156682, 16.124037781632936, 0.0 ], [ 103.69604067875153, 16.12405601836242, 0.0 ], [ 103.696063886164069, 16.124074273144689, 0.0 ], [ 103.696087079070594, 16.124092545148038, 0.0 ], [ 103.696110258149346, 16.124110833542293, 0.0 ], [ 103.696133424080472, 16.124129137498752, 0.0 ], [ 103.696156577545835, 16.124147456190077, 0.0 ], [ 103.696179719229008, 16.124165788790243, 0.0 ], [ 103.69620284981518, 16.1241841344745, 0.0 ], [ 103.696225969990934, 16.124202492419254, 0.0 ], [ 103.696249080444346, 16.124220861801994, 0.0 ], [ 103.696272181864742, 16.12423924180127, 0.0 ], [ 103.696295274942685, 16.124257631596564, 0.0 ], [ 103.696318360369816, 16.124276030368232, 0.0 ], [ 103.696341438838829, 16.124294437297479, 0.0 ], [ 103.696364511043313, 16.124312851566216, 0.0 ], [ 103.696387577677712, 16.124331272357015, 0.0 ], [ 103.696410639437218, 16.124349698853067, 0.0 ], [ 103.696433697017653, 16.12436813023805, 0.0 ], [ 103.696456751115392, 16.124386565696099, 0.0 ], [ 103.696479802427319, 16.124405004411717, 0.0 ], [ 103.696502851650607, 16.124423445569704, 0.0 ], [ 103.696525899482779, 16.124441888355069, 0.0 ], [ 103.696548946621505, 16.124460331952985, 0.0 ], [ 103.730204438205178, 16.151387601477836, 0.0 ], [ 103.730227491437759, 16.151406042112345, 0.0 ], [ 103.730250543976908, 16.15142448355946, 0.0 ], [ 103.7302735951247, 16.151442926633958, 0.0 ], [ 103.730296644183085, 16.151461372150436, 0.0 ], [ 103.730319690453697, 16.151479820923285, 0.0 ], [ 103.730342733237848, 16.151498273766617, 0.0 ], [ 103.730365771836347, 16.151516731494137, 0.0 ], [ 103.730388805549453, 16.151535194919148, 0.0 ], [ 103.730411833676783, 16.151553664854394, 0.0 ], [ 103.730434855517245, 16.151572142112048, 0.0 ], [ 103.730457870368866, 16.151590627503616, 0.0 ], [ 103.730480877528777, 16.151609121839847, 0.0 ], [ 103.730503876293113, 16.15162762593069, 0.0 ], [ 103.730526865956847, 16.151646140585207, 0.0 ], [ 103.730549845813812, 16.151664666611456, 0.0 ], [ 103.730572815156549, 16.151683204816493, 0.0 ], [ 103.730595773276164, 16.151701756006229, 0.0 ], [ 103.730618719462342, 16.151720320985394, 0.0 ], [ 103.730641653003204, 16.151738900557444, 0.0 ], [ 103.730664573185209, 16.151757495524489, 0.0 ], [ 103.730687479293053, 16.151776106687201, 0.0 ], [ 103.730710370609657, 16.151794734844771, 0.0 ], [ 103.730733246415994, 16.151813380794799, 0.0 ], [ 103.730756105990977, 16.151832045333226, 0.0 ], [ 103.730778948611515, 16.151850729254271, 0.0 ], [ 103.731586458276595, 16.152534116609406, 0.0 ], [ 103.732370355342937, 16.153242724037927, 0.0 ], [ 103.733129796818119, 16.153975789778819, 0.0 ], [ 103.733863965972773, 16.154732525767059, 0.0 ], [ 103.73457207321897, 16.15551211847999, 0.0 ], [ 103.735253356959689, 16.156313729811039, 0.0 ], [ 103.735907084408282, 16.15713649796994, 0.0 ], [ 103.736532552377099, 16.157979538408423, 0.0 ], [ 103.737129088034493, 16.158841944770366, 0.0 ], [ 103.737696049629264, 16.159722789865512, 0.0 ], [ 103.738232827181847, 16.160621126665582, 0.0 ], [ 103.738738843141462, 16.161535989321713, 0.0 ], [ 103.73921355300854, 16.162466394202266, 0.0 ], [ 103.739226334138678, 16.162492546158223, 0.0 ], [ 103.739239091516225, 16.162518708945374, 0.0 ], [ 103.739251826121787, 16.162544882093478, 0.0 ], [ 103.739264538937178, 16.16257106513471, 0.0 ], [ 103.739277230945277, 16.162597257603554, 0.0 ], [ 103.739289903130114, 16.162623459036691, 0.0 ], [ 103.73930255647673, 16.162649668972886, 0.0 ], [ 103.739315191971102, 16.162675886952915, 0.0 ], [ 103.739327810600187, 16.162702112519437, 0.0 ], [ 103.739340413351783, 16.162728345216891, 0.0 ], [ 103.739353001214496, 16.162754584591411, 0.0 ], [ 103.739365575177715, 16.162780830190687, 0.0 ], [ 103.739378136231508, 16.162807081563908, 0.0 ], [ 103.739390685366629, 16.16283333826161, 0.0 ], [ 103.739403223574442, 16.162859599835599, 0.0 ], [ 103.739415751846849, 16.162885865838838, 0.0 ], [ 103.739428271176266, 16.162912135825348, 0.0 ], [ 103.739440782555562, 16.16293840935008, 0.0 ], [ 103.739453286978019, 16.162964685968848, 0.0 ], [ 103.739465785437247, 16.162990965238198, 0.0 ], [ 103.739478278927166, 16.163017246715306, 0.0 ], [ 103.739490768441982, 16.163043529957882, 0.0 ], [ 103.739503254976029, 16.163069814524039, 0.0 ], [ 103.739515739523867, 16.163096099972229, 0.0 ], [ 103.739528223080129, 16.163122385861101, 0.0 ], [ 103.743365161307565, 16.17120139522541, 0.0 ], [ 103.743377645486248, 16.171227681088084, 0.0 ], [ 103.743390128673298, 16.171253967391404, 0.0 ], [ 103.743402609873925, 16.171280254576462, 0.0 ], [ 103.743415088093201, 16.171306543084153, 0.0 ], [ 103.743427562336123, 16.171332833355052, 0.0 ], [ 103.743440031607435, 16.171359125829305, 0.0 ], [ 103.743452494911637, 16.171385420946539, 0.0 ], [ 103.743464951252946, 16.171411719145748, 0.0 ], [ 103.743477399635211, 16.171438020865171, 0.0 ], [ 103.743489839061908, 16.171464326542235, 0.0 ], [ 103.743502268536034, 16.171490636613377, 0.0 ], [ 103.743514687060085, 16.171516951514025, 0.0 ], [ 103.743527093636033, 16.171543271678399, 0.0 ], [ 103.743539487265267, 16.171569597539474, 0.0 ], [ 103.743551866948494, 16.171595929528852, 0.0 ], [ 103.743564231685724, 16.17162226807665, 0.0 ], [ 103.743576580476301, 16.171648613611403, 0.0 ], [ 103.743588912318671, 16.171674966559927, 0.0 ], [ 103.743601226210544, 16.171701327347293, 0.0 ], [ 103.74361352114866, 16.171727696396601, 0.0 ], [ 103.74362579612891, 16.171754074128984, 0.0 ], [ 103.743638050146174, 16.171780460963433, 0.0 ], [ 103.743650282194281, 16.171806857316721, 0.0 ], [ 103.743662491266051, 16.171833263603276, 0.0 ], [ 103.743674676353137, 16.17185968023508, 0.0 ], [ 103.744042674015532, 16.172690161834655, 0.0 ], [ 103.744385984691633, 16.173530459718144, 0.0 ], [ 103.74439656431656, 16.173557514729659, 0.0 ], [ 103.744407119367679, 16.173584578704236, 0.0 ], [ 103.744417650861408, 16.173611651248869, 0.0 ], [ 103.744428159815115, 16.173638731972979, 0.0 ], [ 103.744438647247094, 16.17366582048842, 0.0 ], [ 103.744449114176547, 16.173692916409308, 0.0 ], [ 103.744459561623557, 16.173720019351919, 0.0 ], [ 103.744469990608991, 16.173747128934604, 0.0 ], [ 103.744480402154466, 16.173774244777668, 0.0 ], [ 103.744490797282339, 16.173801366503252, 0.0 ], [ 103.74450117701565, 16.173828493735247, 0.0 ], [ 103.744511542378021, 16.173855626099172, 0.0 ], [ 103.744521894393728, 16.173882763222064, 0.0 ], [ 103.744532234087544, 16.173909904732369, 0.0 ], [ 103.744542562484739, 16.17393705025987, 0.0 ], [ 103.744552880611067, 16.173964199435506, 0.0 ], [ 103.744563189492709, 16.173991351891321, 0.0 ], [ 103.744573490156156, 16.17401850726035, 0.0 ], [ 103.744583783628315, 16.174045665176486, 0.0 ], [ 103.74459407093633, 16.17407282527439, 0.0 ], [ 103.74460435310759, 16.174099987189368, 0.0 ], [ 103.744614631169739, 16.17412715055729, 0.0 ], [ 103.744624906150534, 16.174154315014437, 0.0 ], [ 103.744635179077875, 16.174181480197433, 0.0 ], [ 103.744645450979775, 16.174208645743121, 0.0 ], [ 103.744895897934981, 16.174870999627444, 0.0 ], [ 103.744906169901995, 16.174898165163857, 0.0 ], [ 103.744916442899608, 16.174925330336851, 0.0 ], [ 103.744926717955821, 16.174952494783255, 0.0 ], [ 103.744936996098502, 16.174979658139694, 0.0 ], [ 103.744947278355482, 16.175006820042466, 0.0 ], [ 103.744957565754348, 16.175033980127409, 0.0 ], [ 103.744967859322557, 16.175061138029854, 0.0 ], [ 103.744978160087214, 16.175088293384441, 0.0 ], [ 103.744988469075253, 16.175115445825067, 0.0 ], [ 103.744998787313179, 16.175142594984756, 0.0 ], [ 103.745009115827202, 16.175169740495551, 0.0 ], [ 103.74501945564306, 16.175196881988398, 0.0 ], [ 103.745029807786054, 16.175224019093054, 0.0 ], [ 103.745040173280984, 16.175251151437987, 0.0 ], [ 103.745050553152126, 16.175278278650211, 0.0 ], [ 103.745060948423131, 16.175305400355235, 0.0 ], [ 103.745071360117038, 16.175332516176951, 0.0 ], [ 103.745081789256247, 16.175359625737503, 0.0 ], [ 103.745092236862391, 16.175386728657177, 0.0 ], [ 103.745102703956348, 16.175413824554312, 0.0 ], [ 103.745113191558232, 16.17544091304519, 0.0 ], [ 103.745123700687259, 16.175467993743926, 0.0 ], [ 103.745134232361764, 16.175495066262336, 0.0 ], [ 103.745144787599159, 16.17552213020986, 0.0 ], [ 103.745155367415833, 16.175549185193461, 0.0 ], [ 103.745498686621644, 16.176389480944753, 0.0 ], [ 103.74586669872123, 16.177219959396513, 0.0 ], [ 103.745878884385746, 16.177246375933642, 0.0 ], [ 103.745891094041554, 16.177272782124248, 0.0 ], [ 103.745903326680363, 16.177299178380309, 0.0 ], [ 103.745915581294923, 16.177325565116266, 0.0 ], [ 103.745927856879092, 16.177351942748889, 0.0 ], [ 103.745940152427735, 16.177378311697176, 0.0 ], [ 103.745952466936714, 16.177404672382245, 0.0 ], [ 103.745964799402785, 16.177431025227229, 0.0 ], [ 103.745977148823584, 16.177457370657173, 0.0 ], [ 103.745989514197632, 16.177483709098919, 0.0 ], [ 103.74600189452417, 16.177510040981005, 0.0 ], [ 103.746014288803238, 16.177536366733545, 0.0 ], [ 103.746026696035543, 16.177562686788146, 0.0 ], [ 103.746039115222416, 16.17758900157779, 0.0 ], [ 103.746051545365816, 16.177615311536719, 0.0 ], [ 103.746063985468226, 16.177641617100345, 0.0 ], [ 103.746076434532654, 16.177667918705133, 0.0 ], [ 103.746088891562493, 16.177694216788495, 0.0 ], [ 103.74610135556162, 16.177720511788692, 0.0 ], [ 103.746113825534195, 16.177746804144732, 0.0 ], [ 103.746126300484718, 16.177773094296228, 0.0 ], [ 103.746138779417905, 16.177799382683361, 0.0 ], [ 103.746151261338696, 16.177825669746696, 0.0 ], [ 103.746163745252176, 16.177851955927153, 0.0 ], [ 103.746176230163499, 16.177878241665823, 0.0 ], [ 103.74858645615214, 16.182952518391094, 0.0 ], [ 103.748598941996235, 16.182978803873283, 0.0 ], [ 103.748611428838203, 16.183005088913628, 0.0 ], [ 103.748623917672745, 16.183031373070747, 0.0 ], [ 103.74863640949448, 16.183057655903042, 0.0 ], [ 103.748648905297884, 16.1830839369686, 0.0 ], [ 103.748661406077218, 16.183110215825089, 0.0 ], [ 103.748673912826519, 16.183136492029654, 0.0 ], [ 103.74868642653945, 16.1831627651388, 0.0 ], [ 103.748698948209423, 16.183189034708285, 0.0 ], [ 103.748711478829378, 16.183215300293035, 0.0 ], [ 103.74872401939183, 16.183241561447037, 0.0 ], [ 103.748736570888795, 16.183267817723202, 0.0 ], [ 103.748749134311694, 16.183294068673305, 0.0 ], [ 103.74876171065138, 16.183320313847844, 0.0 ], [ 103.748774300898063, 16.183346552795946, 0.0 ], [ 103.74878690604119, 16.183372785065284, 0.0 ], [ 103.748799527069494, 16.183399010201931, 0.0 ], [ 103.748812164970843, 16.183425227750302, 0.0 ], [ 103.74882482073231, 16.183451437253002, 0.0 ], [ 103.748837495339956, 16.183477638250746, 0.0 ], [ 103.748850189778963, 16.183503830282298, 0.0 ], [ 103.748862905033405, 16.183530012884273, 0.0 ], [ 103.748875642086318, 16.183556185591108, 0.0 ], [ 103.748888401919601, 16.183582347934919, 0.0 ], [ 103.74890118551393, 16.183608499445452, 0.0 ], [ 103.749341215641437, 16.184473285357264, 0.0 ], [ 103.749808304035795, 16.185324717140453, 0.0 ], [ 103.749822735661084, 16.185350055294389, 0.0 ], [ 103.749837190298791, 16.185375381197449, 0.0 ], [ 103.749851666979822, 16.185400695341734, 0.0 ], [ 103.749866164736304, 16.185425998221703, 0.0 ], [ 103.749880682601713, 16.185451290334044, 0.0 ], [ 103.74989521961065, 16.185476572177596, 0.0 ], [ 103.749909774798951, 16.185501844253224, 0.0 ], [ 103.749924347203503, 16.185527107063734, 0.0 ], [ 103.749938935862261, 16.185552361113754, 0.0 ], [ 103.749953539814143, 16.185577606909636, 0.0 ], [ 103.749968158099023, 16.185602844959355, 0.0 ], [ 103.749982789757638, 16.185628075772431, 0.0 ], [ 103.749997433831552, 16.185653299859773, 0.0 ], [ 103.750012089363054, 16.185678517733624, 0.0 ], [ 103.750026755395211, 16.185703729907434, 0.0 ], [ 103.750041430971635, 16.185728936895782, 0.0 ], [ 103.750056115136616, 16.185754139214236, 0.0 ], [ 103.750070806934914, 16.185779337379302, 0.0 ], [ 103.750085505411775, 16.185804531908275, 0.0 ], [ 103.750100209612896, 16.185829723319163, 0.0 ], [ 103.750114918584259, 16.185854912130587, 0.0 ], [ 103.750129631372175, 16.185880098861677, 0.0 ], [ 103.750144347023209, 16.185905284031946, 0.0 ], [ 103.750159064584082, 16.185930468161242, 0.0 ], [ 103.750173783101616, 16.185955651769579, 0.0 ], [ 103.750379803615999, 16.18630815027225, 0.0 ], [ 103.750394522187079, 16.186333333868369, 0.0 ], [ 103.750409239808647, 16.186358517983798, 0.0 ], [ 103.750423955527509, 16.186383703138596, 0.0 ], [ 103.750438668390387, 16.186408889852572, 0.0 ], [ 103.750453377443833, 16.186434078645267, 0.0 ], [ 103.750468081734169, 16.186459270035808, 0.0 ], [ 103.750482780307379, 16.186484464542815, 0.0 ], [ 103.750497472209133, 16.186509662684291, 0.0 ], [ 103.75051215648466, 16.18653486497756, 0.0 ], [ 103.75052683217875, 16.186560071939109, 0.0 ], [ 103.750541498335636, 16.186585284084533, 0.0 ], [ 103.750556153998986, 16.186610501928399, 0.0 ], [ 103.750570798211811, 16.186635725984168, 0.0 ], [ 103.750585430016386, 16.186660956764094, 0.0 ], [ 103.750600048454288, 16.186686194779096, 0.0 ], [ 103.750614652566227, 16.186711440538687, 0.0 ], [ 103.750629241392062, 16.186736694550859, 0.0 ], [ 103.750643813970697, 16.186761957321977, 0.0 ], [ 103.750658369340101, 16.186787229356682, 0.0 ], [ 103.750672906537105, 16.186812511157772, 0.0 ], [ 103.750687424597558, 16.18683780322613, 0.0 ], [ 103.750701922556019, 16.186863106060606, 0.0 ], [ 103.750716399445949, 16.186888420157906, 0.0 ], [ 103.750730854299519, 16.186913746012493, 0.0 ], [ 103.750745286147506, 16.186939084116485, 0.0 ], [ 103.751212385519878, 16.187790512917598, 0.0 ], [ 103.751652433726704, 16.188655294520405, 0.0 ], [ 103.751665217975088, 16.188681445900563, 0.0 ], [ 103.751677978468265, 16.188707608113095, 0.0 ], [ 103.751690716186914, 16.188733780687727, 0.0 ], [ 103.751703432112919, 16.188759963156574, 0.0 ], [ 103.751716127229329, 16.188786155054064, 0.0 ], [ 103.751728802520233, 16.188812355916838, 0.0 ], [ 103.751741458970812, 16.188838565283607, 0.0 ], [ 103.751754097567158, 16.188864782695102, 0.0 ], [ 103.751766719296327, 16.188891007693933, 0.0 ], [ 103.751779325146217, 16.188917239824491, 0.0 ], [ 103.75179191610556, 16.188943478632847, 0.0 ], [ 103.751804493163831, 16.188969723666659, 0.0 ], [ 103.751817057311257, 16.188995974475056, 0.0 ], [ 103.75182960953866, 16.189022230608526, 0.0 ], [ 103.751842150837547, 16.189048491618827, 0.0 ], [ 103.751854682199905, 16.189074757058869, 0.0 ], [ 103.751867204618279, 16.189101026482628, 0.0 ], [ 103.751879719085636, 16.189127299445005, 0.0 ], [ 103.751892226595373, 16.18915357550177, 0.0 ], [ 103.751904728141227, 16.189179854209396, 0.0 ], [ 103.751917224717218, 16.189206135125044, 0.0 ], [ 103.751929717317637, 16.189232417806334, 0.0 ], [ 103.751942206936988, 16.189258701811372, 0.0 ], [ 103.751954694569918, 16.189284986698524, 0.0 ], [ 103.751967181211157, 16.189311272026405, 0.0 ], [ 103.754430725350858, 16.194497164087711, 0.0 ], [ 103.754443212607157, 16.194523449303443, 0.0 ], [ 103.754455700861399, 16.194549734077313, 0.0 ], [ 103.754468191108316, 16.194576017967901, 0.0 ], [ 103.754480684342568, 16.194602300533592, 0.0 ], [ 103.754493181558701, 16.194628581332456, 0.0 ], [ 103.754505683751006, 16.194654859922128, 0.0 ], [ 103.754518191913547, 16.194681135859732, 0.0 ], [ 103.754530707040118, 16.194707408701735, 0.0 ], [ 103.754543230124085, 16.194733678003896, 0.0 ], [ 103.754555762158489, 16.194759943321106, 0.0 ], [ 103.754568304135873, 16.194786204207329, 0.0 ], [ 103.75458085704831, 16.194812460215459, 0.0 ], [ 103.754593421887279, 16.19483871089723, 0.0 ], [ 103.754605999643672, 16.194864955803126, 0.0 ], [ 103.754618591307747, 16.194891194482256, 0.0 ], [ 103.754631197868989, 16.19491742648227, 0.0 ], [ 103.75464382031619, 16.194943651349206, 0.0 ], [ 103.754656459637289, 16.194969868627449, 0.0 ], [ 103.754669116819343, 16.194996077859603, 0.0 ], [ 103.754681792848544, 16.195022278586354, 0.0 ], [ 103.75469448871003, 16.195048470346432, 0.0 ], [ 103.754707205388016, 16.195074652676428, 0.0 ], [ 103.754719943865524, 16.19510082511076, 0.0 ], [ 103.754732705124496, 16.195126987181538, 0.0 ], [ 103.754745490145709, 16.195153138418455, 0.0 ], [ 103.755229926382356, 16.196101520777386, 0.0 ], [ 103.755746905409126, 16.197033724283592, 0.0 ], [ 103.75629584972684, 16.197948706748207, 0.0 ], [ 103.756876146074987, 16.198845445219245, 0.0 ], [ 103.757487146115778, 16.199722937126023, 0.0 ], [ 103.758128167157466, 16.200580201400765, 0.0 ], [ 103.758798492916227, 16.201416279576364, 0.0 ], [ 103.759497374315899, 16.202230236858799, 0.0 ], [ 103.760224030324252, 16.203021163173183, 0.0 ], [ 103.760977648825474, 16.203788174182161, 0.0 ], [ 103.761757387527325, 16.204530412275691, 0.0 ], [ 103.762562374902345, 16.205247047530786, 0.0 ], [ 103.763391711161773, 16.205937278640477, 0.0 ], [ 103.764244469261399, 16.206600333810719, 0.0 ], [ 103.765119695937926, 16.20723547162433, 0.0 ], [ 103.765143935800793, 16.207252441025631, 0.0 ], [ 103.765168191073542, 16.20726938986083, 0.0 ], [ 103.765192461096717, 16.207286318974486, 0.0 ], [ 103.765216745213138, 16.207303229212734, 0.0 ], [ 103.765241042767727, 16.207320121423209, 0.0 ], [ 103.765265353107438, 16.207336996454998, 0.0 ], [ 103.765289675581172, 16.207353855158534, 0.0 ], [ 103.765314009539679, 16.207370698385557, 0.0 ], [ 103.765338354335498, 16.207387526989031, 0.0 ], [ 103.765362709322758, 16.207404341823068, 0.0 ], [ 103.765387073857212, 16.207421143742859, 0.0 ], [ 103.765411447296017, 16.207437933604631, 0.0 ], [ 103.765435828997752, 16.207454712265541, 0.0 ], [ 103.765460218322218, 16.207471480583628, 0.0 ], [ 103.765484614630438, 16.207488239417746, 0.0 ], [ 103.765509017284458, 16.207504989627481, 0.0 ], [ 103.765533425647334, 16.207521732073104, 0.0 ], [ 103.765557839083016, 16.207538467615485, 0.0 ], [ 103.765582256956193, 16.207555197116044, 0.0 ], [ 103.765606678632267, 16.207571921436642, 0.0 ], [ 103.765631103477247, 16.207588641439575, 0.0 ], [ 103.7656555308576, 16.207605357987468, 0.0 ], [ 103.765679960140176, 16.207622071943195, 0.0 ], [ 103.765704390692164, 16.207638784169863, 0.0 ], [ 103.765728821880927, 16.207655495530677, 0.0 ], [ 103.768482546304654, 16.209539032037032, 0.0 ] ] } }
]
}
